{
"drives":[
{"name":"小雅","server":"http://alist.xiaoya.pro"},
{"name":"七米蓝","server":"https://al.chirmyram.com"},
{"name":"梵天","server":"https://iemo.fun/"},
{"name":"触光","server":"https://pan.ichuguang.com"},
{"name":"云星","server":"http://alist.itvbox.cc"},
{"name":"星梦","server":"https://pan.bashroot.top"},
{"name":"一只鱼","server":"https://alist.youte.ml"},
{"name":"神族九帝","server":"https://alist.shenzjd.com"},
{"name":"sodaz","server":"https://alist.sodaz.xyz"},
{"name":"张三","server":"https://pan.ccaac.xyz"},
{"name":"xiaohan","server":"https://xiaohan17.cn"},
{"name":"pengcheng","server":"https://pan.pengcheng.team"}
]
}