﻿{
"class":[{"type_id":"","type_name":"番号"}],

"list":[

{"vod_name":"SSIS-465","vod_pic":"","vod_remarks":"美腿 星宮一花"},
{"vod_name":"DASS-092","vod_pic":"","vod_remarks":"黑丝 美谷朱里"},
{"vod_name":"ADN-396","vod_pic":"","vod_remarks":"女秘书 白峰三力"},
{"vod_name":"SSIS-469","vod_pic":"","vod_remarks":"巨一 小宵二人"},
{"vod_name":"JUL-953","vod_pic":"","vod_remarks":"NTR 木下凛久子"},
{"vod_name":"STARS-676","vod_pic":"","vod_remarks":"少妇 本庄鈴"},
{"vod_name":"IPX-867","vod_pic":"","vod_remarks":"女教师 "},
{"vod_name":"NNPJ-500","vod_pic":"","vod_remarks":"人妻 森沪 太"},
{"vod_name":"SAME-013","vod_pic":"","vod_remarks":"搜查官 白峰三少"},
{"vod_name":"MIAA-612","vod_pic":"","vod_remarks":"肥臂 田中权权"},
{"vod_name":"URE-088","vod_pic":"","vod_remarks":"漫改 三浦步美"},

{"vod_name":"ABP-984","vod_pic":"https://c0.jdbstatic.com/covers/w4/w421B.jpg","vod_remarks":"涼森れむ"},
{"vod_name":"IPX-580","vod_pic":"https://img2.minqingguancha.com:8099/z-t-img/IPX-580.jpg","vod_remarks":"楓カレン"},
{"vod_name":"IPX-811","vod_pic":"https://cdn.taobao-pdd.top/data/cover/221/224/4317/431700.jpg","vod_remarks":"楓カレン"},
{"vod_name":"IPX-177","vod_pic":"https://c0.jdbstatic.com/covers/0e/0ez7k.jpg","vod_remarks":"相沢みなみ"},
{"vod_name":"CAWD-365","vod_pic":"https://c0.jdbstatic.com/covers/kw/kWp00.jpg","vod_remarks":"伊藤舞雪"},
{"vod_name":"IPX-726","vod_pic":"","vod_remarks":"桃乃木か"},
{"vod_name":"SSIS-622","vod_pic":"https://cdn.taobao-pdd.top/data/cover/265/269/4757/475704.jpg","vod_remarks":"人妻秘書調教 星宮一花 "},
{"vod_name":"IPX-867","vod_pic":"https://cdn.taobao-pdd.top/data/cover/221/224/4298/429892.jpg","vod_remarks":"美人痴女教師 楓"},
{"vod_name":"ABP-159","vod_pic":"","vod_remarks":"天然成分 桃谷汁"},
{"vod_name":"IPX-534","vod_pic":"https://cdn.taobao-pdd.top/data/cover/213/215/2970/297029.jpg","vod_remarks":"変態上司 楓 "},
{"vod_name":"IPX-536","vod_pic":"https://cdn.taobao-pdd.top/data/cover/282/292/1049/104993.jpg","vod_remarks":"禁欲絶頂 桃乃木"},
{"vod_name":"CAWD-243","vod_pic":"https://cdn.taobao-pdd.top/data/cover/221/224/4354/435473.jpg","vod_remarks":"初彼女中出 伊藤舞雪"},
{"vod_name":"IPX-697","vod_pic":"https://cdn.taobao-pdd.top/data/cover/221/224/4343/434350.jpg","vod_remarks":"禁欲絶頂 相沢 "},
{"vod_name":"ABP-968","vod_pic":"https://cdn.taobao-pdd.top/data/cover/213/215/4550/455087.jpg","vod_remarks":"涼森  美少女"},
{"vod_name":"SHKD-744","vod_pic":"","vod_remarks":"営業課長湿 里美"},
{"vod_name":"IPX-118","vod_pic":"","vod_remarks":"見習失禁 相沢"},
{"vod_name":"ABW-324","vod_pic":"","vod_remarks":"美少女覚醒 涼森"},
{"vod_name":"MIDE-020","vod_pic":"","vod_remarks":"女教師 大橋未久"},
{"vod_name":"ABW-096","vod_pic":"","vod_remarks":"絶頂極上性交 涼森"},
{"vod_name":"IPX-149","vod_pic":"https://cdn.taobao-pdd.top/data/cover/299/311/44/4412.jpg","vod_remarks":"初凌辱純潔 桜空"},
{"vod_name":"ABW-087","vod_pic":"","vod_remarks":"NTR寝取 涼森"},
{"vod_name":"IPX-776","vod_pic":"https://cdn.taobao-pdd.top/data/cover/221/224/4326/432645.jpg","vod_remarks":"肉便器監禁 楓"},
{"vod_name":"ABW-108","vod_pic":"https://cdn.taobao-pdd.top/data/cover/221/224/4334/433461.jpg","vod_remarks":"働痴女系姉 涼森"},
{"vod_name":"IPX-620","vod_pic":"","vod_remarks":"姉淫乱騎乗位 相沢"},
{"vod_name":"IPX-743","vod_pic":"","vod_remarks":"禁欲絶頂汁交 桜空"},
{"vod_name":"IPX-515","vod_pic":"https://cdn.taobao-pdd.top/data/cover/282/290/741/74166.jpg","vod_remarks":"女子社員絶倫 楓 "},
{"vod_name":"SSIS-082","vod_pic":"https://cdn.taobao-pdd.top/data/cover/221/224/4341/434153.jpg","vod_remarks":"完全合意 三宮 "},
{"vod_name":"STARS-734","vod_pic":"","vod_remarks":"脅迫上司調教 神木麗"},
{"vod_name":"MEYD-605","vod_pic":"https://cdn.taobao-pdd.top/data/cover/282/292/1054/105481.jpg","vod_remarks":"叔母"},
{"vod_name":"IPX-643","vod_pic":"","vod_remarks":"肉便器監禁 桃乃木"},
{"vod_name":"SSIS-338","vod_pic":"https://cdn.taobao-pdd.top/data/cover/221/224/1306/130698.jpg","vod_remarks":"愛人理想 三上悠亜 "},
{"vod_name":"IPX-247","vod_pic":"","vod_remarks":"女教師誘惑授業 岬"},
{"vod_name":"ABP-933","vod_pic":"https://cdn.taobao-pdd.top/data/cover/251/260/298/29864.jpg","vod_remarks":"天然成分 涼森"},
{"vod_name":"ABW-339","vod_pic":"","vod_remarks":"胸糞NTR 涼森"},
{"vod_name":"IPX-484","vod_pic":"https://cdn.taobao-pdd.top/data/cover/282/292/205/20514.jpg","vod_remarks":"彼女美脚誘惑 楓 "},
{"vod_name":"FSDSS-272","vod_pic":"https://cdn.taobao-pdd.top/data/cover/221/224/4347/434743.jpg","vod_remarks":"巨乳上司 小野夕子"},
{"vod_name":"SSNI-520","vod_pic":"https://cdn.taobao-pdd.top/data/cover/282/290/3356/335646.jpg","vod_remarks":"絶対領域 橋本"},
{"vod_name":"MIDV-229","vod_pic":"https://cdn.taobao-pdd.top/data/cover/213/215/4495/449509.jpg","vod_remarks":"教師誘惑 石川澪"},
{"vod_name":"IPX-850","vod_pic":"https://cdn.taobao-pdd.top/data/cover/221/224/4304/430489.jpg","vod_remarks":"出張絶倫性交 楓"},

{"vod_name":"IPX-216","vod_pic":"","vod_remarks":"見習失禁 桃乃木"},
{"vod_name":"SSIS-469","vod_pic":"https://cdn.taobao-pdd.top/data/cover/265/268/4507/450737.jpg","vod_remarks":"好姉嫉妬誘惑 小宵"},
{"vod_name":"ABW-032","vod_pic":"","vod_remarks":"F乳美少女 涼森"},
{"vod_name":"MIAA-548","vod_pic":"https://cdn.taobao-pdd.top/data/cover/221/224/4326/432658.jpg","vod_remarks":"誘惑女上司 篠田"},
{"vod_name":"SSIS-531","vod_pic":"https://cdn.taobao-pdd.top/data/cover/221/224/4384/438486.jpg","vod_remarks":"初絶頂 河北彩花 "},
{"vod_name":"PRED-262","vod_pic":"https://cdn.taobao-pdd.top/data/cover/282/292/1047/104736.jpg","vod_remarks":"尻痴女 山岸逢花 "},
{"vod_name":"SSNI-865","vod_pic":"https://cdn.taobao-pdd.top/data/cover/282/292/1089/108979.jpg","vod_remarks":"巨乳OL 三上悠亜 "},
{"vod_name":"ABW-244","vod_pic":"https://cdn.taobao-pdd.top/data/cover/265/269/4589/458971.jpg","vod_remarks":"12P乱交 涼森"},
{"vod_name":"STARS-766","vod_pic":"https://cdn.taobao-pdd.top/data/cover/213/215/4494/449437.jpg","vod_remarks":"中出解禁 神木麗"},
{"vod_name":"SSNI-618","vod_pic":"https://cdn.taobao-pdd.top/data/cover/205/208/2686/268657.jpg","vod_remarks":"制服 三上悠亜"},
{"vod_name":"STARS-435","vod_pic":"https://cdn.taobao-pdd.top/data/cover/221/224/4345/434595.jpg","vod_remarks":"騎乗位 青空"},
{"vod_name":"SSNI-369","vod_pic":"https://cdn.taobao-pdd.top/data/cover/205/208/3501/350106.jpg","vod_remarks":"看護 橋本"},
{"vod_name":"MEYD-698","vod_pic":"https://cdn.taobao-pdd.top/data/cover/221/224/4343/434392.jpg","vod_remarks":"危険日中出 伊藤舞雪"},
{"vod_name":"IPX-416","vod_pic":"https://cdn.taobao-pdd.top/data/cover/282/290/3177/317775.jpg","vod_remarks":"NTR上司 桃乃木"},
{"vod_name":"IPX-868","vod_pic":"https://cdn.taobao-pdd.top/data/cover/221/224/4298/429895.jpg","vod_remarks":"巨乳発情OL 桜空"},
{"vod_name":"JUL-179","vod_pic":"https://cdn.taobao-pdd.top/data/cover/213/215/4493/449380.jpg","vod_remarks":"山岸逢花 NTR"},
{"vod_name":"SHKD-724","vod_pic":"https://cdn.taobao-pdd.top/data/cover/221/224/4338/433866.jpg","vod_remarks":"湿 桜木凛"},
{"vod_name":"ABW-153","vod_pic":"","vod_remarks":"3本番 涼森"},
{"vod_name":"SSNI-424","vod_pic":"https://cdn.taobao-pdd.top/data/cover/251/259/1329/132929.jpg","vod_remarks":"巨乳 葵"},
{"vod_name":"IPX-660","vod_pic":"","vod_remarks":"少女追姦桃乃木"},
{"vod_name":"STARS-080","vod_pic":"https://cdn.taobao-pdd.top/data/cover/221/224/4376/437637.jpg","vod_remarks":"尻 小倉由菜"},
{"vod_name":"IPX-398","vod_pic":"https://cdn.taobao-pdd.top/data/cover/205/208/2695/269583.jpg","vod_remarks":"NTR 楓"},
{"vod_name":"IPX-451","vod_pic":"","vod_remarks":"凌女教師 楓"},
{"vod_name":"IPX-528","vod_pic":"https://cdn.taobao-pdd.top/data/cover/265/271/1284/128428.jpg","vod_remarks":"温泉 楓 "},
{"vod_name":"IPZ-127","vod_pic":"https://cdn.taobao-pdd.top/data/cover/205/207/3653/365320.jpg","vod_remarks":"同棲 Rio 希志"},
{"vod_name":"IPX-666","vod_pic":"https://cdn.taobao-pdd.top/data/cover/299/306/12/1233.jpg","vod_remarks":"相沢"},
{"vod_name":"MIDE-906","vod_pic":"https://cdn.taobao-pdd.top/data/cover/265/269/4562/456250.jpg","vod_remarks":"藍芽"},
{"vod_name":"SSIS-776","vod_pic":"https://cdn.taobao-pdd.top/data/cover/213/215/4428/442897.jpg","vod_remarks":"巨乳OL堕"},
{"vod_name":"URE-055","vod_pic":"https://cdn.taobao-pdd.top/data/cover/221/224/4269/426961.jpg","vod_remarks":"NTR調教"},
{"vod_name":"STARS-678","vod_pic":"","vod_remarks":"神木麗"},
{"vod_name":"ABP-171","vod_pic":"https://cdn.taobao-pdd.top/data/cover/221/224/4365/436588.jpg","vod_remarks":"彼女誘惑 桃谷"},
{"vod_name":"PRED-099","vod_pic":"","vod_remarks":"美尻 山岸逢花"},
{"vod_name":"MIDV-207","vod_pic":"https://cdn.taobao-pdd.top/data/cover/221/224/4273/427315.jpg","vod_remarks":"4本番 石川澪"},
{"vod_name":"IPZZ-003","vod_pic":"https://cdn.taobao-pdd.top/data/cover/213/215/4662/466284.jpg","vod_remarks":"媚薬女教師 相沢"},
{"vod_name":"ABP-975","vod_pic":"https://cdn.taobao-pdd.top/data/cover/299/306/14/1400.jpg","vod_remarks":"体液 涼森"},
{"vod_name":"MIDE-767","vod_pic":"","vod_remarks":"女教師 藍芽"},
{"vod_name":"JUL-185","vod_pic":"https://cdn.taobao-pdd.top/data/cover/213/215/4493/449360.jpg","vod_remarks":"人妻秘書 神宮寺"},
{"vod_name":"ABP-601","vod_pic":"https://cdn.taobao-pdd.top/data/cover/265/268/1703/170374.jpg","vod_remarks":"本能剥出 園田"},
{"vod_name":"FSDSS-421","vod_pic":"https://cdn.taobao-pdd.top/data/cover/221/224/4291/429192.jpg","vod_remarks":"堕女教師 橋本"},
{"vod_name":"SSNI-436","vod_pic":"https://cdn.taobao-pdd.top/data/cover/251/261/3995/399518.jpg","vod_remarks":"制服美少女 橋本"},
{"vod_name":"DASD-778","vod_pic":"https://cdn.taobao-pdd.top/data/cover/213/215/2990/299064.jpg","vod_remarks":"優母 加藤"},
{"vod_name":"IPX-690","vod_pic":"https://cdn.taobao-pdd.top/data/cover/221/224/4355/435503.jpg","vod_remarks":"中出 桜空"},
{"vod_name":"PXH-016","vod_pic":"","vod_remarks":"本能中出 藤森里穂"},
{"vod_name":"PRED-277","vod_pic":"https://cdn.taobao-pdd.top/data/cover/282/292/1116/111619.jpg","vod_remarks":"不倫生活 山岸逢花"},
{"vod_name":"ATID-344","vod_pic":"https://cdn.taobao-pdd.top/data/cover/299/306/14/1402.jpg","vod_remarks":"未亡人 森沢"},
{"vod_name":"SDDE-625","vod_pic":"https://cdn.taobao-pdd.top/data/cover/221/224/4376/437682.jpg","vod_remarks":"淫乱学園"},
{"vod_name":"MIDE-970","vod_pic":"https://cdn.taobao-pdd.top/data/cover/221/224/4343/434363.jpg","vod_remarks":"淫語逆NTR 七沢"},
{"vod_name":"IPX-497","vod_pic":"https://cdn.taobao-pdd.top/data/cover/282/290/741/74186.jpg","vod_remarks":"BEAUTY VENUS"},
{"vod_name":"SSIS-402","vod_pic":"https://cdn.taobao-pdd.top/data/cover/221/224/4297/429739.jpg","vod_remarks":"絶倫 山手梨愛"},

{"vod_name":"SNIS-352","vod_pic":"https://cdn.taobao-pdd.top/data/cover/205/207/3733/373301.jpg","vod_remarks":"痴漢願望女 天使"},
{"vod_name":"ABW-286","vod_pic":"https://cdn.taobao-pdd.top/data/cover/221/224/4267/426700.jpg","vod_remarks":"涼森 絶頂"},
{"vod_name":"IPX-602","vod_pic":"https://cdn.taobao-pdd.top/data/cover/221/224/4361/436166.jpg","vod_remarks":"女教師寝取 明里"},
{"vod_name":"SSIS-500","vod_pic":"","vod_remarks":"小宵濃厚唾液性交"},
{"vod_name":"MEYD-568","vod_pic":"https://cdn.taobao-pdd.top/data/cover/221/224/4269/426914.jpg","vod_remarks":"妻残業NTR"},
{"vod_name":"CAWD-259","vod_pic":"","vod_remarks":"彼女中出 伊藤舞雪"},
{"vod_name":"ABP-566","vod_pic":"","vod_remarks":"絶対的鉄板 旬果"},
{"vod_name":"HND-765","vod_pic":"https://cdn.taobao-pdd.top/data/cover/251/261/1815/181566.jpg","vod_remarks":"誘惑中出 神宮寺"},
{"vod_name":"ABW-135","vod_pic":"https://cdn.taobao-pdd.top/data/cover/221/224/4335/433534.jpg","vod_remarks":"特濃SEX 涼森"},
{"vod_name":"SSNI-036","vod_pic":"https://cdn.taobao-pdd.top/data/cover/205/208/3587/358761.jpg","vod_remarks":"絶対領域 橋本"},
{"vod_name":"IPX-917","vod_pic":"https://cdn.taobao-pdd.top/data/cover/265/268/4514/451402.jpg","vod_remarks":"桃乃木"},
{"vod_name":"CAWD-404","vod_pic":"https://cdn.taobao-pdd.top/data/cover/221/224/4284/428475.jpg","vod_remarks":"早漏M  栗宮"},
{"vod_name":"IPX-557","vod_pic":"https://cdn.taobao-pdd.top/data/cover/282/290/754/75462.jpg","vod_remarks":"NTR 相沢"},
{"vod_name":"IPX-540","vod_pic":"https://cdn.taobao-pdd.top/data/cover/282/290/757/75755.jpg","vod_remarks":"尻変態 明里"},
{"vod_name":"IPX-582","vod_pic":"","vod_remarks":"乳首敏感 桃乃木"},
{"vod_name":"ABP-912","vod_pic":"","vod_remarks":"性処理 涼森"},
{"vod_name":"MIMK-082","vod_pic":"https://cdn.taobao-pdd.top/data/cover/221/224/4361/436141.jpg","vod_remarks":"篠田"},
{"vod_name":"ROYD-110","vod_pic":"https://cdn.taobao-pdd.top/data/cover/221/224/4387/438727.jpg","vod_remarks":"肉便器巨乳 小花 "},
{"vod_name":"IPX-777","vod_pic":"https://cdn.taobao-pdd.top/data/cover/221/224/4327/432799.jpg","vod_remarks":"淫語女上司 桜空"},
{"vod_name":"ABP-995","vod_pic":"","vod_remarks":"涼森"},
{"vod_name":"SSNI-650","vod_pic":"https://cdn.taobao-pdd.top/data/cover/282/290/3177/317760.jpg","vod_remarks":"NTR 星宮一花"},
{"vod_name":"MIDE-776","vod_pic":"https://cdn.taobao-pdd.top/data/cover/213/215/2950/295085.jpg","vod_remarks":"禁欲"},
{"vod_name":"MIDV-036","vod_pic":"https://cdn.taobao-pdd.top/data/cover/221/224/4319/431975.jpg","vod_remarks":"新生発射 水卜"},
{"vod_name":"SSIS-333","vod_pic":"https://cdn.taobao-pdd.top/data/cover/221/224/4312/431270.jpg","vod_remarks":"実習生"},
{"vod_name":"MIAA-797","vod_pic":"https://cdn.taobao-pdd.top/data/cover/213/215/4722/472242.jpg","vod_remarks":"美脚姉 森日向子"},
{"vod_name":"SSNI-621","vod_pic":"https://cdn.taobao-pdd.top/data/cover/251/261/3995/399509.jpg","vod_remarks":"制服誘惑 橋本"},
{"vod_name":"SSNI-624","vod_pic":"https://cdn.taobao-pdd.top/data/cover/282/290/746/74632.jpg","vod_remarks":"星宮一花"},
{"vod_name":"MIAA-715","vod_pic":"https://cdn.taobao-pdd.top/data/cover/221/224/4276/427602.jpg","vod_remarks":"彼女姉 森沢"},
{"vod_name":"FSDSS-418","vod_pic":"https://cdn.taobao-pdd.top/data/cover/221/224/4293/429313.jpg","vod_remarks":"寝取 天使"},
{"vod_name":"ABP-554","vod_pic":"https://cdn.taobao-pdd.top/data/cover/265/268/1826/182674.jpg","vod_remarks":"絶対的鉄板 鈴村"},
{"vod_name":"PRED-256","vod_pic":"https://cdn.taobao-pdd.top/data/cover/213/215/2974/297435.jpg","vod_remarks":"社長秘書 山岸逢花 "},
{"vod_name":"SHKD-546","vod_pic":"https://cdn.taobao-pdd.top/data/cover/213/215/2916/291619.jpg","vod_remarks":"夫目前犯 石原莉奈"},
{"vod_name":"IPZ-462","vod_pic":"","vod_remarks":"W痴女"},
{"vod_name":"IPX-596","vod_pic":"https://cdn.taobao-pdd.top/data/cover/221/224/4361/436172.jpg","vod_remarks":"家庭教師 楓 "},
{"vod_name":"TYSF-026","vod_pic":"https://cdn.taobao-pdd.top/data/cover/221/224/4268/426859.jpg","vod_remarks":"小悪魔 小花"},
{"vod_name":"JUQ-048","vod_pic":"https://cdn.taobao-pdd.top/data/cover/221/224/4284/428439.jpg","vod_remarks":"義母 愛弓"},
{"vod_name":"SSIS-369","vod_pic":"https://cdn.taobao-pdd.top/data/cover/221/224/4304/430481.jpg","vod_remarks":"騎乗位明暮"},
{"vod_name":"SSIS-573","vod_pic":"https://cdn.taobao-pdd.top/data/cover/251/260/4781/478116.jpg","vod_remarks":"騎乗位"},
{"vod_name":"IPX-471","vod_pic":"https://cdn.taobao-pdd.top/data/cover/213/215/4659/465962.jpg","vod_remarks":"同僚絶倫 桃乃木"},
{"vod_name":"JUL-388","vod_pic":"https://cdn.taobao-pdd.top/data/cover/213/215/2984/298441.jpg","vod_remarks":"妖艶娼婦 神宮寺"},
{"vod_name":"STARS-256","vod_pic":"","vod_remarks":"中超性交 永野夏"},
{"vod_name":"MIDV-236","vod_pic":"https://cdn.taobao-pdd.top/data/cover/265/269/4748/474890.jpg","vod_remarks":"媚薬 七沢"},
{"vod_name":"MIDE-960","vod_pic":"https://cdn.taobao-pdd.top/data/cover/221/224/4350/435098.jpg","vod_remarks":"兄誘惑 七沢"},
{"vod_name":"SSIS-032","vod_pic":"https://cdn.taobao-pdd.top/data/cover/221/224/4339/433995.jpg","vod_remarks":"三宮 "},
{"vod_name":"FSDSS-530","vod_pic":"https://cdn.taobao-pdd.top/data/cover/221/224/4365/436592.jpg","vod_remarks":"誘惑 小野夕子"},
{"vod_name":"SSIS-308","vod_pic":"https://cdn.taobao-pdd.top/data/cover/221/224/4317/431749.jpg","vod_remarks":"体液濃密 河北彩花 "},
{"vod_name":"ABP-889","vod_pic":"","vod_remarks":"汗SEX4本番 涼森 "},

{"vod_name":"","vod_pic":"","vod_remarks":""}
]
}

