﻿{
"class":[{"type_id":"","type_name":"女优"}],

"list":[
{"vod_name":"明里つむぎ","vod_pic":"https://img.awvvvvw.live/data/adult-videos/IPX-817/thumb/cd572bc9-2a6a-4850-8cbc-d7c4f3d1670e.jpg","vod_remarks":"明里紬 明里つむぎ Tsumugi Akari"},
{"vod_name":"美谷朱里","vod_pic":"https://img.awvvvvw.live/data/adult-videos/MEYD-480/thumb/5fef26b3-c9fd-4271-8c01-c3e6f8df139b.jpg","vod_remarks":"美谷朱里 Mitani Akari"},
{"vod_name":"朱里","vod_pic":"https://img.awvvvvw.live/data/adult-videos/DASS-002/thumb/ebc42d7f-4306-4d4a-a910-a612cfc2d7fc.jpg","vod_remarks":"美谷朱里"},
{"vod_name":"桃乃木かな","vod_pic":"https://img.awvvvvw.live/data/adult-videos/IPX-099/thumb/2c1e080f-7d2b-4e47-9bc0-a9b6c0b29771.jpg","vod_remarks":"桃乃木かな Kana Momonogi"},
{"vod_name":"橋本ありな","vod_pic":"https://img.awvvvvw.live/data/adult-videos/SSNI-182/thumb/4587cf0c-61ae-438b-8a12-05873f5b9f79.jpg","vod_remarks":"橋本有菜 橋本ありな Arina Hashimoto"},
{"vod_name":"相沢みなみ","vod_pic":"https://img.awvvvvw.live/data/adult-videos/IPX-604/thumb/5dd8e577-87ad-4caa-b5b6-ae03a5166c23.jpg","vod_remarks":"相澤南 相沢みなみ Aizawa Minami"},
{"vod_name":"小花のん","vod_pic":"https://img.awvvvvw.live/data/adult-videos/HMN-294/thumb/584cef4f-69c4-47d9-9c33-16f381be1154.jpg","vod_remarks":"小花乃音 小花のん Ohana Non"},
{"vod_name":"篠田ゆう","vod_pic":"https://img.awvvvvw.live/data/adult-videos/VENX-195/thumb/14676b8e-c7ee-44fe-ad6a-cba734aa5a90.jpg","vod_remarks":"篠田ゆう 篠田優 Shinoda Yuu "},
{"vod_name":"篠田あゆみ","vod_pic":"https://img.awvvvvw.live/data/adult-videos/CESD-117/thumb/9cee3171-2c7c-463b-9c8d-b0a128da99cf.jpg","vod_remarks":"篠田あゆみ 篠田步美 Shinoda Ayumi"},
{"vod_name":"星宮一花","vod_pic":"https://img.awvvvvw.live/data/adult-videos/SSIS-120/thumb/5b8fffed-ed26-4ff5-b233-8a6c3c9807fc.jpg","vod_remarks":"星宮一花 Hoshimiya Ichika"},

{"vod_name":"楪カレン","vod_pic":"https://img.awvvvvw.live/data/adult-videos/PPPE-062/thumb/12157414-8ead-4de7-8127-9448ee9d98a9.jpg","vod_remarks":"楪可怜 楪カレン Karen Yuzuriha"},
{"vod_name":"楪可怜","vod_pic":"https://img.awvvvvw.live/data/adult-videos/PRED-368/thumb/fe8e3764-f492-43d8-b366-959dc5f10198.jpg","vod_remarks":"楪カレン"},
{"vod_name":"楓カレン","vod_pic":"https://img.awvvvvw.live/data/adult-videos/IPX-320/thumb/e44f1adc-31e1-4865-a5a7-d5cae7fed30f.jpg","vod_remarks":"枫カレン Karen Kaede"},
{"vod_name":"枫可怜","vod_pic":"https://img.awvvvvw.live/data/adult-videos/IPX-414/thumb/65acb112-d6f1-4a25-a32a-702bf18cb669.jpg","vod_remarks":"枫可怜 Karen Kaede"},
{"vod_name":"上原亜衣","vod_pic":"https://img.awvvvvw.live/data/adult-videos/TYOD-300/thumb/1d89fcaf-de61-4a23-ac26-e010f3403cb0.jpg","vod_remarks":"上原亜衣 Ai Uehara"},
{"vod_name":"上原亚衣","vod_pic":"https://img.awvvvvw.live/data/adult-videos/SHKD-564/thumb/3Nd8y73q0tzrzsLdREI0BEczzzB28v8Lazx14DQT.jpg","vod_remarks":"上原亚衣"},
{"vod_name":"三上悠亜","vod_pic":"https://img.awvvvvw.live/data/adult-videos/SSIS-509/thumb/89496608-7d90-4b66-8ad1-7b34e1ce9b74.jpg","vod_remarks":"三上悠亜 Yua Mikami"},
{"vod_name":"三上悠亚","vod_pic":"https://img.awvvvvw.live/data/adult-videos/SSNI-516/thumb/3640a39f-512c-43a8-bdf6-351a2b5c9e20.jpg","vod_remarks":"三上悠亚"},
{"vod_name":"吉沢明歩","vod_pic":"https://img.awvvvvw.live/data/adult-videos/MXGS-1070/thumb/8d3c61cb-41bd-4300-8af6-33bc65de223e.jpg","vod_remarks":"吉沢明歩 Akiho Yoshizawa"},
{"vod_name":"吉泽明步","vod_pic":"https://img.awvvvvw.live/data/adult-videos/SSNI-357/thumb/ba2d274c-5f5e-437b-bb2f-0fc130e41ce5.jpg","vod_remarks":"吉泽明步 Akiho Yoshizawa"},
{"vod_name":"小倉奈々 ","vod_pic":"https://img.awvvvvw.live/data/actor/actor5e268b305f9a3/d98a5a2e2f3f.jpg","vod_remarks":"小倉奈々 Nana Ogura"},
{"vod_name":"小仓奈奈","vod_pic":"https://img.awvvvvw.live/data/adult-videos/AVOP-071/thumb/2a68b815-cb94-47a7-b0e9-10c32c840633.jpg","vod_remarks":"小仓奈奈 Nana Ogura"},
{"vod_name":"明日花キララ","vod_pic":"https://img.awvvvvw.live/data/adult-videos/SSNI-192/thumb/54561633-4bc9-41c4-97da-32af9ef32c69.jpg","vod_remarks":"明日花キララ Kirara Asuka"},
{"vod_name":"明日花绮罗","vod_pic":"https://img.awvvvvw.live/data/adult-videos/SSNI-142/thumb/4cb2a913-0aaf-4fdd-9e5d-acb4d65a939d.jpg","vod_remarks":"明日花绮罗 Kirara Asuka"},
{"vod_name":"桃谷エリカ","vod_pic":"https://img.awvvvvw.live/data/adult-videos/ABP-119/thumb/d3754e99-952e-4562-9995-bb8f618caf6c.jpg","vod_remarks":"桃谷エリカ 桃谷繪里香 Momotani Elka"},
{"vod_name":"繪里香","vod_pic":"https://img.awvvvvw.live/data/adult-videos/ABP-159/thumb/ea727f3a-dc6a-4fee-ae50-ff3b46a7fb42.jpg","vod_remarks":"桃谷繪里香"},

{"vod_name":"涼森れむ","vod_pic":"https://img.awvvvvw.live/data/adult-videos/ABW-015/thumb/67c2ca9406.jpg","vod_remarks":"涼森れむ 涼森玲夢 Remu Suzumori"},
{"vod_name":"山岸逢花","vod_pic":"https://img.awvvvvw.live/data/adult-videos/MEYD-651/thumb/ff015af8-7c32-4a8e-814a-0acb9b4d371a.jpg","vod_remarks":"山岸逢花 Aika Yamagishi"},
{"vod_name":"宮下玲奈","vod_pic":"https://img.awvvvvw.live/data/adult-videos/MIDV-139/thumb/01aab956-5b28-4eab-bbc8-cad308ac4a27.jpg","vod_remarks":"宫下玲奈 Miyashita Rena"},
{"vod_name":"中丸未來","vod_pic":"https://img.awvvvvw.live/data/adult-videos/FOCS-107/thumb/86a97758-5897-46c5-96a9-29c9602d4b10.jpg","vod_remarks":"中丸未来 Nakamaru Mikuru"},
{"vod_name":"桜井彩","vod_pic":"https://img.awvvvvw.live/data/adult-videos/OFJE-085/thumb/8e34d196-39b6-4626-bfe1-48966d5d8fad.jpg","vod_remarks":"桜井彩 櫻井彩 Aya Sakurai"},
{"vod_name":"戸田真琴","vod_pic":"https://img.awvvvvw.live/data/adult-videos/STARS-156/thumb/46e675a9-6519-45a6-9189-db9e15663cd2.jpg","vod_remarks":"戸田真琴 Makoto Toda"},
{"vod_name":"神木麗","vod_pic":"https://img.awvvvvw.live/data/adult-videos/STARS-642/thumb/6870f317-1373-4a9c-8330-f565edc26ca9.jpg","vod_remarks":"神木麗 Rei Kamiki"},
{"vod_name":"天海つばさ","vod_pic":"https://img.awvvvvw.live/data/adult-videos/IPX-969/thumb/a7c6621a-08b7-4f43-b89f-b4b490ae5b5e.jpg","vod_remarks":"天海翼 天海つばさ Tsubasa Amami"},
{"vod_name":"葵つかさ","vod_pic":"https://img.awvvvvw.live/data/adult-videos/SSNI-256/thumb/d34ff7da-9439-4ab3-8d23-a7d8f9436764.jpg","vod_remarks":"葵司 葵つかさ Tsukasa Aoi"},
{"vod_name":"七瀬アリス","vod_pic":"https://img.awvvvvw.live/data/adult-videos/RBK-002/thumb/9a2fcd03-183a-4df8-bbfe-2759ac131642.jpg","vod_remarks":"七瀬アリス 七瀨愛麗絲 Alice Nanase"},
{"vod_name":"小宵こなん","vod_pic":"https://img.awvvvvw.live/data/adult-videos/SSIS-128/thumb/0ec1cf88-4f30-4ef7-aa66-2e59e7e080c3.jpg","vod_remarks":"小宵虎南 小宵こなん Konan Koyoi"},
{"vod_name":"架乃ゆら","vod_pic":"https://img.awvvvvw.live/data/adult-videos/SSIS-119/thumb/e8d43601-3f08-4330-a36a-5f84d876929b.jpg","vod_remarks":"架乃由羅 架乃ゆら Yura Kano"},
{"vod_name":"上原結衣","vod_pic":"https://img.awvvvvw.live/data/adult-videos/CWPBD-79/thumb/425733cb75.jpg","vod_remarks":"上原结衣 Yui Uehara"},
{"vod_name":"蒼井そら","vod_pic":"https://img.awvvvvw.live/data/adult-videos/SOE-257/thumb/3d84ebb351.jpg","vod_remarks":"蒼井そら 苍井空 Sola Aoi"},
{"vod_name":"麻生希","vod_pic":"https://img.awvvvvw.live/data/adult-videos/CESD-414/thumb/a5c5063f-5283-4a2d-88ff-70f2658d8999.jpg","vod_remarks":"麻生希 Nozomi Aso"},
{"vod_name":"紗倉まな","vod_pic":"https://img.awvvvvw.live/data/adult-videos/R-581/thumb/ac2d22c6-ab00-4d19-90bf-24ca9d9c55c9.jpg","vod_remarks":"紗倉まな Mana Sakura"},
{"vod_name":"片桐えりりか","vod_pic":"https://c.blog.xuite.net/c/a/a/d/25537912/blog_2409096/txt/44021338/0.jpg","vod_remarks":"片桐えりりか"},
{"vod_name":"月島ななこ","vod_pic":"https://img.awvvvvw.live/data/adult-videos/HND-224/thumb/ce072ce8-7954-49eb-948f-1f85fdff7d29.jpg","vod_remarks":"片桐えりりか 月島ななこ Eririka Katase"},
{"vod_name":"八木奈々","vod_pic":"https://img.awvvvvw.live/data/adult-videos/MIDE-852/thumb/7784116d-e5ac-4b15-bbfb-e02be5ce4bc4.jpg","vod_remarks":"八木奈奈 八木奈々 Nana Yagi"},
{"vod_name":"原紗央莉","vod_pic":"http://img3.cache.netease.com/photo/0003/2011-11-24/7JK4BCB300AJ0003.jpg","vod_remarks":"原紗央莉 Saori Hara"},
{"vod_name":"川島和津實","vod_pic":"https://img9.doubanio.com/view/celebrity/raw/public/p50409.jpg","vod_remarks":"川岛和津实 Azumi Kawashima"},
{"vod_name":"板垣あずさ","vod_pic":"https://img.awvvvvw.live/data/adult-videos/STAR-174/thumb/6375ea8c-05e2-4e97-9061-2122cea8709b.jpg","vod_remarks":"板垣梓 板垣あずさ Azusa Itagaki"},
{"vod_name":"あいださくら","vod_pic":"https://img.awvvvvw.live/data/adult-videos/051420-001-CARIB/thumb/d0f563804e.jpg","vod_remarks":"愛田櫻 あいださくら Aida Sakura"},
{"vod_name":"水嶋あずみ","vod_pic":"https://img.awvvvvw.live/data/adult-videos/ATHB-036/thumb/343c238dc8.jpg","vod_remarks":"水嶋あずみ 水嶋安曇 水嶋杏美 Azumi Mizushima"},
{"vod_name":"さくらゆら","vod_pic":"https://img.awvvvvw.live/data/adult-videos/KAWD-709/thumb/b4e3ecb2-f07a-48ac-a084-9f0086f8b286.jpg","vod_remarks":"櫻由羅 さくらゆら Sakura Yura"},
{"vod_name":"由良かな","vod_pic":"https://img.awvvvvw.live/data/adult-videos/SQTE-433/thumb/b7e04e0b-a07e-4d05-b5ce-9daaca79f09f.jpg","vod_remarks":"由良佳奈 由良かな Yura Kana"},
{"vod_name":"七沢みあ","vod_pic":"https://img.awvvvvw.live/data/adult-videos/MIDV-130/thumb/fd611ed7-8cf8-4d02-98be-84690a28eaa4.jpg","vod_remarks":"七沢みあ 七澤米亞 Mia Nanasawa"},
{"vod_name":"乃木螢","vod_pic":"https://img.awvvvvw.live/data/adult-videos/SSNI-490/thumb/a0c8cdff-d69a-40e0-adbc-373fc577e9ca.jpg","vod_remarks":"乃木螢 乃木蛍 Nogi Hotaru"},
{"vod_name":"天使もえ","vod_pic":"https://img.awvvvvw.live/data/adult-videos/SSNI-243/thumb/8412bdcf-7471-4536-89e2-3281ddaa59e7.jpg","vod_remarks":"天使萌 天使もえ Amatsuka Moe"},
{"vod_name":"森日向子","vod_pic":"https://img.awvvvvw.live/data/adult-videos/MDTM-729/thumb/c524defd-ce48-4f4e-97f8-b28588640ebb.jpg","vod_remarks":"森日向子 Hinako Mori"},
{"vod_name":"小倉由菜","vod_pic":"https://img.awvvvvw.live/data/adult-videos/STARS-572/thumb/1b065920-1e13-4678-8bb7-9f382bb3860d.jpg","vod_remarks":"小仓由菜 Ogura Yuna"},
{"vod_name":"小倉七海","vod_pic":"https://img.awvvvvw.live/data/adult-videos/REBD-689/thumb/77ee9008-12e8-428c-a99a-7d056d8fba96.jpg","vod_remarks":"小仓七海 Torareti Nanami"},
{"vod_name":"深田えいみ","vod_pic":"https://img.awvvvvw.live/data/adult-videos/MIDV-232/thumb/89a695f3-a9ed-41b3-976c-65072722179e.jpg","vod_remarks":"深田詠美, 深田えいみ Eimi Fukada"},
{"vod_name":"深田ナナ","vod_pic":"https://img.awvvvvw.live/data/adult-videos/SSNI-026/thumb/55c23119-3aae-4d4f-a757-370d806e0aeb.jpg","vod_remarks":"深田奈奈 深田ナナ Fukada Nana"},
{"vod_name":"白川ゆず","vod_pic":"https://img.awvvvvw.live/data/adult-videos/WAAA-074/thumb/7aa55208-748f-433d-8f9c-d948f3d79af1.jpg","vod_remarks":"白川柚子 白川ゆず Shirakawa Yuzu"},
{"vod_name":"青空ひかり","vod_pic":"https://img.awvvvvw.live/data/adult-videos/REBD-693/thumb/166ce591-9070-4ed4-a43d-687e5f728242.jpg","vod_remarks":"青空ひかり Aozora Hikari"},
{"vod_name":"佐佐木明希","vod_pic":"https://img.awvvvvw.live/data/adult-videos/MEYD-184/thumb/19039313-f46b-4f77-a2fb-74acacc6a594.jpg","vod_remarks":"佐佐木明希 佐々木あき Aki Sasaki"},
{"vod_name":"松下紗栄子","vod_pic":"https://img.awvvvvw.live/data/adult-videos/REBD-422/thumb/7c53a9aa-91a2-4fbc-9dcf-21860fce1d70.jpg","vod_remarks":"松下紗栄子 松下紗榮子 Matsushita Saeko"},
{"vod_name":"波多野結衣","vod_pic":"https://img.awvvvvw.live/data/adult-videos/MYBA-053/thumb/a2d585d8-a862-40cd-9b0c-5f5d92205988.jpg","vod_remarks":"波多野結衣 Hatano Yui"},
{"vod_name":"大槻ひびき","vod_pic":"https://img.awvvvvw.live/data/adult-videos/XVSR-602/thumb/aefbf02b-b5d6-443f-9632-08de85162fd2.jpg","vod_remarks":"大槻ひびき Otsuki Hibiki"},
{"vod_name":"AIKA","vod_pic":"https://img.awvvvvw.live/data/adult-videos/MIAA-123/thumb/41a353c9-4449-4459-ab04-190a32f40809.jpg","vod_remarks":"AIKA"},
{"vod_name":"渋谷華","vod_pic":"https://img.awvvvvw.live/data/adult-videos/YMDS-130/thumb/97216dba-d936-4fd8-9db6-11f1f2ba5b71.jpg","vod_remarks":"澀谷華 渋谷華 Shibuya Hana"},
{"vod_name":"白石茉莉奈","vod_pic":"https://img.awvvvvw.live/data/adult-videos/URE-062/thumb/923dbb5a-9c40-4d87-a8db-210935604466.jpg","vod_remarks":"白石茉莉奈 Shiraishi Marina"},
{"vod_name":"あやみ旬果","vod_pic":"https://img.awvvvvw.live/data/adult-videos/SSNI-252/thumb/c9f73af6-5199-4aa4-a28f-88ba88459082.jpg","vod_remarks":"彩美旬果 あやみ旬果 Ayami Shunka"},
{"vod_name":"堀沢茉由","vod_pic":"https://img.awvvvvw.live/data/adult-videos/HBAD-648/thumb/0cb28ca9-0365-4bff-b71a-fd92db7c328c.jpg","vod_remarks":"堀沢茉由 堀澤茉由 Horisawa Mayu"},
{"vod_name":"根尾あかり","vod_pic":"https://img.awvvvvw.live/data/adult-videos/VEC-487/thumb/0a7daa99-ecc7-45a4-9247-b6a5d4d4b8ff.jpg","vod_remarks":"根尾明里 根尾あかり Akari Neo"},
{"vod_name":"乙アリス","vod_pic":"https://img.awvvvvw.live/data/adult-videos/MIAA-733/thumb/fecaad61-664f-47f7-b923-8950afb28bab.jpg","vod_remarks":"乙アリス Otsu Alice"},
{"vod_name":"田中ねね","vod_pic":"https://img.awvvvvw.live/data/adult-videos/XVSR-589/thumb/96c5ceed-2572-4cbf-8dd6-0c985ba5f9c0.jpg","vod_remarks":"田中ねね 田中寧寧 Tanaka Nene"},
{"vod_name":"二葉エマ","vod_pic":"https://img.awvvvvw.live/data/adult-videos/GRACE-001/thumb/efe17778-0850-4416-a051-dad682c2e43a.jpg","vod_remarks":"二葉エマ 二葉惠麻 Futaba Ema"},
{"vod_name":"美ノ嶋めぐり","vod_pic":"https://img.awvvvvw.live/data/adult-videos/ABW-315/thumb/7cf579a5-78d4-4f8f-b988-3c33f15f6816.jpg","vod_remarks":"美ノ嶋めぐり 美之嶋惠理 Minoshima Meguri"},
{"vod_name":"桜空もも","vod_pic":"https://img.awvvvvw.live/data/adult-videos/IPX-674/thumb/351e5952-5ceb-4cd3-8b9d-49b9134e913d.jpg","vod_remarks":"桜空もも 櫻空桃 Sakura Momo"},
{"vod_name":"メロディー","vod_pic":"https://img.awvvvvw.live/data/adult-videos/SY-190/thumb/e90d053d-0cc1-4d47-a6e1-4a29ca9b8300.jpg","vod_remarks":"メロディー・雛・マークス 美樂蒂・雛・馬克思 Melody Marks"},
{"vod_name":"逢見リカ","vod_pic":"https://img.awvvvvw.live/data/adult-videos/ONSG-050/thumb/9bf57c3b-1780-41f2-8a93-17d9fb1da5b9.jpg","vod_remarks":"逢見リカ 逢見梨花 Aimi Rika"},
{"vod_name":"槙いずな","vod_pic":"https://img.awvvvvw.live/data/adult-videos/SSIS-247/thumb/b89e44fb-54b7-49b7-8149-688832390e72.jpg","vod_remarks":"槙いずな 槙東名 Maki Izuna"},

{"vod_name":"さつき芽衣","vod_pic":"https://img.awvvvvw.live/data/adult-videos/XVSR-665/thumb/fe5c30f3-52c2-4a86-a66a-5150d8810fa2.jpg","vod_remarks":"沙月芽衣 さつき芽衣 Satsuki Mei"},
{"vod_name":"水原みその","vod_pic":"https://img.awvvvvw.live/data/adult-videos/MTALL-033/thumb/a6ce2fa0-52b8-4533-85a3-54a2b45b8b65.jpg","vod_remarks":"水原美園 水原みその Mizuhara Misono"},
{"vod_name":"石川澪","vod_pic":"https://img.awvvvvw.live/data/adult-videos/MIDV-140/thumb/7ebba5c1-2d31-4688-a1f4-51dc032246fb.jpg","vod_remarks":"石川澪 石川澪 Ishikawa Mio"},
{"vod_name":"夢乃あいか","vod_pic":"https://img.awvvvvw.live/data/adult-videos/SSIS-090/thumb/46f33516-2b82-429d-ab66-909ec278692a.jpg","vod_remarks":"夢乃愛華 夢乃あいか Yumeno Aika"},
{"vod_name":"三浦歩美","vod_pic":"https://img.awvvvvw.live/data/adult-videos/SDNM-200/thumb/e757749f-0325-4368-80ba-1e14e90e1436.jpg","vod_remarks":"三浦歩美 三浦歩美 愛弓涼 Ayumi Sanpu"},
{"vod_name":"日向かえで","vod_pic":"https://img.awvvvvw.live/data/adult-videos/SSIS-661/thumb/178e1d8a-1146-4689-9c84-02a87c09c348.jpg","vod_remarks":"日向楓 日向かえで Kaede Hinata"},
{"vod_name":"天川そら","vod_pic":"https://img.awvvvvw.live/data/adult-videos/FSDSS-181/thumb/c513c7c4-c2d0-444d-873a-affd02ee4ce0.jpg","vod_remarks":"天川空 天川そら Amakawa Sora"},
{"vod_name":"結城りの","vod_pic":"https://img.awvvvvw.live/data/adult-videos/PRED-407/thumb/d94a9c9f-8425-4dd6-8283-866a11fcf52b.jpg","vod_remarks":"結城梨乃 結城りの Rino Yuki"},
{"vod_name":"来栖みく","vod_pic":"https://img.awvvvvw.live/data/adult-videos/ONEZ-354/thumb/43eca945-fccd-4284-ba26-996d94eeb512.jpg","vod_remarks":"來栖美玖 来栖みく Miku Kurusu"},
{"vod_name":"姫咲はな","vod_pic":"https://img.awvvvvw.live/data/adult-videos/GVH-264/thumb/7386b63f-b432-4924-ad84-b569628720e9.jpg","vod_remarks":"姬咲華 姫咲はな Himesaki Hana"},
{"vod_name":"葵いぶき","vod_pic":"https://img.awvvvvw.live/data/adult-videos/MIDE-813/thumb/416d00a40c.jpg","vod_remarks":"葵伊吹 葵いぶき Aoi Ibuki"},
{"vod_name":"流川莉央","vod_pic":"https://img.awvvvvw.live/data/adult-videos/IPIT-029/thumb/f2cc56f6-aa88-49eb-a95e-f58cc65abbf3.jpg","vod_remarks":"流川莉央 流川莉央 Rio Rukawa"},
{"vod_name":"工藤ララ","vod_pic":"https://img.awvvvvw.live/data/adult-videos/IBW-901Z/thumb/651f8b5b-e8ab-4191-a631-2e92386aa4d5.jpg","vod_remarks":"工藤ララ Kudou Lala"},
{"vod_name":"伊藤はる","vod_pic":"https://img.awvvvvw.live/data/adult-videos/MIAA-738/thumb/ce131aef-45e6-48e6-860a-418bb2ed238c.jpg","vod_remarks":"伊藤春 伊藤はる Haru Ito"},
{"vod_name":"弥生みづき","vod_pic":"https://img.awvvvvw.live/data/adult-videos/WAAA-233/thumb/e55a0c7a-8573-498c-990b-04c6d497ad2d.jpg","vod_remarks":"彌生美月 弥生みづき Yayoi Mizuki"},
{"vod_name":"戸田真琴","vod_pic":"https://img.awvvvvw.live/data/adult-videos/STARS-156/thumb/46e675a9-6519-45a6-9189-db9e15663cd2.jpg","vod_remarks":"戸田真琴 Toda Makoto"},
{"vod_name":"夏木りん","vod_pic":"https://img.awvvvvw.live/data/adult-videos/FSDSS-334/thumb/4cdf1065-0bf4-4be1-a8fa-a00c223a457d.jpg","vod_remarks":"夏木りん 夏木玲 Natsuki Rin"},
{"vod_name":"河北彩花","vod_pic":"https://img.awvvvvw.live/data/adult-videos/SSNI-309/thumb/53f4657d-f332-40dd-9707-cb3c2e634399.jpg","vod_remarks":"河北彩花 Kawakita Saika"},
{"vod_name":"紺野ひかる","vod_pic":"https://img.awvvvvw.live/data/adult-videos/XVSR-688/thumb/1b2a07d1-c812-4525-a860-fd9a22730f62.jpg","vod_remarks":"紺野ひかる 紺野光 hikaru konno"},
{"vod_name":"河合あすな","vod_pic":"https://img.awvvvvw.live/data/adult-videos/ABW-281/thumb/fa6ffd91-3ab7-40c9-b49d-e9b8232f38f2.jpg","vod_remarks":"河合明日菜 Kawai Asuna"},
{"vod_name":"末広純","vod_pic":"https://img.awvvvvw.live/data/adult-videos/FOCS-101/thumb/4f78917f-9983-45e5-aae4-b24bedf1cdb3.jpg","vod_remarks":"末廣純 Jun Suehiro"},
{"vod_name":"希志あいの","vod_pic":"https://img.awvvvvw.live/data/adult-videos/IPZ-551/thumb/817e8dc5-370e-474b-b410-d99b297e9909.jpg","vod_remarks":"希志愛野 Kishi Aino"},
{"vod_name":"宮島めい","vod_pic":"https://img.awvvvvw.live/data/adult-videos/STARS-294/thumb/f2546d14db.jpg","vod_remarks":"宮島芽衣 Mei Miyajima"},

{"vod_name":"","vod_pic":"","vod_remarks":""}
]
}

