﻿{
"class":[{"type_id":"","type_name":"主題"}],

"list":[
{"vod_name":"小桃","vod_pic":"https://cdn.taobao-pdd.top/data/cover/213/218/4123/412309.jpg","vod_remarks":""},
{"vod_name":"沈娜娜","vod_pic":"https://cdn.taobao-pdd.top/data/cover/251/254/1039/103980.jpg","vod_remarks":"白皙美肤"},
{"vod_name":"吴梦梦","vod_pic":"https://cdn.taobao-pdd.top/data/cover/299/300/4671/467139.jpg","vod_remarks":""},
{"vod_name":"苏畅","vod_pic":"https://cdn.taobao-pdd.top/data/cover/213/218/4758/475801.jpg","vod_remarks":""},
{"vod_name":"何雨","vod_pic":"https://i0.wp.com/img1.128100.xyz/upload/2021/05/20/cl0ksuyshfvxgxtu7gyztfhdpw9g3e0m.jpg","vod_remarks":""},
{"vod_name":"张芸熙","vod_pic":"https://cdn.taobao-pdd.top/data/cover/265/266/4680/468090.jpg","vod_remarks":"巨乳娇娘"},
{"vod_name":"赵一曼","vod_pic":"https://cdn.taobao-pdd.top/data/cover/251/253/1050/105016.jpg","vod_remarks":"艳丽女神"},
{"vod_name":"郭童童","vod_pic":"https://cdn.taobao-pdd.top/data/cover/299/312/20/2073.jpg","vod_remarks":"妖娆淫娃"},
{"vod_name":"唐霏","vod_pic":"https://cdn.taobao-pdd.top/data/cover/213/218/3197/319793.jpg","vod_remarks":"娇羞学妹"},
{"vod_name":"夏晴子","vod_pic":"https://cdn.taobao-pdd.top/data/cover/251/254/1040/104011.jpg","vod_remarks":"潮吹女神"},
{"vod_name":"宋南伊","vod_pic":"https://cdn.taobao-pdd.top/data/cover/299/312/203/20301.jpg","vod_remarks":""},
{"vod_name":"林妙可","vod_pic":"https://i0.wp.com/img1.128100.xyz/upload/2021/06/12/79xy73zrjkka7xxb8p2dzeiiwfxb3kr2.jpg","vod_remarks":""},
{"vod_name":"戚小怜","vod_pic":"https://i0.wp.com/img1.128100.xyz/upload/2021/05/13/vswmnuikpv8xdji6vzrx0df3kky7yxdl.jpg","vod_remarks":""},

{"vod_name":"白若冰","vod_pic":"https://g-avstar.com/storage/2022/02/NIpJcEhOV8bw9uDPrxf8PH95mCioN6ehF8zP3fRf_compressed.webp","vod_remarks":"风骚少妇"},
{"vod_name":"陈可心","vod_pic":"https://g-avstar.com/storage/2022/02/%E9%99%88%E5%8F%AF%E5%BF%83.webp","vod_remarks":"古装欲女"},
{"vod_name":"宋甜甜","vod_pic":"https://g-avstar.com/storage/2022/02/%E5%AE%8B%E7%94%9C%E7%94%9C.webp","vod_remarks":"娇柔女神"},
{"vod_name":"雪千夏","vod_pic":"https://g-avstar.com/storage/2022/02/%E9%9B%AA%E5%8D%83%E5%A4%8F.webp","vod_remarks":"极品御姐"},
{"vod_name":"倪哇哇","vod_pic":"https://g-avstar.com/storage/2022/02/%E5%80%AA%E5%93%87%E5%93%87.webp","vod_remarks":"风情玉女"},
{"vod_name":"苏语棠","vod_pic":"https://g-avstar.com/storage/2022/02/%E8%8B%8F%E8%AF%AD%E6%A3%A0.webp","vod_remarks":"欲望人妻"},
{"vod_name":"蜜苏","vod_pic":"https://g-avstar.com/storage/2022/02/%E8%9C%9C%E8%8B%8F%EF%BC%88%E8%8B%8F%E8%89%BE%E6%96%87%EF%BC%89.webp","vod_remarks":"情欲熟女"},
{"vod_name":"季妍希","vod_pic":"https://g-avstar.com/storage/2022/02/%E5%AD%A3%E5%A6%8D%E5%B8%8C-.webp","vod_remarks":"骚情秘书"},
{"vod_name":"欧妮","vod_pic":"https://g-avstar.com/storage/2022/02/%E6%AC%A7%E5%A6%AE.webp","vod_remarks":"妩媚女神"},
{"vod_name":"艾秋","vod_pic":"https://g-avstar.com/storage/2022/02/%E8%89%BE%E7%A7%8B.webp","vod_remarks":"热辣女神"},
{"vod_name":"秦可欣","vod_pic":"https://g-avstar.com/storage/2022/02/%E7%A7%A6%E5%8F%AF%E6%AC%A3.webp","vod_remarks":"百变欲姐"},
{"vod_name":"璇元","vod_pic":"https://g-avstar.com/storage/2022/02/%E7%92%87%E5%85%83.webp","vod_remarks":"美腿御姐"},

{"vod_name":"","vod_pic":"","vod_remarks":""}
]
}

