{
"spider":"./JAR/fan.txt",
"lives":[{"group":"redirect","channels":[{"name":"redirect","urls":["proxy://do=live&type=txt&ext=./TV/hsck.txt"]}]}],
"wallpaper":"http://maoyingshi.cc/api.php",
"sites":[
{"key":"直播1","name":"直播1","type":3,"playerType":1,"api":"./JS/js/直播转点播.js","ext":"水果$https://v.muzi.gq/sg.txt#黄仓库$./TV/hsckj.txt#黄仓库2$./TV/hckj.txt#玉女$./TV/yunvj1.txt&&&https://api.caonm.net/api/bhs/h.php"},
{"key":"db01","name":"女優","type":4,"api":"./json/star.json","searchable":0,"quickSearch":0,"filterable":0},
{"key":"db03","name":"主题","type":4,"api":"./json/zhuti.json","searchable":0,"quickSearch":0,"filterable":0},
{"key":"T1","name":"T1","type":1,"api":"https://v.muzi.gq/api.php","searchable":1,"quickSearch":1},
{"key":"水果派","name":"水果派","type":1,"api":"https://v.muzi.gq/sg.php","searchable":1,"quickSearch":1},
{"key":"155","name":"155","type":1,"api":"https://155api.com/api.php/provide/vod/","searchable":1,"quickSearch":1},
{"key":"伊人","name":"伊人","type":1,"api":"https://api.yrzyapi.com/api.php/provide/vod/","searchable":1,"quickSearch":1},
{"key":"奥斯卡","name":"奥斯卡","type":1,"playerType":3,"api":"https://aosikazy.com/api.php/provide/vod/","searchable":1,"quickSearch":1},
{"key":"丝袜资源","name":"丝袜资源-镜","type":1,"api":"https://a.muzi.gq/api.php/provide/vod/","searchable":1,"quickSearch":1},
{"key":"91麻豆","name":"91麻豆-镜","type":1,"api":"https://c.muzi.gq/api.php/provide/vod/","searchable":1,"quickSearch":1},
{"key":"KOK","name":"KOK","type":1,"api":"https://api.vodkok1.com/api.php/provide/vod/","searchable":1,"quickSearch":1},
{"key":"草榴","name":"草榴-镜","type":1,"api":"https://d.muzi.gq/api.php/provide/vod/","searchable":1,"quickSearch":1},
{"key":"xoxo","name":"xoxo","type":1,"api":"http://xoxozy.com/api.php/provide/vod/","searchable":1,"quickSearch":1},
{"key":"csp_xBPQ_didi","name":"didi","type":3,"api":"csp_XBPQ","searchable":1,"quickSearch":1,"filterable":0,"ext":"./xBPQ/didi.json"},
{"key":"csp_xBPQ_麻豆","name":"麻豆","type":3,"api":"csp_XBPQ","searchable":1,"quickSearch":1,"filterable":1,"ext":"./xBPQ/麻豆.json"},
{"key":"csp_xBPQ_尤物天堂","name":"尤物天堂","type":3,"playerType":3,"api":"csp_XBPQ","searchable":1,"quickSearch":1,"filterable":0,"ext":"./xBPQ/尤物天堂.json"},
{"key":"csp_xBPQ_福利瓶","name":"福利瓶","type":3,"api":"csp_XBPQ","searchable":1,"quickSearch":1,"filterable":1,"ext":"./xBPQ/福利瓶.json"},
{"key":"csp_xBPQ_seajav","name":"seajav","type":3,"api":"csp_XBPQ","searchable":1,"quickSearch":1,"filterable":0,"ext":"./xBPQ/seajav.json"},
{"key":"csp_xBPQ_好爽","name":"好爽","type":3,"api":"csp_XBPQ","searchable":1,"quickSearch":1,"filterable":0,"ext":"./xBPQ/好爽.json"},
{"key":"csp_xBPQ_麻豆影院","name":"麻豆影院","type":3,"playerType":3,"api":"csp_XBPQ","searchable":1,"quickSearch":1,"filterable":0,"ext":"./xBPQ/麻豆影院.json"},
{"key":"csp_xBPQ_苹果影院","name":"苹果影院","type":3,"playerType":3,"api":"csp_XBPQ","searchable":1,"quickSearch":1,"filterable":0,"ext":"./xBPQ/苹果影院.json"},
{"key":"csp_xBPQ_caocao","name":"caocao","type":3,"api":"csp_XBPQ","searchable":1,"quickSearch":1,"filterable":0,"ext":"./xBPQ/caocao.json"},
{"key":"csp_xBPQ_插插","name":"插插","type":3,"api":"csp_XBPQ","searchable":1,"quickSearch":1,"filterable":0,"ext":"./xBPQ/插插.json"},
{"key":"csp_xBPQ_lu99","name":"撸99","type":3,"api":"csp_XBPQ","searchable":1,"quickSearch":1,"filterable":0,"ext":"./xBPQ/lu99.json"},
{"key":"csp_xBPQ_性感影院","name":"性感影院","type":3,"api":"csp_XBPQ","searchable":1,"quickSearch":1,"filterable":0,"ext":"./xBPQ/性感影院.json"},
{"key":"csp_xBPQ_爱上","name":"didi","type":3,"api":"csp_XBPQ","searchable":1,"quickSearch":1,"filterable":0,"ext":"./xBPQ/爱上.json"},
{"key":"csp_xBPQ_爱情岛","name":"爱情岛","type":3,"api":"csp_XBPQ","searchable":1,"quickSearch":1,"filterable":0,"ext":"./xBPQ/爱情岛.json"},
{"key":"csp_xBPQ_爱大学","name":"爱大学","type":3,"api":"csp_XBPQ","searchable":1,"quickSearch":1,"filterable":1,"ext":"./xBPQ/爱大学.json"},
{"key":"csp_xBPQ_成人","name":"成人","type":3,"api":"csp_XBPQ","searchable":1,"quickSearch":1,"filterable":0,"ext":"./xBPQ/成人.json"},
{"key":"csp_xBPQ_男人仓库","name":"男人仓库","type":3,"api":"csp_XBPQ","searchable":1,"quickSearch":1,"filterable":0,"ext":"./xBPQ/男人仓库.json"},
{"key":"csp_xBPQ_苹果","name":"苹果","type":3,"api":"csp_XBPQ","searchable":1,"quickSearch":1,"filterable":0,"ext":"./xBPQ/苹果.json"},
{"key":"drpy_js_madou","name":"麻豆(js)","type":3,"api":"./JS/lib/drpy2.min.js","searchable":0,"quickSearch":0,"filterable":0,"ext":"./JS/js/madou.js"},
{"key":"drpy_js_taoai","name":"掏爱(js)","type":3,"api":"./JS/lib/drpy2.min.js","searchable":0,"quickSearch":0,"filterable":0,"ext":"./JS/js/taoai.js"},
{"key":"drpy_js_猫了个咪","name":"猫了个咪(js)","type":3,"api":"./JS/lib/drpy.min.js","searchable":0,"quickSearch":0,"filterable":1,"ext":"./JS/js/猫了个咪.js"},
{"key":"甜蜜","name":"甜蜜","type":1,"api":"https://timizy10.cc/api.php/provide/vod/","searchable":1,"quickSearch":1},
{"key":"青楼","name":"青楼","type":1,"api":"https://qlzy.tv/api.php/provide/vod/","searchable":1,"quickSearch":1},
{"key":"seya","name":"seya","type":1,"api":"https://api.seyavod.com/api.php/provide/vod/","searchable":1,"quickSearch":1},
{"key":"小姐姐资源","name":"小姐姐资源","type":0,"api":"http://xjjzyapi.com/home/cjapi/askl/mc10/vod/xml","searchable":1,"quickSearch":1},
{"key":"精工厂资源","name":"精工厂资源","type":0,"api":"https://jgczyapi.com/home/cjapi/kld2/mc10/vod/xml","searchable":1,"quickSearch":1},
{"key":"奶茶资源","name":"奶茶资源","type":1,"api":"https://caiji.naichaapi.com/inc/apijson_vod.php","searchable":1,"quickSearch":1},
{"key":"乐播资源","name":"乐播资源","type":1,"api":"https://lbapi9.com/api.php/provide/vod/","searchable":1,"quickSearch":1},
{"key":"博天堂","name":"博天堂","type":0,"api":"http://bttcj.com/inc/sapi.php?ac=videolist","searchable":1,"quickSearch":1},
{"key":"JAV名优馆","name":"JAV名优馆","type":0,"api":"http://mygzycj.com/api.php?ac=videolist","searchable":1,"quickSearch":1},
{"key":"字幕网","name":"字幕网","type":0,"api":"http://zmcj88.com/sapi?ac=videolist","searchable":1,"quickSearch":1},
{"key":"番号资源","name":"番号资源","type":1,"api":"http://fhapi9.com/api.php/provide/vod/","searchable":1,"quickSearch":1},
{"key":"色猫资源","name":"色猫资源","type":0,"api":"https://api.maozyapi.com/inc/api.php","searchable":1,"quickSearch":1},
{"key":"酷豆2","name":"酷豆2","type":1,"api":"https://api.kdapi.info/api.php/provide/vod/","searchable":1,"quickSearch":1},
{"key":"push_agent","name":"🍭推送","type":3,"api":"csp_Push","searchable":0,"quickSearch":0,"filterable":0,"ext": "https://agit.ai/Yoursmile7/TVBox/raw/branch/master/裤衩都嫖没了.txt"}
],

"rules": [{"host":"*","rule":["default.365yg.com"]},{"host":"dyxs20.com","rule":[".m3u8"]},{"host":"www.agemys.cc","rule":["cdn-tos","obj/tos-cn"]},{"host":"www.sharenice.net","rule":["http.*?/play.{0,3}\\?[^url]{2,8}=.*"]},{"host":"www.sharenice.net","rule":["qianpailive.com","vid="]},{"host":"*","rule":["douyin.com/aweme","video_id="]},{"host":"*","rule":["huoshan.com","/item/video/"]},{"host":"*","rule":["http((?!http).){12,}?\\.(m3u8|mp4|flv|avi|mkv|rm|wmv|mpg|m4a)\\?.*"]},{"host":"*","rule":["http((?!http).){12,}\\.(m3u8|mp4|flv|avi|mkv|rm|wmv|mpg|m4a)"]}],
"ijk":[{"group":"软解码","options":[{"category":4,"name":"opensles","value":"0"},{"category":4,"name":"overlay-format","value":"842225234"},{"category":4,"name":"framedrop","value":"1"},{"category":4,"name":"soundtouch","value":"1"},{"category":4,"name":"start-on-prepared","value":"1"},{"category":1,"name":"http-detect-range-support","value":"0"},{"category":1,"name":"fflags","value":"fastseek"},{"category":2,"name":"skip_loop_filter","value":"48"},{"category":4,"name":"reconnect","value":"1"},{"category":4,"name":"max-buffer-size","value":"5242880"},{"category":4,"name":"enable-accurate-seek","value":"0"},{"category":4,"name":"mediacodec","value":"0"},{"category":4,"name":"mediacodec-auto-rotate","value":"0"},{"category":4,"name":"mediacodec-handle-resolution-change","value":"0"},{"category":4,"name":"mediacodec-hevc","value":"0"},{"category":1,"name":"dns_cache_timeout","value":"600000000"}]},{"group":"硬解码","options":[{"category":4,"name":"opensles","value":"0"},{"category":4,"name":"overlay-format","value":"842225234"},{"category":4,"name":"framedrop","value":"1"},{"category":4,"name":"soundtouch","value":"1"},{"category":4,"name":"start-on-prepared","value":"1"},{"category":1,"name":"http-detect-range-support","value":"0"},{"category":1,"name":"fflags","value":"fastseek"},{"category":2,"name":"skip_loop_filter","value":"48"},{"category":4,"name":"reconnect","value":"1"},{"category":4,"name":"max-buffer-size","value":"5242880"},{"category":4,"name":"enable-accurate-seek","value":"0"},{"category":4,"name":"mediacodec","value":"1"},{"category":4,"name":"mediacodec-auto-rotate","value":"1"},{"category":4,"name":"mediacodec-handle-resolution-change","value":"1"},{"category":4,"name":"mediacodec-hevc","value":"1"},{"category":1,"name":"dns_cache_timeout","value":"600000000"}]}],
"ads":["wan.51img1.com","https://lf1-cdn-tos.bytegoofy.com/obj/tos-cn-i-dy/455ccf9e8ae744378118e4bd289288dd","mimg.0c1q0l.cn","www.googletagmanager.com","www.google-analytics.com","mc.usihnbcq.cn","mg.g1mm3d.cn","mscs.svaeuzh.cn","cnzz.hhttm.top","tp.vinuxhome.com","cnzz.mmstat.com","www.baihuillq.com","s23.cnzz.com","z3.cnzz.com","c.cnzz.com","stj.v1vo.top","z12.cnzz.com","img.mosflower.cn","tips.gamevvip.com","ehwe.yhdtns.com","xdn.cqqc3.com","www.jixunkyy.cn","sp.chemacid.cn","hm.baidu.com","s9.cnzz.com","z6.cnzz.com","um.cavuc.com","mav.mavuz.com","wofwk.aoidf3.com","z5.cnzz.com","xc.hubeijieshikj.cn","tj.tianwenhu.com","xg.gars57.cn","k.jinxiuzhilv.com","cdn.bootcss.com","ppl.xunzhuo123.com","xomk.jiangjunmh.top","img.xunzhuo123.com","z1.cnzz.com","s13.cnzz.com","xg.huataisangao.cn","z7.cnzz.com","xg.huataisangao.cn","z2.cnzz.com","s96.cnzz.com","q11.cnzz.com","thy.dacedsfa.cn","xg.whsbpw.cn","s19.cnzz.com","z8.cnzz.com","s4.cnzz.com","f5w.as12df.top","ae01.alicdn.com","www.92424.cn","k.wudejia.com","vivovip.mmszxc.top","qiu.xixiqiu.com","cdnjs.hnfenxun.com","cms.qdwght.com","www.lianmengdata.xyz","51.la","vfsdsdeq.xyz","histats.com"]
}