{
"spider":"./JAR/fan.txt",
"lives":[{"group":"redirect","channels":[{"name":"redirect","urls":["proxy://do=live&type=txt&ext=./TV/hsck.txt"]}]}],
"wallpaper":"http://饭太硬.top/深色壁纸/api.php",

"sites":[
{"key":"js豆瓣","name":"🅱豆瓣┃首页","type":3,"api":"./JS/lib/drpy2.min.js","ext":"./JS/js/drpy.js","searchable": 0,"quickSearch": 0,"filterable": 1},
{"key":"直播t","name":"直播t","type":3,"playerType":1,"api":"./JS/js/直播转点播.js","ext":"水果$https://v.muzi.gq/sg.txt#测试$./TV/t.txt&&&https://api.caonm.net/api/bhs/h.php"},
{"key":"db02","name":"番号","type":4,"api":"./json/num.json","searchable":0,"quickSearch":0,"filterable":0},
{"key":"T1","name":"T1","type":1,"api":"https://v.muzi.gq/api.php","searchable":1,"quickSearch":1},
{"key":"T2","name":"T2","type":1,"api":"https://e.muzi.gq/vod/","searchable":1,"quickSearch":1},
{"key":"甜蜜","name":"甜蜜","type":1,"api":"https://timizy10.cc/api.php/provide/vod/","searchable":1,"quickSearch":1},
{"key":"青楼","name":"青楼","type":1,"api":"https://qlzy.tv/api.php/provide/vod/","searchable":1,"quickSearch":1},
{"key":"csp_xBPQ_360","name":"360","type":3,"api":"csp_XBPQ","searchable":1,"quickSearch":1,"filterable":0,"ext":"./xBPQ/360.json"},
{"key":"csp_XBPQ_AV一","name":"AV一","type":3,"api":"csp_XBPQ","searchable":"1","quickSearch":"1","filterable":"1","ext":"./xBPQ/AV一.json"},
{"key":"csp_XBPQ_91色","name":"91色","type":3,"api":"csp_XBPQ","searchable":"1","quickSearch":"1","filterable":"1","ext":"./xBPQ/91色.json"},
{"key":"csp_XBPQ_新香蕉","name":"新香蕉","type":3,"api":"csp_XBPQ","searchable":"1","quickSearch":"1","filterable":"1","ext":"./xBPQ/新香蕉.json"},
{"key":"csp_XBPQ_日日夜夜","name":"日日夜夜","type":3,"api":"csp_XBPQ","searchable":1,"quickSearch":1,"filterable":1,"ext":"./xBPQ/日日夜夜.json"},
{"key":"csp_XBPQ_X先生","name":"X先生","type":3,"api":"csp_XBPQ","searchable":1,"quickSearch":1,"filterable":1,"ext":"./xBPQ/X先生.json"},
{"key":"csp_大炮色","name":"大炮色","type":3,"api":"csp_XBPQ","searchable":1,"quickSearch":1,"filterable":1,"ext":"./xBPQ/大炮色.json"},
{"key":"push_agent","name":"🛴手机┃推送","type":3,"api":"csp_Push","searchable":0,"quickSearch":0,"filterable":0,"ext":"./json/tok.txt"}
],

"rules": [{"host":"*","rule":["default.365yg.com"]},{"host":"dyxs20.com","rule":[".m3u8"]},{"host":"www.agemys.cc","rule":["cdn-tos","obj/tos-cn"]},{"host":"www.sharenice.net","rule":["http.*?/play.{0,3}\\?[^url]{2,8}=.*"]},{"host":"www.sharenice.net","rule":["qianpailive.com","vid="]},{"host":"*","rule":["douyin.com/aweme","video_id="]},{"host":"*","rule":["huoshan.com","/item/video/"]},{"host":"*","rule":["http((?!http).){12,}?\\.(m3u8|mp4|flv|avi|mkv|rm|wmv|mpg|m4a)\\?.*"]},{"host":"*","rule":["http((?!http).){12,}\\.(m3u8|mp4|flv|avi|mkv|rm|wmv|mpg|m4a)"]}],
"ijk":[{"group":"软解码","options":[{"category":4,"name":"opensles","value":"0"},{"category":4,"name":"overlay-format","value":"842225234"},{"category":4,"name":"framedrop","value":"1"},{"category":4,"name":"soundtouch","value":"1"},{"category":4,"name":"start-on-prepared","value":"1"},{"category":1,"name":"http-detect-range-support","value":"0"},{"category":1,"name":"fflags","value":"fastseek"},{"category":2,"name":"skip_loop_filter","value":"48"},{"category":4,"name":"reconnect","value":"1"},{"category":4,"name":"max-buffer-size","value":"5242880"},{"category":4,"name":"enable-accurate-seek","value":"0"},{"category":4,"name":"mediacodec","value":"0"},{"category":4,"name":"mediacodec-auto-rotate","value":"0"},{"category":4,"name":"mediacodec-handle-resolution-change","value":"0"},{"category":4,"name":"mediacodec-hevc","value":"0"},{"category":1,"name":"dns_cache_timeout","value":"600000000"}]},{"group":"硬解码","options":[{"category":4,"name":"opensles","value":"0"},{"category":4,"name":"overlay-format","value":"842225234"},{"category":4,"name":"framedrop","value":"1"},{"category":4,"name":"soundtouch","value":"1"},{"category":4,"name":"start-on-prepared","value":"1"},{"category":1,"name":"http-detect-range-support","value":"0"},{"category":1,"name":"fflags","value":"fastseek"},{"category":2,"name":"skip_loop_filter","value":"48"},{"category":4,"name":"reconnect","value":"1"},{"category":4,"name":"max-buffer-size","value":"5242880"},{"category":4,"name":"enable-accurate-seek","value":"0"},{"category":4,"name":"mediacodec","value":"1"},{"category":4,"name":"mediacodec-auto-rotate","value":"1"},{"category":4,"name":"mediacodec-handle-resolution-change","value":"1"},{"category":4,"name":"mediacodec-hevc","value":"1"},{"category":1,"name":"dns_cache_timeout","value":"600000000"}]}],
"ads":["wan.51img1.com","https://lf1-cdn-tos.bytegoofy.com/obj/tos-cn-i-dy/455ccf9e8ae744378118e4bd289288dd","mimg.0c1q0l.cn","www.googletagmanager.com","www.google-analytics.com","mc.usihnbcq.cn","mg.g1mm3d.cn","mscs.svaeuzh.cn","cnzz.hhttm.top","tp.vinuxhome.com","cnzz.mmstat.com","www.baihuillq.com","s23.cnzz.com","z3.cnzz.com","c.cnzz.com","stj.v1vo.top","z12.cnzz.com","img.mosflower.cn","tips.gamevvip.com","ehwe.yhdtns.com","xdn.cqqc3.com","www.jixunkyy.cn","sp.chemacid.cn","hm.baidu.com","s9.cnzz.com","z6.cnzz.com","um.cavuc.com","mav.mavuz.com","wofwk.aoidf3.com","z5.cnzz.com","xc.hubeijieshikj.cn","tj.tianwenhu.com","xg.gars57.cn","k.jinxiuzhilv.com","cdn.bootcss.com","ppl.xunzhuo123.com","xomk.jiangjunmh.top","img.xunzhuo123.com","z1.cnzz.com","s13.cnzz.com","xg.huataisangao.cn","z7.cnzz.com","xg.huataisangao.cn","z2.cnzz.com","s96.cnzz.com","q11.cnzz.com","thy.dacedsfa.cn","xg.whsbpw.cn","s19.cnzz.com","z8.cnzz.com","s4.cnzz.com","f5w.as12df.top","ae01.alicdn.com","www.92424.cn","k.wudejia.com","vivovip.mmszxc.top","qiu.xixiqiu.com","cdnjs.hnfenxun.com","cms.qdwght.com","www.lianmengdata.xyz","51.la","vfsdsdeq.xyz","histats.com"]
}