{
  "data": [
    {
      "id": 1,
      "name": "无尽",
      "url": "https://api.wujinapi.me/api.php/provide/vod/at/xml/",
      "cate": "动作片,6&&喜剧片,7&&爱情片,8&&科幻片,9&&恐怖片,10&&剧情片,11&&战争片,12&&中国剧,13&&香港剧,14&&台湾剧,15&&欧美剧,16&&❌,20&&纪录片,21&&韩国剧,22&&日本剧,23&&海外剧,24&&中国综艺,25&&韩国综艺,26&&台湾综艺,27&&欧美综艺,28&&中国动漫,29&&日本动漫,30&&欧美动漫,31&&悬疑片,32&&动漫电影,33&&犯罪片,34&&奇幻片,35&&邵氏电影,36&&泰国剧,37&&体育赛事①,38&&体育赛事②,39&&影视解说,40&&短剧,41",
      "click": true,
      "type": "xml",
      "detailUrl": ""
    },
    {
      "id": 1,
      "name": "闪电",
      "url": "https://sdzyapi.com/api.php/provide/vod/at/xml/",
      "cate": "动作片,6&&喜剧片,7&&爱情片,8&&科幻片,9&&恐怖片,10&&剧情片,11&&战争片,12&&中国剧,13&&欧美剧,14&&韩国剧,15&&日本剧,16&&香港剧,17&&台湾剧,18&&泰国剧,19&&纪录片,20&&悬疑片,21&&犯罪片,22&&海外剧,23&&中国综艺,25&&韩国综艺,26&&台湾综艺,27&&欧美综艺,28&&中国动漫,29&&日本动漫,30&&欧美动漫,31&&冒险片,38&&动漫电影,39&&惊悚片,40&&奇幻片,43&&台湾动漫,44&&海外动漫,45&&伦理片,46&&演唱会,47&&体育赛事,48&&篮球,49&&足球,50&&预告片,51&&斯诺克,52&&短剧,53",
      "click": true,
      "type": "xml",
      "detailUrl": ""
    },
    {
      "id": 1,
      "name": "量子",
      "url": "https://cj.lziapi.com/api.php/provide/vod/at/xml/",
      "cate": "动作片,6&&喜剧片,7&&爱情片,8&&科幻片,9&&恐怖片,10&&剧情片,11&&战争片,12&&中国剧,13&&香港剧,14&&韩国剧,15&&欧美剧,16&&记录片,20&&台湾剧,21&&日本剧,22&&海外剧,23&&泰国剧,24&&中国综艺,25&&港台综艺,26&&韩日综艺,27&&欧美综艺,28&&中国动漫,29&&日本动漫,30&&欧美动漫,31&&港台动漫,32&&海外动漫,33&&伦理片,34&&电影解说,35&&体育,36&&足球,37&&篮球,38&&网球,39&&斯诺克,40&&❌,41&&❌,42&&❌,43&&❌,44&&预告片,45&&短剧,46&&❌,47",
      "click": true,
      "type": "xml",
      "detailUrl": ""
    },
    {
      "id": 1,
      "name": "海外看",
      "url": "https://haiwaikan.com/api.php/provide/vod/at/xml/",
      "cate": "体育,24&&纪录片,25&&❌,26&&冒险片,28&&剧情片,29&&动作片,30&&动画电影,31&&同性片,32&&喜剧片,33&&奇幻片,34&&恐怖片,35&&悬疑片,36&&惊悚片,37&&歌舞片,38&&灾难片,39&&爱情片,40&&犯罪片,41&&科幻片,42&&经典片,43&&网络电影,44&&战争片,117&&欧美剧,119&&日本剧,120&&韩国剧,121&&中国剧,122&&泰国剧,123&&香港剧,124&&台湾剧,125&&新马剧,126&&其它剧,127&&欧美综艺,128&&日本综艺,129&&韩国综艺,130&&中国综艺,131&&新马泰综艺,132&&港台综艺,133&&其它综艺,134&&欧美动漫,135&&日本动漫,136&&韩国动漫,137&&中国动漫,138&&新马泰动漫,139&&港台动漫,140&&其它动漫,142&&❌,143",
      "click": true,
      "type": "xml",
      "detailUrl": ""
    },
    {
      "id": 1,
      "name": "飞速",
      "url": "https://www.feisuzyapi.com/api.php/provide/vod/at/xml",
      "cate": "动作片,6&&喜剧片,7&&爱情片,8&&科幻片,9&&恐怖片,10&&剧情片,11&&战争片,12&&中国剧,13&&香港剧,14&&台湾剧,15&&韩国剧,16&&纪录片,20&&动漫电影,21&&日本剧,22&&泰国剧,23&&欧美剧,24&&中国动漫,25&&日本动漫,26&&欧美动漫,27&&海外动漫,28&&电影解说,29&&中国综艺,30&&台湾综艺,31&&韩国综艺,32&&欧美综艺,33&&其它片,35&&海外剧,36&&❌,37&&体育赛事,38&&短剧,39",
      "click": true,
      "type": "xml",
      "detailUrl": ""
    },
    {
      "id": 1,
      "name": "天空",
      "url": "https://api.tiankongapi.com/api.php/provide/vod/at/xml/",
      "cate": "纪录片,2&&❌,3&&欧美剧,4&&香港剧,5&&动作片,6&&爱情片,7&&科幻片,8&&恐怖片,9&&剧情片,10&&战争片,11&&喜剧片,12&&动漫电影,20&&犯罪片,21&&中国剧,22&&韩国剧,23&&动漫,24&&综艺,25&&中国综艺,26&&台湾综艺,27&&韩国综艺,28&&欧美综艺,29&&台湾剧,30&&中国动漫,31&&日本动漫,32&&欧美动漫,33&&❌,34&&泰国剧,35&&日本剧,36&&电影解说,37&&奇幻片,38&&灾难片,39&&悬疑片,40&&其它电影,41&&❌,42",
      "click": true,
      "type": "xml",
      "detailUrl": ""
    },
    {
      "id": 1,
      "name": "iKun",
      "url": "https://ikunzyapi.com/api.php/provide/vod/at/xml",
      "cate": "动作片,6&&喜剧片,7&&爱情片,8&&科幻片,9&&恐怖片,10&&剧情片,11&&战争片,12&&惊悚片,13&&家庭片,14&&古装片,15&&历史片,16&&悬疑片,17&&犯罪片,18&&灾难片,19&&纪录片,20&&短片,21&&动画电影,22&&中国剧,23&&香港剧,24&&韩国剧,25&&欧美剧,26&&台湾剧,27&&日本剧,28&&海外剧,29&&泰国剧,30&&中国综艺,31&&港台综艺,32&&日韩综艺,33&&欧美综艺,34&&中国动漫,35&&欧美动漫,36&&日本动漫,37&&❌,38",
      "click": true,
      "type": "xml",
      "detailUrl": ""
    },
    {
      "id": 1,
      "name": "1080ZYK",
      "url": "https://api.1080zyku.com/inc/api.php/provide/vod/at/xml/",
      "cate": "动作片,5&&喜剧片,6&&爱情片,7&&科幻片,8&&恐怖片,9&&剧情片,10&&战争片,11&&中国剧,12&&台湾剧,13&&韩国剧,14&&欧美剧,15&&香港剧,16&&泰国剧,17&&日本剧,18&&福利,19&&纪录片,20&&动画电影,41&&海外剧,54&&伦理片,61&&❌,62",
      "click": true,
      "type": "xml",
      "detailUrl": ""
    },
    {
      "id": 1,
      "name": "18X JAV名优",
      "url": "http://mygzycj.com/sapi.php",
      "cate": "日本有码,1&&日本无码,2&&欧美精选,3&&港台三级片,4&&韩国主播,5&&❌,6&&韩国SNL,7&&VR有码,8&&中国无码,9&&名优写真,10&&名优综艺,11&&禁忌相奸,12&&日本有码,13&&中文字幕,14",
      "click": true,
      "type": "xml",
      "detailUrl": ""
    },
    {
      "id": 1,
      "name": "18X jKun",
      "url": "https://jkunzyapi.com/api.php/provide/vod/at/xml",
      "cate": "中文字幕,2&&日本有码,3&&日本无码,4&&AV解说,5&&cosplay,20&&都市激情,21&&校园情事,22&&人妻纵情,23&&风俗伦理,24&&另类小说,25&&武侠古典,26&&长篇连载,27&&黑丝诱惑,28&&SWAG,29&&自拍偷拍,30&&激情动漫,31&&网红主播,32&&探花系列,33&&三级伦理,34&&VR视角,35&&国产传媒,36&&素人搭讪,37&&门事件,38",
      "click": true,
      "type": "xml",
      "detailUrl": ""
    },
    {
      "id": 1,
      "name": "18X 字幕网",
      "url": "http://zmcj88.com/sapi",
      "cate": "无码,1&&强奸,2&&巨乳,3&&禁断乱伦,4",
      "click": true,
      "wePlus": {}
    },
    {
      "id": 1,
      "name": "18X 久草",
      "url": "http://jcspcj8.com/sapi",
      "cate": "无码,1&&强奸乱伦,2&&禁断乱伦,3&&国产精品,4",
      "click": true,
      "wePlus": {}
    },
    {
      "id": 1,
      "name": "18X 狼少年",
      "url": "http://cjmygzy.com/inc/sapi.php",
      "cate": "AV,1&&AV,2&&❌,3&&强奸乱伦,4&&❌,23&&欧美人妖,20&&❌,22&&❌,27&&动漫,25&&❌,18&&❌,28&&短片,16&&❌,32&&❌,40&&❌,39",
      "click": true,
      "wePlus": {}
    },
    {
      "id": 1,
      "name": "18X 狼友会",
      "url": "https://api.lyhapi.com/api.php/provide/vod/at/xml",
      "cate": "AV,1&&AV,2&&❌,3&&强奸乱伦,4&&❌,23&&欧美人妖,20&&❌,22&&❌,27&&动漫,25&&❌,18&&❌,28&&短片,16&&❌,32&&❌,40&&❌,39",
      "click": true,
      "wePlus": {}
    },
    {
      "id": 1,
      "name": "18X 森林",
      "url": "https://slapibf.com/api.php/provide/vod/at/xml",
      "cate": "中国色情,22&&主播直播,23&&亚洲无码,24&&亚洲有码,25&&中文字幕,26&&巨乳美乳,27&&人妻熟女,28&&强奸乱伦,29&&欧美精品,30&&萝莉少女,31&&伦理三级,32&&成人动漫,33&&自拍偷拍,34&&制服丝袜,35&&口交颜射,36&&日本精品,37&&Cosplay,38&&素人自拍,39&&台湾辣妹,40&&韩国御姐,41&&唯美港姐,42&&东南亚AV,43&&欺辱凌辱,44&&剧情介绍,45&&多人多P,46&&91探花,47&&网红流出,48&&野外露出,49&&古装扮演,50&&女优系列,51&&可爱学生,52&&风情旗袍,53&&兽耳系列,54&&瑜伽裤,55&&闷骚护士,56&&过膝袜,57&&网曝门,58&&传媒出品,59&&女同性恋,60&&男同性恋,61&&恋腿狂魔,63&&❌,64",
      "click": true,
      "type": "xml",
      "detailUrl": ""
    },
    {
      "id": 1,
      "name": "18X 9号",
      "url": "http://fhapi9.com/api.php/provide/vod/at/xml/",
      "cate": "制服丝袜,2&&群交淫乱,3&&无码专区,4&&偷拍自拍,5&&卡通动漫,6&&中文字幕,7&&欧美性爱,8&&巨乳美乳,9&&中国裸聊,10&&中国自拍,11&&中国盗摄,12&&伦理三级,13&&女同性恋,14&&少女萝莉,15&&人妖系列,16&&虚拟VR,17&&亚州图片,18&&欧美图片,19&&美腿丝袜,20&&网友自拍,21&&清纯唯美,22&&另类图片,23&&卡通贴图,24&&熟女乱伦,25&&现代激情,26&&古典武侠,27&&暴力强奸,28&&校园春色,29&&家庭乱伦,30&&长篇连载,31&&情色幽默,32&&淫妻交换",
      "click": true,
      "type": "xml",
      "detailUrl": ""
    },
    {
      "id": 1,
      "name": "18X 大地",
      "url": "https://dadiapi.com/api.php",
      "cate": "日韩无码,1&&强奸乱伦,2&&欧美精品,3&&中国精品,4&&❌,5&&❌,6&&❌,7&&❌,8&&❌,9&&❌,10&&❌,11&&❌,12&&❌,13&&❌,14&&❌,15&&人妻系列,16&&❌,17&&中文字幕,18&&❌,19&&动漫精品,20&&❌,21&&❌,22&&伦理影片,23&&❌,24&&制服诱惑,25&&❌,26&&偷拍,27&&日本有码,28&&❌,29&&❌,30&&❌,31&&口交,32&&❌,33&&❌,34&&❌,35&&AV,36&&AV,37&&AV,38&&AV,39&&SM,40&&教师学生,41&&中国自拍,42&&❌,43&&❌,44&&❌,45&&❌,46&&❌,47&&❌,48&&❌,49&&柚木TINA,50&&原纱央莉,51&&大桥未久,52&&橘日向,53&&仁科百华,54&&天海翼,55&&小川阿佐美,56&&三上悠亚,57&&长泽梓,58&&❌,59&&❌,60",
      "click": true,
      "type": "xml",
      "detailUrl": ""
    },
    {
      "id": 1,
      "name": "18X 鲨鱼",
      "url": "https://shayuapi.com/api.php/provide/vod/at/xml/",
      "cate": "❌,1&&中国情色,2&&日本无码,3&&日本有码,20&&中文字幕,21&&网红主播,22&&成人动漫,23&&欧美情色,24&&国模私拍,25&&长腿丝袜,26&&邻家人妻,27&&韩国伦理,28&&香港伦理,31&&精品推荐,32&&原纱央莉,33&&柚木TINA,34&&大桥未久,35&&橘日向,36&&仁科百华,37&&天海翼,38&&小川阿佐美,39&&三上悠亚,40&&长泽梓",
      "click": true,
      "type": "xml",
      "detailUrl": ""
    },
    {
      "id": 1,
      "name": "18X 色猫",
      "url": "https://semaozy6.com/inc/api.php",
      "cate": "中国自拍,1&&日本无码,2&&日本有码,3&&中文字幕,4&&欧美精品,5&&动漫,6&&日本素人,7&&高清名优,8&&❌,9&&网红主播,10&&台湾AV,11&&日本AV,12&&日本AV,13&&日本AV,14&&SM馆,15&&日本AV,16&&网络主播,17",
      "click": true,
      "type": "xml",
      "detailUrl": ""
    },
    {
      "id": 1,
      "name": "18X 易看",
      "url": "https://api.yikanapi.com/api.php/provide/vod/at/xml/",
      "cate": "三级伦理,20&&韩国伦理,22&&日本伦理,23&&香港伦理,24&&西方伦理,25&&台湾伦理,26&&美女写真,28&&日本写真,29&&西方写真,30&&中国写真,31&&动漫,33",
      "click": true,
      "type": "xml",
      "detailUrl": ""
    },
    {
      "id": 1,
      "name": "18X 探探",
      "url": "https://apittzy.com/api.php/provide/vod/at/xml/",
      "cate": "精品推荐,2&&中国视频,3&&主播直播,4&&日本无码,5&&日本有码,6&&中文字幕,7&&巨乳美乳,8&&熟女人妻,9&&强奸乱伦,10&&欧美精品,11&&少女萝莉,12&&三级伦理,13&&成人动漫,20&&网友自拍,21&&唯美写真,22&&露出激情,23&&街拍偷拍,24&&丝袜美腿,25&&欧美风情,26&&图片动漫,27&&都市激情,28&&校园之恋,29&&真实体验,30&&武侠虚幻,31&&家庭乱伦,32&&职场丽人,33&&经验故,34",
      "click": true,
      "type": "xml",
      "detailUrl": ""
    },
    {
      "id": 1,
      "name": "18X 玉兔",
      "url": "https://apiyutu.com/api.php/provide/vod/at/xml",
      "cate": "❌,20&&精品推荐,21&&中国精品,22&&主播秀色,23&&日本有码,24&&日本无码,25&&中文字幕,26&&童颜巨乳,27&&性感人妻,28&&强奸乱伦,29&&欧美情色,30&&童真萝莉,31&&三级伦理,32&&卡通动漫,33&&丝袜OL,34&&口爆颜射,35&&自拍偷拍,36&&日本片商,37&&Cosplay,38&&素人自拍,39&&台湾色情,40&&韩国自拍,41&&性感港姐,42&&东南亚情色,43&&凌辱束缚,44&&剧情介绍,45&&多P,46&&91系列,47&&网红系列,48&&野外系列,49&&女仆系列,50&&学生中出,51&&性感旗袍,52&&兽耳作品,53&&瑜伽裤,54&&骚货护士,55&&及膝袜,56&&网曝系列,57&&麻豆传媒,58&&女同人妖,59&&恋腿癖,60",
      "click": true,
      "type": "xml",
      "detailUrl": ""
    },
    {
      "id": 1,
      "name": "18X 奥斯卡",
      "url": "https://aosikazy.com/api.php/provide/vod/at/xml",
      "cate": "❌,20&&中国视频,21&&中文字幕,22&&中国传媒,23&&日本有码,24&&日本无码,25&&欧美无码,26&&强奸乱伦,27&&制服诱惑,28&&主播直播,29&&激情动漫,30&&明星换脸,31&&抖阴视频,32&&女优明星,33&&视频一区,34&&视频二区,35&&网-曝-门,36&&视频三区,37&&伦理三级,38&&AV解说,39&&SM调教,40&&萝莉少女,41&&极品媚黑,42&&女同性恋,43&&玩偶姐姐,44&&视频四区,45&&人妖系,46",
      "click": true,
      "type": "xml",
      "detailUrl": ""
    },
    {
      "id": 1,
      "name": "18X 155资源",
      "url": "https://155api.com/api.php/provide/vod/at/xml",
      "cate": "❌,1&&无码专区,2&&麻豆传媒,3&&制服诱惑,4&&三级伦理,5&&AI换脸,6&&中文字幕,7&&卡通动漫,8&&欧美系列,9&&美女主播,10&&中国自拍,11&&熟女人妻,12&&萝莉少女,13&&女同性爱,14&&多人群交,15&&美乳巨乳,16&&强奸乱伦,17&&生活都市,18&&不偷恋情,19&&学生校园,20&&人妻熟女,21&&暴力虐待,22&&明星偶像,23&&玄幻仙侠,24&&科学幻想,25&&街拍偷拍,26&&丝袜美腿,27&&欧美风情,28&&网友自拍,29&&卡通漫画,30&&露出激情,31&&唯美写真,32&&女优情报,33&&标清电影,34&&高清电影,35&&言情小说,36&&火辣美图,37",
      "click": true,
      "type": "xml",
      "detailUrl": ""
    },
    {
      "id": 1,
      "name": "18X 黄瓜",
      "url": "https://www.zy018.com/api.php/provide/vod/at/xml/",
      "cate": "分类1,6&&子类1,22&&中国精品,24&&日本有码,25&&高清无码,26&&绿帽淫妻,27&&欧美专区,28&&中国片商,29&&AV解说,30&&中国乱伦,31&&麻豆传媒,32&&精东影业,33&&天美传媒,34&&兔子先生,35&&星空无限,36&&蜜桃传媒,37&&果冻传媒,38&&SWAG,39&&中文字幕,41&&精品动漫,42&&美女主播,43&&分类2,44&&JVID,45&&葫芦影业,46&&中国探花,47&&明星淫梦,48&&TS人,49",
      "click": true,
      "type": "xml",
      "detailUrl": ""
    },
    {
      "id": 1,
      "name": "18X 葡萄",
      "url": "https://caiji.putaozyw.net/inc/api.php",
      "cate": "亚洲无码,2&&亚洲有码,3&&欧美情色,4&&中文字幕,5&&动漫卡通,20&&美女主播,21&&人妻熟女,22&&强奸乱伦,23&&日韩伦理,24&&中国自拍,26&&网友自拍,27&&卡通漫画,28&&露出激情,29&&亚洲性爱,30&&丝袜美腿,31&&欧美风情,32&&清纯唯美,33&&科学幻想,34&&学生校园,35&&玄幻仙侠,36&&GIF动图,37&&精选口爆,38&&同性同志,39&&重口味,40&&经验故事,41&&明星偶像,42&&不伦恋情,43&&暴力虐待,44&&生活都市,45&&美女写真,46&&韩国主播,47&&JAV 4K,48&&91大神,49&&AV解说,50&&国外热门资源,52&&精品海外欧美资源,53&&精品海外亚洲资源,54",
      "click": true,
      "type": "xml",
      "detailUrl": ""
    },
    {
      "id": 1,
      "name": "18X 伊人",
      "url": "https://api.yirenziyuan.com/api.php/provide/vod/at/xml/",
      "cate": "视频一区,21&&视频二区,22&&中国情色,23&&主播直播,24&&日本无码,25&&日本有码,26&&中文字幕,27&&欧美极品,28&&动漫精品,29&&强奸乱伦,30&&变态另类,31&&巨乳美乳,32&&制服诱惑,33&&熟女人妻,34&&三级伦理,35&&自拍偷拍,36&&AI换脸,37&&少女萝莉,38",
      "click": true,
      "type": "xml",
      "detailUrl": ""
    },
    {
      "id": 1,
      "name": "18X 乐播",
      "url": "https://lbapi9.com/api.php/provide/vod/at/xml/",
      "cate": "亚洲情色,1&&中国主播,2&&中国自拍,3&&日本无码,4&&欧美精选,5&&熟女人妻,6&&强奸乱伦,7&&巨乳美乳,8&&中文字幕,9&&制服诱惑,10&&女同性恋,11&&动画,12&&❌,13&&少女萝莉,14&&重口色情,15&&人兽交,16&&❌,17&&❌,18&&❌,19&&❌,20&&❌,21&&❌,22&&❌,23&&❌,24&&❌,25&&❌,26&&❌,27&&❌,28&&❌,29&&❌,30&&❌,31&&❌,32&&❌,33",
      "click": true,
      "type": "xml",
      "detailUrl": ""
    },
    {
      "id": 1,
      "name": "18X 奶香香",
      "url": "https://naixxzy.com/api.php/provide/vod/at/xml/",
      "cate": "精品国产,2&&精品日韩,3&&精品综合,4&&精品小说,5&&精品美图,20&&国产自拍,21&&主播诱惑,22&&探花约炮,23&&偷拍偷窥,24&&网曝吃瓜,25&&抖阴短片,26&&传媒剧情,27&&日韩主播,28&&日韩无码,29&&中文字幕,30&&AV解说,31&&换脸明星,32&&强奸乱伦,33&&女优明星,34&&欧美激情,35&&重口激情,36&&三级伦理,37&&剧情动漫,38&&SM调教,39&&女同性恋,40&&VR视角,41&&都市言情,42&&暴力侵犯,43&&家庭伦伦,44&&性感身体,45&&角色扮演,46&&福利姬,47&&漫画连载,48",
      "click": true,
      "type": "xml",
      "detailUrl": ""
    },
    {
      "id": 1,
      "name": "18X 老鸭",
      "url": "https://api.apilyzy.com/api.php/provide/vod/at/xml",
      "cate": "国产情色,21&&日本无码,22&&日本有码,23&&中文字幕,24&&欧美极品,26&&动漫精品,27&&强奸乱伦,28&&变态另类,29&&国产主播,30&&巨乳美乳,31&&制服诱惑,33&&熟女人妻,34&&三级伦理,53&&自拍偷拍,57&&AI换脸,58&&海外明星,62&&少女萝莉,63&&国产传媒,74&&网红黑料,75&&女同性恋,76&&人妖系列,77&&AV解说,78&&学生系列,79&&极品少妇,80",
      "click": true,
      "type": "xml",
      "detailUrl": ""
    },
    {
      "id": 1,
      "name": "18X 辣椒",
      "url": "https://apilj.com/api.php/provide/vod/at/xml/",
      "cate": "国产自拍,2&&欧美极品,3&&日韩无码,4&&AV明星,17&&公告,18&&头条,20&&中文字幕,21&&动漫精品,22&&极骚萝莉,23&&人妖视频,24&&重咸口味,25&&三级自慰,26&&强奸乱伦,27&&独家擂台格斗,28&&辣椒GIGA,31&&HEYZO,32&&独家DMM,33&&HEY诱惑,34&&童颜巨乳,35&&高潮喷吹,36&&激情口交,37&&绝美少女,38&&首次亮相,39&&柚木TINA,40&&原纱央莉,41&&大桥未久,42&&AV明星1,43&&仁科百华,44&&天海翼,45&&小川阿佐美,46&&三上悠亚,47&&长泽梓,48",
      "click": true,
      "type": "xml",
      "detailUrl": ""
    },
    {
      "id": 1,
      "name": "18X 博民",
      "url": "https://www.bmzyapi9.com/api.php/provide/vod/at/xml",
      "cate": "国产自拍,2&&中文字幕,3&&欧美激情,4&&动漫番剧,5&&国产传媒,6&&高清无码,7&&91视频,8&&黑丝美腿,9&&自慰系列,10&&清纯学生,11&&护士诱惑,12&&情趣女郎,13&&台湾SWAG,14&&双龙入洞,15&&人间胸器,16&&KTV合集,17",
      "click": true,
      "type": "xml",
      "detailUrl": ""
    },
    {
      "id": 1,
      "name": "18X KK资源",
      "url": "http://kkzy.me/api.php/provide/vod/at/xml/",
      "cate": "伦理片,2&&写真资源,20&&韩国伦理,21&&香港三级,22&&西方伦理,23&&动漫精品,24&&日本伦理,25&&两性课堂,26&&短视频主播,27",
      "click": true,
      "type": "xml",
      "detailUrl": ""
    },
    {
      "id": 1,
      "name": "百度",
      "url": "https://api.apibdzy.com/api.php/provide/vod/from/dbm3u8/at/xml/",
      "cate": "动漫,4&&❌,5&&动作片,6&&喜剧片,7&&爱情片,8&&科幻片,9&&恐怖片,10&&剧情片,11&&战争片,12&&国产剧,13&&香港剧,14&&韩国剧,15&&日本剧,16&&纪录片,17&&犯罪片,18&&动漫电影,20&&台湾剧,21&&欧美剧,22&&海外剧,23&&泰国剧,24&&中国综艺,25&&日韩综艺,26&&港台综艺,27&&欧美综艺,28&&中国动漫,29&&日本动漫,30&&欧美动漫,31&&悬疑片,32&&邵氏电影,33&&体育赛事,34",
      "click": true,
      "type": "xml",
      "detailUrl": ""
    },
    {
      "id": 1,
      "name": "加菲猫",
      "url": "https://xzcjz.com/api.php/provide/vod/at/xml",
      "cate": "电影,2&&连续剧,3&&动漫电影,4&&综艺,6&&喜剧片,7&&爱情片,8&&恐怖片,9&&动作片,10&&科幻片,11&&剧情片,12&&战争片,13&&欧美剧,14&&香港剧,15&&中国剧,16&&韩国剧,17&&子类12,18&&子类113,20&&警匪片,21&&犯罪片,22&&动画片,23&&奇幻片,24&&武侠片,25&&冒险片,26&&枪战片,27&&台湾剧,28&&泰国剧,29&&日本剧,30&&中国动漫,32&&日本动漫,33&&欧美动漫,34&&中国综艺,35&&港台综艺,36&&日韩综艺,37&&欧美综艺,41&&悬疑片,42&&灾难片,43&&海外剧,44",
      "click": true,
      "type": "xml",
      "detailUrl": ""
    },
    {
      "id": 1,
      "name": "豪华",
      "url": "https://hhzyapi.com/api.php/provide/vod/at/xml",
      "cate": "电影,3&&欧美剧,4&&香港剧,5&&韩剧,6&&日剧,7&&马泰剧,8&&伦理片,9&&动作片,10&&爱情片,11&&喜剧片,12&&科幻片,13&&恐怖片,14&&剧情片,15&&战争片,16&&记录片,17&&动漫,20&&中国剧,23&&动画片,24&&中国动漫,25&&日本动漫,26&&欧美动漫,27&&综艺,28&&台湾剧,30&&中国综艺,31&&日韩综艺,32&&港台综艺,33&&欧美综艺,34&&灾难片,35&&悬疑片,36&&犯罪片,37&&奇幻片,38&&短剧,39",
      "click": true,
      "type": "xml",
      "detailUrl": ""
    },
    {
      "id": 1,
      "name": "49资源",
      "url": "https://49zyw.com/api.php/provide/vod/at/xml",
      "cate": "电影,2&&纪录片,3&&连续剧,4&&欧美剧,5&&香港剧,6&&动作片,7&&爱情片,8&&科幻片,9&&恐怖片,10&&剧情片,11&&战争片,12&&喜剧片,20&&动画片,21&&犯罪片,22&&中国剧,23&&韩国剧,24&&动漫,25&&综艺,26&&大陆综艺,27&&港台综艺,28&&日韩综艺,29&&欧美综艺,30&&台湾剧,31&&中国动漫,32&&日本动漫,33&&欧美动漫,34&&海外动漫,35&&泰国剧,36&&日剧,37&&电影解说,38&&奇幻片,39&&灾难片,40&&悬疑片,41&&其他片,42&&体育赛事,44&&海外据,45",
      "click": true,
      "type": "xml",
      "detailUrl": ""
    },
    {
      "id": 1,
      "name": "魔都",
      "url": "https://www.moduzy.com/api.php/provide/vod/at/xml/",
      "cate": "中国动漫,2&&日本动漫,3&&欧美动漫,4&&港台动漫,5&&动漫电影,6",
      "click": true,
      "type": "xml",
      "detailUrl": ""
    },
    {
      "id": 1,
      "name": "火狐",
      "url": "https://hhzyapi.com/api.php/provide/vod/at/xml",
      "cate": "电视剧,2&&电影,3&&欧美剧,4&&香港剧,5&&韩剧,6&&日剧,7&&马泰剧,8&&伦理片,9&&动作片,10&&爱情片,11&&喜剧片,12&&科幻片,13&&恐怖片,14&&剧情片,15&&战争片,16&&记录片,17&&动漫,20&&内地剧,23&&动画片,24&&中国动漫,25&&日本动漫,26&&欧美动漫,27&&综艺,28&&台湾剧,30&&大陆综艺,31&&日韩综艺,32&&港台综艺,33&&欧美综艺,34&&灾难片,35&&悬疑片,36&&犯罪片,37&&奇幻片,38",
      "click": true,
      "type": "xml",
      "detailUrl": ""
    },
    {
      "id": 1,
      "name": "快云",
      "url": "http://www.kuaiyunzy.com/api.php/provide/vod/at/xml/",
      "cate": "电影,2&&连续剧,3&&综艺,4&&动漫,5&&影视资讯,6&&影视资讯,7&&影视推荐,8&&站内公告,9&&体育,10&&纪录片,20&&冒险片,21&&剧情片,22&&动作片,23&&动画电影,24&&同性片,25&&喜剧片,26&&奇幻片,27&&恐怖片,28&&悬疑片,29&&惊悚片,30&&战争片,31&&歌舞片,32&&灾难片,33&&爱情片,34&&犯罪片,35&&科幻片,36&&经典片,37&&网络电影,38&&中国剧,39&&欧美剧,40&&日本剧,42&&泰剧,43&&港台剧,45&&新马剧,46&&其他剧,47&&欧美综艺,48&&日本综艺,49&&韩国综艺,50&&中国综艺,51&&新马泰综艺,52&&港台综艺,53&&其他综艺,54&&欧美动漫,55&&日本动漫,56&&韩国动漫,57&&中国动漫,58&&新马泰动漫,59&&港台动漫,60&&其他动漫,61&&伦理片,62&&韩国剧,63&&海外剧,64",
      "click": true,
      "type": "xml",
      "detailUrl": ""
    },
    {
      "id": 1,
      "name": "快车",
      "url": "https://caiji.kczyapi.com/api.php/provide/vod/at/xml/",
      "cate": "电影,1&&动作片,2&&喜剧片,3&&爱情片,4&&科幻片,5&&恐怖片,6&&战争片,7&&剧情片,8&&伦理片,9&&动漫电影,10&&电视剧,11&&中国剧,12&&香港剧,13&&台湾剧,14&&欧美剧,15&&韩国剧,16&&日本剧,17&&海外剧,18&&动漫,20&&中国动漫,21&&日本动漫,22&&欧美动漫,23&&预留,24&&综艺,25&&中国综艺,26&&日韩综艺,27&&港台综艺,28&&欧美综艺,29&&泰国剧,31",
      "click": true,
      "type": "xml",
      "detailUrl": ""
    },
    {
      "id": 1,
      "name": "快看",
      "url": "https://www.kuaikanzy.net/api.php/provide/vod/at/xml/",
      "cate": "电影,2&&连续剧,3&&综艺,4&&动漫,5&&影视资讯,6&&影视资讯,7&&影视推荐,8&&站内公告,9&&体育,10&&纪录片,20&&冒险片,21&&剧情片,22&&动作片,23&&动画电影,24&&同性片,25&&喜剧片,26&&奇幻片,27&&恐怖片,28&&悬疑片,29&&惊悚片,30&&战争片,31&&歌舞片,32&&灾难片,33&&爱情片,34&&犯罪片,35&&科幻片,36&&经典片,37&&网络电影,38&&中国剧,39&&欧美剧,40&&日本剧,42&&泰国剧,43&&港台剧,45&&新马剧,46&&其他剧,47&&欧美综艺,48&&日本综艺,49&&韩国综艺,50&&中国综艺,51&&新马泰综艺,52&&港台综艺,53&&其他综艺,54&&欧美动漫,55&&日本动漫,56&&韩国动漫,57&&中国动漫,58&&新马泰动漫,59&&港台动漫,60&&其他动漫,61&&伦理片,62&&韩国剧,63&&海外剧,64",
      "click": true,
      "type": "xml",
      "detailUrl": ""
    },
    {
      "id": 1,
      "name": "奇虎",
      "url": "https://caiji.qhzyapi.com/api.php/provide/vod/at/xml/",
      "cate": "电影,2&&电视剧,3&&动漫,4&&综艺,5&&分类5,6&&动作片,7&&喜剧片,8&&爱情片,9&&科幻片,10&&恐怖片,11&&战争片,12&&剧情片,13&&中国剧,14&&香港剧,15&&台湾剧,16&&欧美剧,17&&子类12,18&&子类113,21&&动画片,29&&纪录片,31&&伦理片,32&&日本剧,33&&韩国剧,34&&泰国剧,36&&海外剧,37&&欧美动漫,38&&日本动漫,40&&中国动漫,43&&欧美综艺,44&&日本综艺,46&&中国综艺,47&&港台综艺,48",
      "click": true,
      "type": "xml",
      "detailUrl": ""
    },
    {
      "id": 1,
      "name": "极速",
      "url": "https://www.jisuzy.com/api.php/provide/vod/at/xml/",
      "cate": "电视剧,2&&电影,3&&欧美剧,4&&香港剧,5&&韩剧,6&&日剧,7&&马泰剧,8&&伦理片,9&&动作片,10&&爱情片,11&&喜剧片,12&&科幻片,13&&恐怖片,14&&剧情片,15&&战争片,16&&记录片,17&&动漫,20&&内地剧,23&&动画片,24&&7中国动漫,25&&7日本动漫,26&&7欧美动漫,27&&综艺,28&&台湾剧,29&&体育赛事,30&&7大陆综艺,31&&7日韩综艺,32&&7港台综艺,33&&7欧美综艺,34&&灾难片,35&&悬疑片,36&&犯罪片,37&&奇幻片,38",
      "click": true,
      "type": "xml",
      "detailUrl": ""
    },
    {
      "id": 1,
      "name": "速播",
      "url": "https://www.subozy1.com/api.php/provide/vod/at/xml/",
      "cate": "电影,2&&电视剧,3&&动漫,4&&综艺,5&&纪录片,6&&动作片,7&&爱情片,8&&科幻片,9&&战争片,10&&剧情片,11&&恐怖片,12&&喜剧片,13&&动漫电影,14&&中国剧,15&&台湾剧,16&&韩国剧,17&&欧美剧,18&&香港剧,20&&日本剧,21&&泰国剧,22&&伦理片,23&&体育赛事,24&&中国动漫,25&&日本动漫,26&&欧美动漫,27",
      "click": true,
      "type": "xml",
      "detailUrl": ""
    },
    {
      "id": 1,
      "name": "卧龙",
      "url": "https://www.wolongzyw.com/api.php/provide/vod/at/xml/",
      "cate": "动作片,5&&喜剧片,6&&爱情片,7&&科幻片,8&&恐怖片,9&&剧情片,10&&战争片,11&&国产剧,12&&香港剧,13&&韩国剧,14&&欧美剧,15&&台湾剧,16&&日本剧,17&&海外剧,18&&纪录片,22&&短片,23&&动漫电影,24&&中国动漫,25&&欧美动漫,26&&日本动漫,27&&台湾综艺,30&&韩国综艺,31&&中国综艺,32&&泰国剧,33&&欧美综艺,37&&电影解说,38&&惊悚片,39&&歌舞片,41&&家庭片,42&&古装片,43&&历史片,44&&悬疑片,45&&犯罪片,46",
      "click": true,
      "type": "xml",
      "detailUrl": ""
    },
    {
      "id": 1,
      "name": "光速",
      "url": "https://api.guangsuapi.com/api.php/provide/vod/at/xml/",
      "cate": "综艺,3&&动漫,4&&动作片,6&&喜剧片,7&&爱情片,8&&科幻片,9&&剧情片,10&&恐怖片,11&&战争片,12&&中国剧,13&&欧美剧,14&&香港剧,15&&韩国剧,16&&动漫电影,20&&日本剧,21&&台湾剧,22&&泰国剧,23&&纪录片,24&&❌,25&&❌,26&&❌,27&&❌,28&&❌,29&&❌,30",
      "click": true,
      "type": "xml",
      "detailUrl": ""
    },
    {
      "id": 1,
      "name": "金鹰",
      "url": "https://jyzyapi.com/provide/vod/at/xml/",
      "cate": "❌,2&&欧美剧,3&&香港剧,4&&韩国剧,5&&日本剧,6&&马泰剧,7&&❌,8&&动作片,9&&爱情片,10&&喜剧片,11&&科幻片,12&&恐怖片,13&&剧情片,14&&战争片,15&&纪录片,16&&动漫,17&&中国剧,20&&动画电影,23&&中国动漫,24&&日本动漫,25&&欧美动漫,26&&综艺,27&&台湾剧,28&&体育赛事,29&&❌,30",
      "click": true,
      "type": "xml",
      "detailUrl": ""
    },
    {
      "id": 1,
      "name": "U酷",
      "url": "https://api.ukuapi.com/api.php/provide/vod/at/xml/",
      "cate": "电视剧,2&&综艺,3&&动漫,4&&动作片,6&&喜剧片,7&&爱情片,8&&科幻片,9&&恐怖片,10&&剧情片,11&&战争片,12&&中国剧,13&&香港剧,14&&日本剧,15&&欧美剧,16&&动漫电影,20&&台湾剧,21&&韩国剧,22&&泰国剧,23&&纪录片,24&&❌,25&&❌,26",
      "click": true,
      "type": "xml",
      "detailUrl": ""
    },
    {
      "id": 1,
      "name": "樱花",
      "url": "https://m3u8.apiyhzy.com/api.php/provide/vod/at/xml/",
      "cate": "动作片,6&&喜剧片,7&&爱情片,8&&科幻片,9&&恐怖片,10&&剧情片,11&&战争片,12&&中国剧,13&&香港剧,14&&台湾剧,15&&韩国剧,16&&犯罪片,20&&纪录片,21&&动漫电影,22&&日本剧,23&&欧美剧,24&&海外剧,25&&中国综艺,26&&日韩综艺,27&&港台综艺,28&&欧美综艺,29&&中国动漫,30&&日本动漫,31&&欧美动漫,32&&海外动漫,33",
      "click": true,
      "type": "xml",
      "detailUrl": ""
    },
    {
      "id": 1,
      "name": "红牛",
      "url": "https://www.hongniuzy2.com/api.php/provide/vod/at/xmlsea/",
      "cate": "中国剧,12&&韩国剧,18&&日本剧,14&&欧美剧,15&&台湾剧,16&&香港剧,13&&泰国剧,17&&动漫,4&&综艺,3&&动作片,5&&喜剧片,6&&爱情片,7&&科幻片,8&&恐怖片,9&&剧情片,10&&战争片,11",
      "click": true,
      "type": "xml",
      "detailUrl": ""
    },
    {
      "id": 1,
      "name": "唐人街",
      "url": "https://www.tangrenjie.tv/api.php/provide/vod/at/xml",
      "cate": "电影,1&&电视剧,2&&综艺,3&&动漫,4&&动作片,6&&喜剧片,7&&爱情片,8&&科幻片,9&&恐怖片,10&&剧情片,11&&战争片,12&&中国剧,13&&港台剧,14&&日韩剧,15&&欧美剧,16&&海外剧,27&&纪录片,28",
      "click": true,
      "type": "xml",
      "detailUrl": ""
    },
    {
      "id": 1,
      "name": "淘片",
      "url": "https://taopianapi.com/cjapi/sda/vod/xml.html",
      "cate": "中国剧,1310800&&欧美剧,1310801&&韩国剧,1310802&&日本剧,1310803&&香港剧,1310804&&台湾剧,1310805&&泰国剧,1310862&&海外剧,1310806&&中国综艺,9306200&&韩国综艺,9306201&&台湾综艺,9306202&&欧美综艺,9306203&&❌,9306204&&中国动漫,9699423&&日本动漫,9699424&&欧美动漫,9699425&&海外动漫,9699422&&动作片,65602&&喜剧片,65603&&爱情片,65604&&科幻片,65605&&恐怖片,65606&&剧情片,65607&&战争片,65608&&悬疑片,65609&&冒险片,65610&&动漫电影,65611&&惊悚片,65612&&奇幻片,65613&&纪录片,65614&&❌,9700000",
      "click": true,
      "type": "xml",
      "detailUrl": ""
    },
    {
      "id": 1,
      "name": "鱼乐",
      "url": "https://api.ylzy1.com/api.php/provide/vod/at/xml/",
      "cate": "电影,1&&连续剧,2&&综艺,3&&动漫,4&&动作片,6&&爱情片,7&&科幻片,8&&恐怖片,9&&犯罪片,10&&战争片,11&&中国剧,13&&港剧,14&&美剧,15&&韩剧,16&&纪录片,20&&剧情片,21&&日剧,22&&喜剧片,23&&台剧,24&&海外剧,25&&大陆综艺,26&&日韩综艺,27&&港台综艺,28&&欧美综艺,29&&中国动漫,30&&日本动漫,31&&欧美动漫,32&&海外动漫,33&&古装片,34&&奇幻片,35&&动画片,36&&悬疑片,37&&伦理片,38",
      "click": true,
      "type": "xml",
      "detailUrl": ""
    },
    {
      "id": 1,
      "name": "八戒",
      "url": "http://cj.bajiecaiji.com/inc/api.php",
      "cate": "动作片,5&&喜剧片,6&&爱情片,7&&科幻片,8&&恐怖片,9&&奇幻片,10&&剧情片,11&&中国剧,12&&香港剧,13&&台湾剧,14&&韩国剧,15&&日本剧,16&&欧美剧,17&&微电影,19&&海外剧,42&&港台综艺,98&&国外综艺,97&&中国综艺,96&&中国动漫,91&&日本动漫,92&&欧美动漫,93&&其他动漫,94&&纪录片,99&&动漫电影,100&&战争片,101",
      "click": true,
      "type": "xml",
      "detailUrl": ""
    },
    {
      "id": 1,
      "name": "夸克",
      "url": "http://kuakezy1.com/api.php/provide/vod/at/xml/",
      "cate": "电影,2&&连续剧,3&&综艺,4&&动漫,5&&热门短剧,6&&动作片,7&&喜剧片,8&&爱情片,9&&科幻片,10&&恐怖片,11&&剧情片,12&&战争片,13&&中国剧,14&&香港剧,15&&台湾剧,16&&韩国剧,17&&热门短剧,20&&伦理片,21&&纪录片,22&&悬疑片,23&&动画片,24&&犯罪片,25&&奇幻片,26&&邵氏电影,27&&美国剧,28&&日本剧,29&&海外剧,30&&泰剧,31&&大陆综艺,32&&日韩综艺,33&&港台综艺,34&&欧美综艺,35&&中国动漫,36&&日韩动漫,37&&欧美动漫,38&&3D电影,39&&动作片,40&&喜剧片,41&&爱情片,42&&科幻片,43&&恐怖片,44&&剧情片,45&&战争片,46&&伦理片,47&&纪录片,49&&悬疑片,50&&动画片,51&&犯罪片,52&&奇幻片,53",
      "click": true,
      "type": "xml",
      "detailUrl": ""
    },
    {
      "id": 1,
      "name": "快帆",
      "url": "https://api.kuaifan.tv/api.php/provide/vod/at/xml",
      "cate": "电影,2&&连续剧,3&&综艺,4&&动漫,5&&伦理片,6&&动作片,7&&喜剧片,8&&爱情片,9&&科幻片,10&&恐怖片,11&&剧情片,12&&战争片,13&&惊悚片,14&&家庭片,15&&古装片,16&&历史片,17&&悬疑片,18&&犯罪片,19&&灾难片,20&&记录片,21&&短片,22&&动画片,23&&中国剧,24&&香港剧,25&&韩国剧,26&&欧美剧,27&&台湾剧,28&&日本剧,29&&海外剧,30&&泰国剧,31&&大陆综艺,32&&港台综艺,33&&日韩综艺,34&&欧美综艺,35&&中国动漫,36&&欧美动漫,37&&日本动漫,40&&体育专区,41&&足球,42&&微信,43&&内地明星,44&&港台明星,45&&解说专区,46&&电影解说,47&&剧集解说,48&&篮球,49&&电竞,50&&乒乓球,51&&排球,52&&综合赛事,53&&羽毛球,54&&拳击,55&&网球,56",
      "click": true,
      "type": "xml",
      "detailUrl": ""
    },
    {
      "id": 1,
      "name": "速更源",
      "url": "https://www.sugengzy.cn/api.php/provide/vod/at/xml/",
      "cate": "电影,1&&电视剧,2&&综艺,3&&动漫,4&&动作片,6&&喜剧片,7&&爱情片,8&&科幻片,9&&恐怖片,10&&剧情片,11&&战争片,12&&中国剧,13&&香港剧,14&&台湾剧,15&&欧美剧,16&&❌,20&&纪录片,21&&悬疑片,22&&动漫电影,23&&犯罪片,24&&奇幻片,25&&韩国剧,26&&日本剧,27&&海外剧,28&&泰国剧,29&&中国综艺,30&&日韩综艺,31&&港台综艺,32&&欧美综艺,33&&中国动漫,34&&日本动漫,35&&欧美动漫,36&&邵氏电影,37",
      "click": true,
      "type": "xml",
      "detailUrl": ""
    },
    {
      "id": 1,
      "name": "韩剧资源",
      "url": "http://www.hanjuzy.com/inc/api.php",
      "cate": "综艺,3&&动漫,4&&动作片,5&&喜剧片,6&&爱情片,7&&科幻片,8&&恐怖片,9&&剧情片,10&&战争片,11&&犯罪片,12&&纪录片,13&&中国剧,14&&香港剧,15&&台湾剧,16&&日本剧,17&&韩国剧,18&&泰国剧,19&&欧美剧,20&&海外剧,21",
      "click": true,
      "type": "xml",
      "detailUrl": ""
    },
    {
      "id": 1,
      "name": "美剧范",
      "url": "http://ttzmz.net/api.php/v1.vod?type=typeId&class=&area=&lang=&year=&page=pageNum",
      "detailUrl": "http://ttzmz.net/api.php/v1.vod/detail?vod_id=detailId",
      "cate": "欧美剧,1&&英国剧,2&&动漫,5",
      "type": "json",
      "click": true
    }
  ]
}
