{
  "data": [
    {
      "name": "电影轮播 ",
      "pic": "https://encrypted-tbn0.gstatic.com/images?q=tbn:ANd9GcRoFQZkfW4mB8-y1U43eM8kk1wegyRlphXO6g&usqp=CAU",
      "webUrl": "https://github.com/eklins/FDTV/raw/main/tv/%E7%94%B5%E5%BD%B1%E8%BD%AE%E6%92%AD.json",
      "type": "json",
      "subTitle": "",
      "click": true,
      "autoNext": false,
      "webOpen": false,
      "keyDownPlay": true,
      "keyUpPlay": true,
      "userAgent": "Mozilla/5.0 (Linux; U; Android 8.1.0; zh-cn; BLA-AL00 Build/HUAWEIBLA-AL00) AppleWebKit/537.36 (KHTML, like Gecko) Version/4.0 Chrome/93.0.4535.3 MQQBrowser/8.9 Mobile Safari/537.36",
      "ads": "",
      "decoder": 0,
      "webPlus": {}
    },
    {
      "name": "电视剧轮播 ",
      "pic": "https://encrypted-tbn0.gstatic.com/images?q=tbn:ANd9GcR2JbDAisQCMVx6Q-zJ9SxT7aEfVGHZA7Jh9A&usqp=CAU",
      "webUrl": "https://github.com/eklins/FDTV/raw/main/tv/%E7%94%B5%E8%A7%86%E5%89%A7%E8%BD%AE%E6%92%AD.json",
      "type": "json",
      "subTitle": "",
      "click": true,
      "autoNext": false,
      "webOpen": false,
      "keyDownPlay": true,
      "keyUpPlay": true,
      "userAgent": "Mozilla/5.0 (Linux; U; Android 8.1.0; zh-cn; BLA-AL00 Build/HUAWEIBLA-AL00) AppleWebKit/537.36 (KHTML, like Gecko) Version/4.0 Chrome/93.0.4535.3 MQQBrowser/8.9 Mobile Safari/537.36",
      "ads": "",
      "decoder": 0,
      "webPlus": {}
    },
    {
      "name": "动漫轮播 ",
      "pic": "https://encrypted-tbn0.gstatic.com/images?q=tbn:ANd9GcQa06nulHaH-fHaRBeOuU-m0rHYDR2dqcfxRA&usqp=CAU",
      "webUrl": "https://github.com/eklins/FDTV/raw/main/tv/%E5%8A%A8%E6%BC%AB%E8%BD%AE%E6%92%AD.json",
      "type": "json",
      "subTitle": "",
      "click": true,
      "autoNext": false,
      "webOpen": false,
      "keyDownPlay": true,
      "keyUpPlay": true,
      "userAgent": "Mozilla/5.0 (Linux; U; Android 8.1.0; zh-cn; BLA-AL00 Build/HUAWEIBLA-AL00) AppleWebKit/537.36 (KHTML, like Gecko) Version/4.0 Chrome/93.0.4535.3 MQQBrowser/8.9 Mobile Safari/537.36",
      "ads": "",
      "decoder": 0,
      "webPlus": {}
    },
    {
      "name": "纪录•综艺 ",
      "pic": "https://encrypted-tbn0.gstatic.com/images?q=tbn:ANd9GcSxm_LTl3s8ZoEW-Xo1F1A2o6yInYSpA-Sihw&usqp=CAU",
      "webUrl": "https://github.com/eklins/FDTV/raw/main/tv/%E7%BA%AA%E5%BD%95%E3%80%81%E7%BB%BC%E8%89%BA.json",
      "type": "json",
      "subTitle": "",
      "click": true,
      "autoNext": false,
      "webOpen": false,
      "keyDownPlay": true,
      "keyUpPlay": true,
      "userAgent": "Mozilla/5.0 (Linux; U; Android 8.1.0; zh-cn; BLA-AL00 Build/HUAWEIBLA-AL00) AppleWebKit/537.36 (KHTML, like Gecko) Version/4.0 Chrome/93.0.4535.3 MQQBrowser/8.9 Mobile Safari/537.36",
      "ads": "",
      "decoder": 0,
      "webPlus": {}
    },
    {
      "name": "美影剧 ",
      "pic": "https://encrypted-tbn0.gstatic.com/images?q=tbn:ANd9GcQ_IAiTCBB3ctb0OcQ7VciMkkyrEM6cT49GhA&usqp=CAU",
      "webUrl": "https://github.com/eklins/FDTV/raw/main/tv/%E7%BE%8E%E5%BD%B1%E5%89%A7.m3u",
      "type": "m3u",
      "subTitle": "",
      "click": true,
      "autoNext": true,
      "webOpen": false,
      "keyDownPlay": true,
      "keyUpPlay": true,
      "userAgent": "Mozilla/5.0 (Linux; U; Android 8.1.0; zh-cn; BLA-AL00 Build/HUAWEIBLA-AL00) AppleWebKit/537.36 (KHTML, like Gecko) Version/4.0 Chrome/93.0.4535.3 MQQBrowser/8.9 Mobile Safari/537.36",
      "ads": "",
      "decoder": 0,
      "webPlus": {}
    },
    {
      "name": "体育台 ",
      "pic": "https://encrypted-tbn0.gstatic.com/images?q=tbn:ANd9GcScDfsenVNcBvC14yv6J7n0wjlP-Pz_pbb-dg&usqp=CAU",
      "webUrl": "https://github.com/eklins/FDTV/raw/main/tv/%E4%BD%93%E8%82%B2.json",
      "type": "json",
      "subTitle": "",
      "click": true,
      "autoNext": false,
      "webOpen": false,
      "keyDownPlay": true,
      "keyUpPlay": true,
      "userAgent": "Mozilla/5.0 (Linux; U; Android 8.1.0; zh-cn; BLA-AL00 Build/HUAWEIBLA-AL00) AppleWebKit/537.36 (KHTML, like Gecko) Version/4.0 Chrome/93.0.4535.3 MQQBrowser/8.9 Mobile Safari/537.36",
      "ads": "",
      "decoder": 0,
      "webPlus": {}
    },
    {
      "name": "Global News ",
      "pic": "https://encrypted-tbn0.gstatic.com/images?q=tbn:ANd9GcQF9zSDPTv8-0dUMSimvMiPqHo4j0GPv-O6UQ&usqp=CAU",
      "webUrl": "https://github.com/eklins/FDTV/raw/main/tv/tv%20news.json",
      "type": "json",
      "subTitle": "",
      "click": true,
      "autoNext": false,
      "webOpen": false,
      "keyDownPlay": true,
      "keyUpPlay": true,
      "userAgent": "Mozilla/5.0 (Linux; U; Android 8.1.0; zh-cn; BLA-AL00 Build/HUAWEIBLA-AL00) AppleWebKit/537.36 (KHTML, like Gecko) Version/4.0 Chrome/93.0.4535.3 MQQBrowser/8.9 Mobile Safari/537.36",
      "ads": "",
      "decoder": 0,
      "webPlus": {}
    },
    {
      "name": "China TV ",
      "pic": "https://encrypted-tbn0.gstatic.com/images?q=tbn:ANd9GcQxiWDXgLiDbvrJalOcxFsedP__HwZ-9tTYUA&usqp=CAU",
      "webUrl": "https://github.com/eklins/FDTV/raw/main/tv/tv%20China.json",
      "type": "json",
      "subTitle": "",
      "click": true,
      "autoNext": false,
      "webOpen": false,
      "keyDownPlay": true,
      "keyUpPlay": true,
      "userAgent": "Mozilla/5.0 (Linux; U; Android 8.1.0; zh-cn; BLA-AL00 Build/HUAWEIBLA-AL00) AppleWebKit/537.36 (KHTML, like Gecko) Version/4.0 Chrome/93.0.4535.3 MQQBrowser/8.9 Mobile Safari/537.36",
      "ads": "",
      "decoder": 0,
      "webPlus": {}
    },
    {
      "name": "USA TV ",
      "pic": "https://encrypted-tbn0.gstatic.com/images?q=tbn:ANd9GcS2t6I8u-RbV6-wyfDNZiDsgC2K9pLq4RpPKQ&usqp=CAU",
      "webUrl": "https://github.com/eklins/FDTV/raw/main/tv/tv%20USA.m3u",
      "type": "m3u",
      "subTitle": "",
      "click": true,
      "autoNext": false,
      "webOpen": false,
      "keyDownPlay": true,
      "keyUpPlay": true,
      "userAgent": "Mozilla/5.0 (Linux; U; Android 8.1.0; zh-cn; BLA-AL00 Build/HUAWEIBLA-AL00) AppleWebKit/537.36 (KHTML, like Gecko) Version/4.0 Chrome/93.0.4535.3 MQQBrowser/8.9 Mobile Safari/537.36",
      "ads": "",
      "decoder": 0,
      "webPlus": {}
    },
    {
      "name": "Global TV ",
      "pic": "https://encrypted-tbn0.gstatic.com/images?q=tbn:ANd9GcRkxtbviCaL2IHaeTGsvzF9STDJcqLIWRj1kw&usqp=CAU",
      "webUrl": "https://github.com/eklins/FDTV/raw/main/tv/tv%20Global.m3u",
      "type": "m3u",
      "subTitle": "",
      "click": true,
      "autoNext": false,
      "webOpen": false,
      "keyDownPlay": true,
      "keyUpPlay": true,
      "userAgent": "Mozilla/5.0 (Linux; U; Android 8.1.0; zh-cn; BLA-AL00 Build/HUAWEIBLA-AL00) AppleWebKit/537.36 (KHTML, like Gecko) Version/4.0 Chrome/93.0.4535.3 MQQBrowser/8.9 Mobile Safari/537.36",
      "ads": "",
      "decoder": 0,
      "webPlus": {}
    },
    {
      "name": "IPTV📡",
      "pic": "https://encrypted-tbn0.gstatic.com/images?q=tbn:ANd9GcSYly60y8jHpRs-IzpmCkvxTHq6KSJdiHe3Sw&usqp=CAU",
      "webUrl": "https://github.com/eklins/FDTV/raw/main/tv/IPTV.json",
      "type": "json",
      "subTitle": "",
      "click": true,
      "autoNext": false,
      "webOpen": false,
      "keyDownPlay": true,
      "keyUpPlay": true,
      "userAgent": "Mozilla/5.0 (Linux; U; Android 8.1.0; zh-cn; BLA-AL00 Build/HUAWEIBLA-AL00) AppleWebKit/537.36 (KHTML, like Gecko) Version/4.0 Chrome/93.0.4535.3 MQQBrowser/8.9 Mobile Safari/537.36",
      "ads": "",
      "decoder": 0,
      "webPlus": {}
    },
    {
      "name": "体育备台⚽",
      "pic": "https://encrypted-tbn0.gstatic.com/images?q=tbn:ANd9GcR8Q6_vMChdElIy7esv8vvNUULF9AofaIMRiw&usqp=CAU",
      "webUrl": "https://github.com/eklins/FDTV/raw/main/tv/%E4%BD%93%E8%82%B2%EF%BC%88%E5%A4%87%EF%BC%89.json",
      "type": "json",
      "subTitle": "",
      "click": true,
      "autoNext": false,
      "webOpen": false,
      "keyDownPlay": true,
      "keyUpPlay": true,
      "userAgent": "Mozilla/5.0 (Linux; U; Android 8.1.0; zh-cn; BLA-AL00 Build/HUAWEIBLA-AL00) AppleWebKit/537.36 (KHTML, like Gecko) Version/4.0 Chrome/93.0.4535.3 MQQBrowser/8.9 Mobile Safari/537.36",
      "ads": "",
      "decoder": 0,
      "webPlus": {}
    },
    {
      "name": "日のA-C🈲",
      "pic": "https://encrypted-tbn0.gstatic.com/images?q=tbn:ANd9GcTR0AcY62eHIvUL3f7zEbWUyzKmuLjG6FxyZQ&usqp=CAU",
      "webUrl": "https://github.com/eklins/FDTV/raw/main/tv/xxx%20Japan%20A-C.m3u",
      "type": "m3u",
      "subTitle": "",
      "click": true,
      "autoNext": false,
      "webOpen": false,
      "keyDownPlay": true,
      "keyUpPlay": true,
      "userAgent": "Mozilla/5.0 (Linux; U; Android 8.1.0; zh-cn; BLA-AL00 Build/HUAWEIBLA-AL00) AppleWebKit/537.36 (KHTML, like Gecko) Version/4.0 Chrome/93.0.4535.3 MQQBrowser/8.9 Mobile Safari/537.36",
      "ads": "",
      "decoder": 0,
      "webPlus": {}
    },
    {
      "name": "日のD-H🈲",
      "pic": "https://encrypted-tbn0.gstatic.com/images?q=tbn:ANd9GcRaYkLZiORKp8xKtNhoh902sIXssM5KJOy5EQ&usqp=CAU",
      "webUrl": "https://github.com/eklins/FDTV/raw/main/tv/xxx%20Japan%20D-H.m3u",
      "type": "m3u",
      "subTitle": "",
      "click": true,
      "autoNext": false,
      "webOpen": false,
      "keyDownPlay": true,
      "keyUpPlay": true,
      "userAgent": "Mozilla/5.0 (Linux; U; Android 8.1.0; zh-cn; BLA-AL00 Build/HUAWEIBLA-AL00) AppleWebKit/537.36 (KHTML, like Gecko) Version/4.0 Chrome/93.0.4535.3 MQQBrowser/8.9 Mobile Safari/537.36",
      "ads": "",
      "decoder": 0,
      "webPlus": {}
    },
    {
      "name": "日のI-L🈲",
      "pic": "https://encrypted-tbn0.gstatic.com/images?q=tbn:ANd9GcTwYMFvsxMAQlQ6sNQg_p-h6QHLd0mlszmRkA&usqp=CAU",
      "webUrl": "https://github.com/eklins/FDTV/raw/main/tv/xxx%20Japan%20I-L.m3u",
      "type": "m3u",
      "subTitle": "",
      "click": true,
      "autoNext": false,
      "webOpen": false,
      "keyDownPlay": true,
      "keyUpPlay": true,
      "userAgent": "Mozilla/5.0 (Linux; U; Android 8.1.0; zh-cn; BLA-AL00 Build/HUAWEIBLA-AL00) AppleWebKit/537.36 (KHTML, like Gecko) Version/4.0 Chrome/93.0.4535.3 MQQBrowser/8.9 Mobile Safari/537.36",
      "ads": "",
      "decoder": 0,
      "webPlus": {}
    },
    {
      "name": "日のM-R🈲",
      "pic": "https://encrypted-tbn0.gstatic.com/images?q=tbn:ANd9GcRmVx_RNqsgCaw-ejkHFX6hIO667Ta9dSukkQ&usqp=CAU",
      "webUrl": "https://github.com/eklins/FDTV/raw/main/tv/xxx%20Japan%20M-R.m3u",
      "type": "m3u",
      "subTitle": "",
      "click": true,
      "autoNext": false,
      "webOpen": false,
      "keyDownPlay": true,
      "keyUpPlay": true,
      "userAgent": "Mozilla/5.0 (Linux; U; Android 8.1.0; zh-cn; BLA-AL00 Build/HUAWEIBLA-AL00) AppleWebKit/537.36 (KHTML, like Gecko) Version/4.0 Chrome/93.0.4535.3 MQQBrowser/8.9 Mobile Safari/537.36",
      "ads": "",
      "decoder": 0,
      "webPlus": {}
    },
    {
      "name": "日のS🈲",
      "pic": "https://encrypted-tbn0.gstatic.com/images?q=tbn:ANd9GcR2w06XYP30jKIxmkR1uNf86M854t-YambFSg&usqp=CAU",
      "webUrl": "https://github.com/eklins/FDTV/raw/main/tv/xxx%20Japan%20S.m3u",
      "type": "m3u",
      "subTitle": "",
      "click": true,
      "autoNext": false,
      "webOpen": false,
      "keyDownPlay": true,
      "keyUpPlay": true,
      "userAgent": "Mozilla/5.0 (Linux; U; Android 8.1.0; zh-cn; BLA-AL00 Build/HUAWEIBLA-AL00) AppleWebKit/537.36 (KHTML, like Gecko) Version/4.0 Chrome/93.0.4535.3 MQQBrowser/8.9 Mobile Safari/537.36",
      "ads": "",
      "decoder": 0,
      "webPlus": {}
    },
    {
      "name": "日のSi-W🈲",
      "pic": "https://encrypted-tbn0.gstatic.com/images?q=tbn:ANd9GcR401q1h0RnVK2NMcamKVI96wraymSQxMwZhw&usqp=CAU",
      "webUrl": "https://github.com/eklins/FDTV/raw/main/tv/xxx%20Japan%20Si-W.m3u",
      "type": "m3u",
      "subTitle": "",
      "click": true,
      "autoNext": false,
      "webOpen": false,
      "keyDownPlay": true,
      "keyUpPlay": true,
      "userAgent": "Mozilla/5.0 (Linux; U; Android 8.1.0; zh-cn; BLA-AL00 Build/HUAWEIBLA-AL00) AppleWebKit/537.36 (KHTML, like Gecko) Version/4.0 Chrome/93.0.4535.3 MQQBrowser/8.9 Mobile Safari/537.36",
      "ads": "",
      "decoder": 0,
      "webPlus": {}
    },
    {
      "name": "日のX🈲",
      "pic": "https://encrypted-tbn0.gstatic.com/images?q=tbn:ANd9GcT7VYZTaXpycGrbLNrnn73QEmpV1yzv69jvyQ&usqp=CAU",
      "webUrl": "https://github.com/eklins/FDTV/raw/main/tv/xxx%20Japan%20X.m3u",
      "type": "m3u",
      "subTitle": "",
      "click": true,
      "autoNext": false,
      "webOpen": false,
      "keyDownPlay": true,
      "keyUpPlay": true,
      "userAgent": "Mozilla/5.0 (Linux; U; Android 8.1.0; zh-cn; BLA-AL00 Build/HUAWEIBLA-AL00) AppleWebKit/537.36 (KHTML, like Gecko) Version/4.0 Chrome/93.0.4535.3 MQQBrowser/8.9 Mobile Safari/537.36",
      "ads": "",
      "decoder": 0,
      "webPlus": {}
    },
    {
      "name": "日のY-Z🈲",
      "pic": "https://encrypted-tbn0.gstatic.com/images?q=tbn:ANd9GcSM4rHbutIdkGe2hGcLFWuvlm6KunTyikXCcg&usqp=CAU",
      "webUrl": "https://github.com/eklins/FDTV/raw/main/tv/xxx%20Japan%20Y-Z.m3u",
      "type": "m3u",
      "subTitle": "",
      "click": true,
      "autoNext": false,
      "webOpen": false,
      "keyDownPlay": true,
      "keyUpPlay": true,
      "userAgent": "Mozilla/5.0 (Linux; U; Android 8.1.0; zh-cn; BLA-AL00 Build/HUAWEIBLA-AL00) AppleWebKit/537.36 (KHTML, like Gecko) Version/4.0 Chrome/93.0.4535.3 MQQBrowser/8.9 Mobile Safari/537.36",
      "ads": "",
      "decoder": 0,
      "webPlus": {}
    },
    {
      "name": "日のAV1🈲",
      "pic": "https://encrypted-tbn0.gstatic.com/images?q=tbn:ANd9GcT8Zgtrn0r75YSAL0Uyuh3Jx8EwSnNam-AY-g&usqp=CAU",
      "webUrl": "https://github.com/eklins/FDTV/raw/main/tv/xxx%20Japan%201.m3u",
      "type": "m3u",
      "subTitle": "",
      "click": true,
      "autoNext": false,
      "webOpen": false,
      "keyDownPlay": true,
      "keyUpPlay": true,
      "userAgent": "Mozilla/5.0 (Linux; U; Android 8.1.0; zh-cn; BLA-AL00 Build/HUAWEIBLA-AL00) AppleWebKit/537.36 (KHTML, like Gecko) Version/4.0 Chrome/93.0.4535.3 MQQBrowser/8.9 Mobile Safari/537.36",
      "ads": "",
      "decoder": 0,
      "webPlus": {}
    },
    {
      "name": "日のAV2🈲",
      "pic": "https://encrypted-tbn0.gstatic.com/images?q=tbn:ANd9GcTxhrc8AN9gdpmWp3ySyi2ZWvjfsi2Rs2rANA&usqp=CAU",
      "webUrl": "https://github.com/eklins/FDTV/raw/main/tv/xxx%20Japan%202.m3u",
      "type": "m3u",
      "subTitle": "",
      "click": true,
      "autoNext": false,
      "webOpen": false,
      "keyDownPlay": true,
      "keyUpPlay": true,
      "userAgent": "Mozilla/5.0 (Linux; U; Android 8.1.0; zh-cn; BLA-AL00 Build/HUAWEIBLA-AL00) AppleWebKit/537.36 (KHTML, like Gecko) Version/4.0 Chrome/93.0.4535.3 MQQBrowser/8.9 Mobile Safari/537.36",
      "ads": "",
      "decoder": 0,
      "webPlus": {}
    },
    {
      "name": "成人TV🈲",
      "pic": "https://encrypted-tbn0.gstatic.com/images?q=tbn:ANd9GcT-B0Yxy981z3qDZn3V_9au3CpqgC36sp3HYw&usqp=CAU",
      "webUrl": "https://github.com/eklins/FDTV/raw/main/tv/xxx.m3u",
      "type": "m3u",
      "subTitle": "",
      "click": true,
      "autoNext": false,
      "webOpen": false,
      "keyDownPlay": true,
      "keyUpPlay": true,
      "userAgent": "Mozilla/5.0 (Linux; U; Android 8.1.0; zh-cn; BLA-AL00 Build/HUAWEIBLA-AL00) AppleWebKit/537.36 (KHTML, like Gecko) Version/4.0 Chrome/93.0.4535.3 MQQBrowser/8.9 Mobile Safari/537.36",
      "ads": "",
      "decoder": 0,
      "webPlus": {}
    },
    {
      "name": "音乐台 ",
      "pic": "https://encrypted-tbn0.gstatic.com/images?q=tbn:ANd9GcTAVJBacCXMEwF_m_39Z8DgNbyLJNQAPRJXkQ&usqp=CAU",
      "webUrl": "https://github.com/eklins/FDTV/raw/main/tv/%E9%9F%B3%E4%B9%90.json",
      "type": "json",
      "subTitle": "",
      "click": true,
      "autoNext": false,
      "webOpen": false,
      "keyDownPlay": true,
      "keyUpPlay": true,
      "userAgent": "Mozilla/5.0 (Linux; U; Android 8.1.0; zh-cn; BLA-AL00 Build/HUAWEIBLA-AL00) AppleWebKit/537.36 (KHTML, like Gecko) Version/4.0 Chrome/93.0.4535.3 MQQBrowser/8.9 Mobile Safari/537.36",
      "ads": "",
      "decoder": 0,
      "webPlus": {}
    },
    {
      "name": "WebTV ",
      "pic": "https://encrypted-tbn0.gstatic.com/images?q=tbn:ANd9GcSRsSvI6d33KNTwPWeEuOpUZQo52mT4TQ06rQ&usqp=CAU",
      "webUrl": "https://github.com/eklins/FDTV/raw/main/tv/webtv.json",
      "type": "json",
      "subTitle": "",
      "click": true,
      "autoNext": false,
      "webOpen": false,
      "keyDownPlay": true,
      "keyUpPlay": true,
      "userAgent": "Mozilla/5.0 (Linux; U; Android 8.1.0; zh-cn; BLA-AL00 Build/HUAWEIBLA-AL00) AppleWebKit/537.36 (KHTML, like Gecko) Version/4.0 Chrome/93.0.4535.3 MQQBrowser/8.9 Mobile Safari/537.36",
      "ads": "",
      "decoder": 0,
      "webPlus": {}
    },
    {
      "name": "json测试源",
      "pic": "https://imgpub.chuangkit.com/materials/2021/08/30/24ee516b-b5a2-415d-ba65-ea35b613cbd2?x-oss-process=image/resize,w_200/format,webp",
      "webUrl": "https://github.com/eklins/FDTV/raw/main/tv/tv%20test.json",
      "type": "json",
      "subTitle": "",
      "click": true,
      "autoNext": false,
      "webOpen": false,
      "keyDownPlay": true,
      "keyUpPlay": true,
      "userAgent": "Mozilla/5.0 (Linux; U; Android 8.1.0; zh-cn; BLA-AL00 Build/HUAWEIBLA-AL00) AppleWebKit/537.36 (KHTML, like Gecko) Version/4.0 Chrome/93.0.4535.3 MQQBrowser/8.9 Mobile Safari/537.36",
      "ads": "",
      "decoder": 0,
      "webPlus": {}
    },
    {
      "name": "m3u测试源",
      "pic": "https://imgpub.chuangkit.com/materials/2021/08/17/b2e6c85e-27e4-461b-bc3b-3cef6b6a2d4e?x-oss-process=image/resize,w_200/format,webp",
      "webUrl": "https://github.com/eklins/FDTV/raw/main/tv/tv%20test.m3u",
      "type": "m3u",
      "subTitle": "",
      "click": true,
      "autoNext": false,
      "webOpen": false,
      "keyDownPlay": true,
      "keyUpPlay": true,
      "userAgent": "Mozilla/5.0 (Linux; U; Android 8.1.0; zh-cn; BLA-AL00 Build/HUAWEIBLA-AL00) AppleWebKit/537.36 (KHTML, like Gecko) Version/4.0 Chrome/93.0.4535.3 MQQBrowser/8.9 Mobile Safari/537.36",
      "ads": "",
      "decoder": 0,
      "webPlus": {}
    },
    {
      "name": "直播•轮播后备json",
      "pic": "https://encrypted-tbn0.gstatic.com/images?q=tbn:ANd9GcQshTocS_vR5gi-k6Z5icyiicUZ-uV7kBcnPw&usqp=CAU",
      "webUrl": "https://github.com/eklins/FDTV/raw/main/tv/%E7%9B%B4%E6%92%AD%E3%80%81%E8%BD%AE%E6%92%AD%E5%90%8E%E5%A4%87.json",
      "type": "json",
      "subTitle": "",
      "click": true,
      "autoNext": false,
      "webOpen": false,
      "keyDownPlay": true,
      "keyUpPlay": true,
      "userAgent": "Mozilla/5.0 (Linux; U; Android 8.1.0; zh-cn; BLA-AL00 Build/HUAWEIBLA-AL00) AppleWebKit/537.36 (KHTML, like Gecko) Version/4.0 Chrome/93.0.4535.3 MQQBrowser/8.9 Mobile Safari/537.36",
      "ads": "",
      "decoder": 0,
      "webPlus": {}
    },
    {
      "name": "中港台20240204 ",
      "pic": "https://encrypted-tbn0.gstatic.com/images?q=tbn:ANd9GcROz9IrgCZycdITDAzseD7F7FZFWJwe3pdSpA&usqp=CAU",
      "webUrl": "https://github.com/eklins/FDTV/raw/main/zz/IPTV20240204%20%E4%B8%AD%E6%B8%AF%E5%8F%B0.m3u",
      "type": "m3u",
      "subTitle": "",
      "click": true,
      "autoNext": false,
      "webOpen": false,
      "keyDownPlay": true,
      "keyUpPlay": true,
      "userAgent": "Mozilla/5.0 (Linux; U; Android 8.1.0; zh-cn; BLA-AL00 Build/HUAWEIBLA-AL00) AppleWebKit/537.36 (KHTML, like Gecko) Version/4.0 Chrome/93.0.4535.3 MQQBrowser/8.9 Mobile Safari/537.36",
      "ads": "",
      "decoder": 0,
      "webPlus": {}
    },
    {
      "name": "中国20240219 ",
      "pic": "https://encrypted-tbn0.gstatic.com/images?q=tbn:ANd9GcROz9IrgCZycdITDAzseD7F7FZFWJwe3pdSpA&usqp=CAU",
      "webUrl": "https://github.com/eklins/FDTV/raw/main/zz/IPTV20240219%20China.m3u",
      "type": "m3u",
      "subTitle": "",
      "click": true,
      "autoNext": false,
      "webOpen": false,
      "keyDownPlay": true,
      "keyUpPlay": true,
      "userAgent": "Mozilla/5.0 (Linux; U; Android 8.1.0; zh-cn; BLA-AL00 Build/HUAWEIBLA-AL00) AppleWebKit/537.36 (KHTML, like Gecko) Version/4.0 Chrome/93.0.4535.3 MQQBrowser/8.9 Mobile Safari/537.36",
      "ads": "",
      "decoder": 0,
      "webPlus": {}
    }
  ]
}
