{
  "data": [
    {
      "name": "CCTV-1 综合",
      "url": "https://node1.olelive.com:6443/live/CCTV1HD/hls.m3u8",
      "pic": "https://encrypted-tbn0.gstatic.com/images?q=tbn:ANd9GcRsonaTIFDl7eNidjnMIMRJxB-8Eg9dDipFyA&usqp=CAU",
      "parse": false
    },
    {
      "name": "CCTV-2 财经",
      "url": "https://node1.olelive.com:6443/live/CCTV2HD/hls.m3u8",
      "pic": "https://encrypted-tbn0.gstatic.com/images?q=tbn:ANd9GcTVIFRzwvl-0AdK3IYCPSUbX0czLxPgQ6YTTA&usqp=CAUc0RHa.jpg",
      "parse": false
    },
    {
      "name": "CCTV-3 综艺",
      "url": "http://36.156.208.131/liveali-tpgq.cctv.cn/live/cctv3.m3u8",
      "pic": "https://encrypted-tbn0.gstatic.com/images?q=tbn:ANd9GcQGS5wQ-Fb9Bts78C8A9We8EEL-XnI6ylTCPQ&usqp=CAU",
      "parse": false
    },
    {
      "name": "CCTV-4 中文国际",
      "url": "http://36.156.208.131/liveali-tpgq.cctv.cn/live/cctv4.m3u8",
      "pic": "https://encrypted-tbn0.gstatic.com/images?q=tbn:ANd9GcTffpcllCOv5yV-6daYXvBRjtHlgByKzH1HFQ&usqp=CAU",
      "parse": false
    },
    {
      "name": "CCTV-4 美洲",
      "url": "https://global.cgtn.cicc.media.caton.cloud/master/cgtn-america.m3u8",
      "pic": "https://encrypted-tbn0.gstatic.com/images?q=tbn:ANd9GcR9CNVzu7VFU1-Dcmsq4QomNs8v_lyWlBcRew&usqp=CAU",
      "parse": false
    },
    {
      "name": "CCTV-5 体育",
      "url": "https://node1.olelive.com:6443/live/CCTV5HD/hls.m3u8",
      "pic": "https://encrypted-tbn0.gstatic.com/images?q=tbn:ANd9GcQvUtVhTuW7wJuKuEggOazQrvU28h1Z2HRFSA&usqp=CAU",
      "parse": false
    },
    {
      "name": "CCTV-5+ 体育赛事",
      "url": "https://node1.olelive.com:6443/live/CCTV5PHD/hls.m3u8",
      "pic": "https://encrypted-tbn0.gstatic.com/images?q=tbn:ANd9GcSymO_4CROh6yi39JsN-48NXJ29PZFqFQkxxQ&usqp=CAU",
      "parse": false
    },
    {
      "name": "CCTV-6 电影",
      "url": "https://node1.olelive.com:6443/live/CCTV6HD/hls.m3u8",
      "pic": "https://encrypted-tbn0.gstatic.com/images?q=tbn:ANd9GcTx4wKKnBl3g7MtCpyX7GxelHHFXn5POBIHKA&usqp=CAU",
      "parse": false
    },
    {
      "name": "CCTV-7 国防军事",
      "url": "http://36.156.208.131/liveali-tpgq.cctv.cn/live/cctv7.m3u8",
      "pic": "https://encrypted-tbn0.gstatic.com/images?q=tbn:ANd9GcTiN9HCILZWD9W7b0LCOq9RsxVLTXzsJXclzw&usqp=CAU",
      "parse": false
    },
    {
      "name": "CCTV-8 电视剧",
      "url": "https://node1.olelive.com:6443/live/CCTV8HD/hls.m3u8",
      "pic": "https://encrypted-tbn0.gstatic.com/images?q=tbn:ANd9GcRoJpOLumxorzY2M62X2tKPVHnuYe_leVqYDQ&usqp=CAU",
      "parse": false
    },
    {
      "name": "CCTV-9 纪录",
      "url": "https://node1.olelive.com:6443/live/CCTV9HD/hls.m3u8",
      "pic": "https://encrypted-tbn0.gstatic.com/images?q=tbn:ANd9GcQqQysQQ5EJfQrVkfErdfB5suwV6ID1tEThNg&usqp=CAU",
      "parse": false
    },
    {
      "name": "CCTV-10 科教",
      "url": "http://36.156.208.131/liveali-tpgq.cctv.cn/live/cctv10.m3u8",
      "pic": "https://encrypted-tbn0.gstatic.com/images?q=tbn:ANd9GcSYL2v7XpnJDK5h0OdY161IocFytfm6IoQkFw&usqp=CAU",
      "parse": false
    },
    {
      "name": "CCTV-11 戏曲",
      "url": "http://36.156.208.131/liveali-tpgq.cctv.cn/live/cctv11.m3u8",
      "pic": "https://encrypted-tbn0.gstatic.com/images?q=tbn:ANd9GcSpde-u1QahDqv1v9QbPnoeUggmOuuXHeWFBQ&usqp=CAU",
      "parse": false
    },
    {
      "name": "CCTV-12 社会与法",
      "url": "http://36.156.208.131/liveali-tpgq.cctv.cn/live/cctv12.m3u8",
      "pic": "https://encrypted-tbn0.gstatic.com/images?q=tbn:ANd9GcScP2_2Tr7VigiB4JP0FeeVROpLlxAxwQV0DQ&usqp=CAU",
      "parse": false
    },
    {
      "name": "CCTV-13 新闻",
      "url": "https://live-play.cctvnews.cctv.com/cctv/merge_cctv13_mhd.m3u8?auth_key=1635962688-0-e013f973588e41599d7751a912170d78-fd33c55f8befe5c00fb32fee650348c0",
      "pic": "https://encrypted-tbn0.gstatic.com/images?q=tbn:ANd9GcSml1RohUXU9F3EmzVHIMRr6E-Mm0MPKODHUw&usqp=CAU",
      "parse": false
    },
    {
      "name": "CCTV-14 少儿",
      "url": "http://36.156.208.131/liveali-tpgq.cctv.cn/live/cctv14.m3u8",
      "pic": "http://tv.haoqu99.com/d/file/2015/1121/20151121054259469.jpg",
      "parse": false
    },
    {
      "name": "CCTV-15 音乐",
      "url": "http://36.156.208.131/liveali-tpgq.cctv.cn/live/cctv15.m3u8",
      "pic": "http://tv.haoqu99.com/d/file/2015/1121/20151121054325579.jpg",
      "parse": false
    },
    {
      "name": "CCTV-16 奥林匹克",
      "url": "http://36.156.208.131/liveali-tpgq.cctv.cn/live/cctv16.m3u8",
      "pic": "https://encrypted-tbn0.gstatic.com/images?q=tbn:ANd9GcQIiYz9cTj9snQ_sJdWtiTJDatTgi-Qvou46g&usqp=CAU",
      "parse": false
    },
    {
      "name": "CCTV-17 农业农村",
      "url": "http://36.156.208.131/liveali-tpgq.cctv.cn/live/cctv17.m3u8",
      "pic": "http://tv.haoqu99.com/d/file/2019/0801/4b142ac98dcc795bfb8565909c04cf92.jpg",
      "parse": false
    },
    {
      "name": "CCTV 第一剧场",
      "url": "http://58.205.220.58:8088/tlivectfree-cdn.ysp.cctv.cn/ysp/2012514403.m3u8",
      "pic": "http://tv.haoqu99.com/d/file/2015/1121/20151121054839774.jpg",
      "parse": false
    },
    {
      "name": "CCTV 发现之旅",
      "url": "http://dbiptv.sn.chinamobile.com/PLTV/88888890/224/3221226235/index.m3u8",
      "pic": "http://tv.haoqu99.com/d/file/2015/1121/20151121055124960.jpg",
      "parse": false
    },
    {
      "name": "CCTV 风云剧场",
      "url": "http://58.205.220.58/tlivectfree-cdn.ysp.cctv.cn/1/2012513603.m3u8",
      "pic": "http://tv.haoqu99.com/d/file/2015/1121/20151121055049793.jpg",
      "parse": false
    },
    {
      "name": "CCTV 风云音乐",
      "url": "http://58.205.220.58:8088/tlivectfree-cdn.ysp.cctv.cn/ysp/2012514103.m3u8",
      "pic": "http://tv.haoqu99.com/d/file/2015/1121/20151121053553871.jpg",
      "parse": false
    },
    {
      "name": "CCTV 风云足球",
      "url": "http://58.205.220.58/tlivectfree-cdn.ysp.cctv.cn/1/2012514203.m3u8",
      "pic": "http://tv.haoqu99.com/d/file/2015/1121/20151121055021292.jpg",
      "parse": false
    },
    {
      "name": "CCTV 高尔夫•网球",
      "url": "http://58.205.220.58/tlivectfree-cdn.ysp.cctv.cn/1/2012512503.m3u8",
      "pic": "http://tv.haoqu99.com/d/file/2014/0603/20140603063333286.jpg",
      "parse": false
    },
    {
      "name": "CCTV 怀旧剧场",
      "url": "http://58.205.220.58/tlivectfree-cdn.ysp.cctv.cn/1/2012511203.m3u8",
      "pic": "http://tv.haoqu99.com/d/file/2015/1121/20151121054949338.jpg",
      "parse": false
    },
    {
      "name": "CCTV 女性时尚",
      "url": "http://58.205.220.58:8088/tlivectfree-cdn.ysp.cctv.cn/ysp/2012513903.m3u8",
      "pic": "https://encrypted-tbn0.gstatic.com/images?q=tbn:ANd9GcQQ6FE_v2wtvMu4J7lyFBZUVVvxoE3BswYgPA&usqp=CAU",
      "parse": false
    },
    {
      "name": "CCTV 老故事",
      "url": "http://dbiptv.sn.chinamobile.com/PLTV/88888890/224/3221226236/index.m3u8",
      "pic": "http://tv.haoqu99.com/d/file/2017/0120/5e0065ebaa3d24c90f1ae3aae07636b5.gif",
      "parse": false
    },
    {
      "name": "CCTV 台球",
      "url": "http://58.205.220.58:8088/tlivectfree-cdn.ysp.cctv.cn/ysp/2012513703.m3u8",
      "pic": "http://tv.haoqu99.com/d/file/2014/0407/20140407113005456.jpg",
      "parse": false
    },
    {
      "name": "CCTV 文化精品",
      "url": "http://58.205.220.58:8088/tlivectfree-cdn.ysp.cctv.cn/ysp/2012513803.m3u8",
      "pic": "http://tv.haoqu99.com/d/file/2015/1121/20151121054918671.jpg",
      "parse": false
    },
    {
      "name": "安多卫视（青海藏语綜合频道）",
      "url": "http://dbiptv.sn.chinamobile.com/PLTV/88888890/224/3221226228/index.m3u8",
      "pic": "https://encrypted-tbn0.gstatic.com/images?q=tbn:ANd9GcTs0WThWbE8p2WAnrPvQcdMPFCWMEDXZAk_Vw&usqp=CAU",
      "parse": false
    },
    {
      "name": "安徽卫视",
      "url": "http://ottrrs.hl.chinamobile.com/PLTV/88888888/224/3221226391/index.m3u8",
      "pic": "http://epg.51zmt.top:8000/tb1/ws/anhui.png",
      "parse": false
    },
    {
      "name": "北京卫视",
      "url": "http://ottrrs.hl.chinamobile.com/PLTV/88888888/224/3221225728/index.m3u8",
      "pic": "https://encrypted-tbn0.gstatic.com/images?q=tbn:ANd9GcT3HdJw4q_Ioo4YBZceJEpq-V2cugE5mn-KEA&usqp=CAU",
      "parse": false
    },
    {
      "name": "兵团卫视（新疆）",
      "url": "http://dbiptv.sn.chinamobile.com/PLTV/88888890/224/3221226214/index.m3u8",
      "pic": "http://ikanpic.kanketv.com/image/live/icon/bingtuan.png",
      "parse": false
    },
    {
      "name": "重庆卫视",
      "url": "http://ottrrs.hl.chinamobile.com/PLTV/88888888/224/3221226409/index.m3u8",
      "pic": "https://encrypted-tbn0.gstatic.com/images?q=tbn:ANd9GcSbboEQaDnGYdze6QI2Sd0Uvd26c_5acFvxJQ&usqp=CAU",
      "parse": false
    },
    {
      "name": "大湾区卫视（广东）",
      "url": "http://dbiptv.sn.chinamobile.com/PLTV/88888890/224/3221226218/index.m3u8",
      "pic": "https://encrypted-tbn0.gstatic.com/images?q=tbn:ANd9GcT_Qk12_XGG2COFNn2fD84hIQO3YXNXKwLISw&usqp=CAU",
      "parse": false
    },
    {
      "name": "东方卫视（上海）",
      "url": "http://ottrrs.hl.chinamobile.com/PLTV/88888888/224/3221225735/index.m3u8",
      "pic": "http://epg.51zmt.top:8000/tb1/ws/dongfang.png",
      "parse": false
    },
    {
      "name": "东南卫视（福建）",
      "url": "http://ottrrs.hl.chinamobile.com/PLYT/88888888/224/3221225620/index.m3u8",
      "pic": "http://epg.51zmt.top:8000/tb1/ws/dongnan.png",
      "parse": false
    },
    {
      "name": "甘肃卫视",
      "url": "http://ottrrs.hl.chinamobile.com/PLTV/88888888/224/3221225633/index.m3u8",
      "pic": "http://epg.51zmt.top:8000/tb1/ws/gansu.png",
      "parse": false
    },
    {
      "name": "广东卫视",
      "url": "http://ottrrs.hl.chinamobile.com/PLTV/88888888/224/3221226248/index.m3u8",
      "pic": "http://epg.51zmt.top:8000/tb1/ws/guangdong.png",
      "parse": false
    },
    {
      "name": "广西卫视",
      "url": "http://ottrrs.hl.chinamobile.com/PLTV/88888888/224/3221226380/index.m3u8",
      "pic": "http://epg.51zmt.top:8000/tb1/ws/guangxi.png",
      "parse": false
    },
    {
      "name": "贵州卫视",
      "url": "http://ottrrs.hl.chinamobile.com/PLTV/88888888/224/3221226474/index.m3u8",
      "pic": "http://epg.51zmt.top:8000/tb1/ws/guizhou.png",
      "parse": false
    },
    {
      "name": "海南卫视",
      "url": "http://58.205.220.58:8088/tlivectfree-cdn.ysp.cctv.cn/ysp/2000296202.m3u8",
      "pic": "https://encrypted-tbn0.gstatic.com/images?q=tbn:ANd9GcQLLmef9zQlyh8Wkw0JccEPJjEji1dJxl4sEQ&usqp=CAU",
      "parse": false
    },
    {
      "name": "河北卫视",
      "url": "http://ottrrs.hl.chinamobile.com/PLTV/88888888/224/3221226406/index.m3u8",
      "pic": "http://epg.51zmt.top:8000/tb1/ws/hebei.png",
      "parse": false
    },
    {
      "name": "河南卫视",
      "url": "http://ottrrs.hl.chinamobile.com/PLTV/88888888/224/3221226480/index.m3u8",
      "pic": "http://epg.51zmt.top:8000/tb1/ws/henan.png",
      "parse": false
    },
    {
      "name": "黑龙江卫视",
      "url": "http://ottrrs.hl.chinamobile.com/PLTV/88888888/224/3221226327/index.m3u8",
      "pic": "http://epg.51zmt.top:8000/tb1/ws/heilongjiang.png",
      "parse": false
    },
    {
      "name": "湖北卫视",
      "url": "http://ottrrs.hl.chinamobile.com/PLTV/88888888/224/3221225627/index.m3u8",
      "pic": "http://epg.51zmt.top:8000/tb1/ws/hubei.png",
      "parse": false
    },
    {
      "name": "湖南卫视",
      "url": "http://ottrrs.hl.chinamobile.com/PLTV/88888888/224/3221226465/index.m3u8",
      "pic": "http://epg.51zmt.top:8000/tb1/ws/hunan.png",
      "parse": false
    },
    {
      "name": "吉林卫视",
      "url": "http://ottrrs.hl.chinamobile.com/PLTV/88888888/224/3221226397/index.m3u8",
      "pic": "http://epg.51zmt.top:8000/tb1/ws/jilin.png",
      "parse": false
    },
    {
      "name": "江苏卫视",
      "url": "http://ottrrs.hl.chinamobile.com/PLTV/88888888/224/3221225613/index.m3u8",
      "pic": "http://epg.51zmt.top:8000/tb1/ws/jiangsu.png",
      "parse": false
    },
    {
      "name": "江西卫视",
      "url": "http://ottrrs.hl.chinamobile.com/PLTV/88888888/224/3221226344/index.m3u8",
      "pic": "http://epg.51zmt.top:8000/tb1/ws/jiangxi.png",
      "parse": false
    },
    {
      "name": "康巴卫视",
      "url": "http://dbiptv.sn.chinamobile.com/PLTV/88888890/224/3221226234/index.m3u8",
      "pic": "https://encrypted-tbn0.gstatic.com/images?q=tbn:ANd9GcT8JKrudU_Susx-dYcAYTh7dspM5xBoxo1G1Q&usqp=CAU",
      "parse": false
    },
    {
      "name": "辽宁卫视",
      "url": "http://58.205.220.58:8088/tlivectfree-cdn.ysp.cctv.cn/ysp/2000281303.m3u8",
      "pic": "http://epg.51zmt.top:8000/tb1/ws/liaoning.png",
      "parse": false
    },
    {
      "name": "内蒙古卫视",
      "url": "http://ottrrs.hl.chinamobile.com/PLTV/88888888/224/3221225634/index.m3u8",
      "pic": "https://encrypted-tbn0.gstatic.com/images?q=tbn:ANd9GcQvPmfhxruz3Qze9VeBQD7SGhOKKG875NpTtw&usqp=CAU",
      "parse": false
    },
    {
      "name": "宁夏卫视",
      "url": "http://ottrrs.hl.chinamobile.com/PLTV/88888888/224/3221225632/index.m3u8",
      "pic": "http://epg.51zmt.top:8000/tb1/ws/ningxia.png",
      "parse": false
    },
    {
      "name": "农林卫视",
      "url": "http://dbiptv.sn.chinamobile.com/PLTV/88888890/224/3221226229/index.m3u8",
      "pic": "https://encrypted-tbn0.gstatic.com/images?q=tbn:ANd9GcQikiw4Lpy2hCM_X2fWOs8f02_RMAv1Eu2zsw&usqp=CAU",
      "parse": false
    },
    {
      "name": "青海卫视",
      "url": "http://stream.qhbtv.com/qhws/sd/live.m3u8",
      "pic": "https://encrypted-tbn0.gstatic.com/images?q=tbn:ANd9GcTlesJEfCylrZmvYkPoiHXIeiViBRUEkjf8jQ&usqp=CAU",
      "parse": false
    },
    {
      "name": "山东卫视",
      "url": "http://ottrrs.hl.chinamobile.com/PLTV/88888888/224/3221226456/index.m3u8",
      "pic": "http://epg.51zmt.top:8000/tb1/ws/shandong.png",
      "parse": false
    },
    {
      "name": "山西卫视",
      "url": "http://ottrrs.hl.chinamobile.com/PLTV/88888888/224/3221225624/index.m3u8",
      "pic": "http://epg.51zmt.top:8000/tb1/ws/shanxi_.png",
      "parse": false
    },
    {
      "name": "陕西卫视",
      "url": "http://ottrrs.hl.chinamobile.com/PLTV/88888888/224/3221226457/index.m3u8",
      "pic": "http://epg.51zmt.top:8000/tb1/ws/shanxi.png",
      "parse": false
    },
    {
      "name": "深圳卫视",
      "url": "http://ottrrs.hl.chinamobile.com/PLTV/88888888/224/3221225739/index.m3u8",
      "pic": "https://encrypted-tbn0.gstatic.com/images?q=tbn:ANd9GcRs0sZ0TgxAq0v4urq_-elG1F88NRJ03kfDHg&usqp=CAU",
      "parse": false
    },
    {
      "name": "四川卫视",
      "url": "http://ottrrs.hl.chinamobile.com/PLTV/88888888/224/3221226338/index.m3u8",
      "pic": "https://encrypted-tbn0.gstatic.com/images?q=tbn:ANd9GcSfMgtabgLMd3hNyoszZAHAlfg85aAjeF6Epw&usqp=CAU",
      "parse": false
    },
    {
      "name": "天津卫视",
      "url": "http://ottrrs.hl.chinamobile.com/PLTV/88888888/224/3221225740/index.m3u8",
      "pic": "http://epg.51zmt.top:8000/tb1/ws/tianjin.png",
      "parse": false
    },
    {
      "name": "西藏卫视",
      "url": "http://ottrrs.hl.chinamobile.com/PLTV/88888888/224/3221225638/index.m3u8",
      "pic": "https://encrypted-tbn0.gstatic.com/images?q=tbn:ANd9GcRXgshHGoYtmeAmNcwsYjdiBrUClnQL8nirWA&usqp=CAU",
      "parse": false
    },
    {
      "name": "厦门卫视",
      "url": "http://dbiptv.sn.chinamobile.com/PLTV/88888890/224/3221226219/index.m3u8",
      "pic": "https://encrypted-tbn0.gstatic.com/images?q=tbn:ANd9GcTsFuzu2gWJuH0EA9MrpwlxcX1bqwnrTR3WyQ&usqp=CAU",
      "parse": false
    },
    {
      "name": "新疆卫视",
      "url": "http://ottrrs.hl.chinamobile.com/PLTV/88888888/224/3221225635/index.m3u8",
      "pic": "http://epg.51zmt.top:8000/tb1/ws/xinjiang.png",
      "parse": false
    },
    {
      "name": "延边卫视",
      "url": "http://live.ybtvyun.com/video/s10016-7e5f23de35df/index.m3u8",
      "pic": "https://encrypted-tbn0.gstatic.com/images?q=tbn:ANd9GcTkpITVUADxI8uaMjGZk20GEJ6I110zkCiswQ&usqp=CAU",
      "parse": false
    },
    {
      "name": "云南卫视",
      "url": "http://ottrrs.hl.chinamobile.com/PLTV/88888888/224/3221226444/index.m3u8",
      "pic": "http://epg.51zmt.top:8000/tb1/ws/yunnan.png",
      "parse": false
    },
    {
      "name": "浙江卫视",
      "url": "http://ottrrs.hl.chinamobile.com/PLTV/88888888/224/3221225612/index.m3u8",
      "pic": "https://ohudong.cztv.com/1/logos/2017/04/12/72d035c03412d7cb2d319c6607fef8e9.png",
      "parse": false
    },
    {
      "name": "北京体育休闲",
      "url": "http://[2409:8087:7000:20:1000::22]:6060/yinhe/2/ch00000090990000001329/index.m3u8?virtualDomain=yinhe.live_hls.zte.com",
      "pic": "https://encrypted-tbn0.gstatic.com/images?q=tbn:ANd9GcSoRTka5zPxyEXgzCelF7zYFIU-3nbqP08tzA&usqp=CAU",
      "parse": false
    },
    {
      "name": "北京有线电视台",
      "url": "http://live.sctvcloud.com/live/bcgqlive.m3u8",
      "pic": "https://encrypted-tbn0.gstatic.com/images?q=tbn:ANd9GcSoRTka5zPxyEXgzCelF7zYFIU-3nbqP08tzA&usqp=CAU",
      "parse": false
    },
    {
      "name": "北仑电视台",
      "url": "http://play-sh.quklive.com/live/1626327731714170.m3u8",
      "pic": "https://encrypted-tbn0.gstatic.com/images?q=tbn:ANd9GcSoRTka5zPxyEXgzCelF7zYFIU-3nbqP08tzA&usqp=CAU",
      "parse": false
    },
    {
      "name": "博白电视台 BBTV",
      "url": "https://live-cdn.gxxw.com/hls/a22/index.m3u8",
      "pic": "https://encrypted-tbn0.gstatic.com/images?q=tbn:ANd9GcSoRTka5zPxyEXgzCelF7zYFIU-3nbqP08tzA&usqp=CAU",
      "parse": false
    },
    {
      "name": "苍南新闻综合",
      "url": "http://l.cztvcloud.com/channels/lantian/SXcangnan1/720p.m3u8",
      "pic": "https://encrypted-tbn0.gstatic.com/images?q=tbn:ANd9GcSoRTka5zPxyEXgzCelF7zYFIU-3nbqP08tzA&usqp=CAU",
      "parse": false
    },
    {
      "name": "曹县新闻综合",
      "url": "https://jsylivealone302.iqilu.com/live/caoxian_tv01.m3u8",
      "pic": "https://encrypted-tbn0.gstatic.com/images?q=tbn:ANd9GcSoRTka5zPxyEXgzCelF7zYFIU-3nbqP08tzA&usqp=CAU",
      "parse": false
    },
    {
      "name": "昌乐新闻综合",
      "url": "https://jsylivealone302.iqilu.com/changle/changle_tv01.m3u8",
      "pic": "https://encrypted-tbn0.gstatic.com/images?q=tbn:ANd9GcSoRTka5zPxyEXgzCelF7zYFIU-3nbqP08tzA&usqp=CAU",
      "parse": false
    },
    {
      "name": "常熟综合",
      "url": "http://play-live.21cs.cn/tv_channel/cstv1.m3u8?auth_key=1592026485-f871ffb1e3b646d59dba799b1e6f3d61-0-53bbc432233cf87b39a6ec67a23981c3",
      "pic": "https://encrypted-tbn0.gstatic.com/images?q=tbn:ANd9GcSoRTka5zPxyEXgzCelF7zYFIU-3nbqP08tzA&usqp=CAU",
      "parse": false
    },
    {
      "name": "滁州公共频道",
      "url": "http://live.cztv.cc:85/live/ggpd.m3u8",
      "pic": "https://encrypted-tbn0.gstatic.com/images?q=tbn:ANd9GcSoRTka5zPxyEXgzCelF7zYFIU-3nbqP08tzA&usqp=CAU",
      "parse": false
    },
    {
      "name": "滁州科教频道",
      "url": "http://live.cztv.cc:85/live/sjpd.m3u8",
      "pic": "https://encrypted-tbn0.gstatic.com/images?q=tbn:ANd9GcSoRTka5zPxyEXgzCelF7zYFIU-3nbqP08tzA&usqp=CAU",
      "parse": false
    },
    {
      "name": "滁州新闻综合",
      "url": "http://live.cztv.cc:85/live/xwpd.m3u8",
      "pic": "https://encrypted-tbn0.gstatic.com/images?q=tbn:ANd9GcSoRTka5zPxyEXgzCelF7zYFIU-3nbqP08tzA&usqp=CAU",
      "parse": false
    },
    {
      "name": "大连新闻综合",
      "url": "http://live.dltv.cn/tcb3IB5/500/67hcg3l.m3u8",
      "pic": "https://encrypted-tbn0.gstatic.com/images?q=tbn:ANd9GcSoRTka5zPxyEXgzCelF7zYFIU-3nbqP08tzA&usqp=CAU",
      "parse": false
    },
    {
      "name": "大象新闻",
      "url": "http://iptv.cdn.ha.chinamobile.com/PLTV/88888888/224/3221226716/index.m3u8",
      "pic": "https://encrypted-tbn0.gstatic.com/images?q=tbn:ANd9GcSoRTka5zPxyEXgzCelF7zYFIU-3nbqP08tzA&usqp=CAU",
      "parse": false
    },
    {
      "name": "德阳文旅科教",
      "url": "http://scdytv.cn:1935/live/m_ggpd_livevideo/playlist.m3u8?zsicd",
      "pic": "https://encrypted-tbn0.gstatic.com/images?q=tbn:ANd9GcSoRTka5zPxyEXgzCelF7zYFIU-3nbqP08tzA&usqp=CAU",
      "parse": false
    },
    {
      "name": "德阳新闻综合",
      "url": "http://scdytv.cn:1935/live/m_xwpd_livevideo/playlist.m3u8?zsicd",
      "pic": "https://encrypted-tbn0.gstatic.com/images?q=tbn:ANd9GcSoRTka5zPxyEXgzCelF7zYFIU-3nbqP08tzA&usqp=CAU",
      "parse": false
    },
    {
      "name": "东兰",
      "url": "https://cdn.gdlive.gdmain.com/live/53x8ama5.m3u8",
      "pic": "https://encrypted-tbn0.gstatic.com/images?q=tbn:ANd9GcSoRTka5zPxyEXgzCelF7zYFIU-3nbqP08tzA&usqp=CAU",
      "parse": false
    },
    {
      "name": "峨山电视",
      "url": "http://enshi-live21.cjyun.org/10070/s10070-eszh.m3u8?auth_key=1672502399-0-0-60521180e489ac8658a238bdf2e8119a",
      "pic": "https://encrypted-tbn0.gstatic.com/images?q=tbn:ANd9GcSoRTka5zPxyEXgzCelF7zYFIU-3nbqP08tzA&usqp=CAU",
      "parse": false
    },
    {
      "name": "恩施新闻综合",
      "url": "http://enshi-live21.cjyun.org/10070/s10070-eszh.m3u8?auth_key=1672502399-0-0-60521180e489ac8658a238bdf2e8119a",
      "pic": "https://encrypted-tbn0.gstatic.com/images?q=tbn:ANd9GcSoRTka5zPxyEXgzCelF7zYFIU-3nbqP08tzA&usqp=CAU",
      "parse": false
    },
    {
      "name": "繁昌新闻综合",
      "url": "https://hwapi.yunshicloud.com/3giqaj/i6v1o5.m3u8",
      "pic": "https://encrypted-tbn0.gstatic.com/images?q=tbn:ANd9GcSoRTka5zPxyEXgzCelF7zYFIU-3nbqP08tzA&usqp=CAU",
      "parse": false
    },
    {
      "name": "封丘-1 新闻综合",
      "url": "http://[2409:8087:4402:20:1:1216:401:45]/iptv.cdn.ha.chinamobile.com/PLTV/88888888/224/3221226595/index.m3u8",
      "pic": "https://encrypted-tbn0.gstatic.com/images?q=tbn:ANd9GcSoRTka5zPxyEXgzCelF7zYFIU-3nbqP08tzA&usqp=CAU",
      "parse": false
    },
    {
      "name": "福州电视",
      "url": "http://[2409:8087:3428:20:500::100f]:6610/PLTV/88888888/224/3221227202/index.m3u8?servicetype=1&IASHttpSessionId=RR423820220409134714119178",
      "pic": "https://encrypted-tbn0.gstatic.com/images?q=tbn:ANd9GcSoRTka5zPxyEXgzCelF7zYFIU-3nbqP08tzA&usqp=CAU",
      "parse": false
    },
    {
      "name": "福州-1 综合",
      "url": "http://live.zohi.tv/video/s10001-fztv-1/index.m3u8",
      "pic": "https://encrypted-tbn0.gstatic.com/images?q=tbn:ANd9GcSoRTka5zPxyEXgzCelF7zYFIU-3nbqP08tzA&usqp=CAU",
      "parse": false
    },
    {
      "name": "福州-2 影视",
      "url": "http://live.zohi.tv/video/s10001-yspd-2/index.m3u8",
      "pic": "https://encrypted-tbn0.gstatic.com/images?q=tbn:ANd9GcSoRTka5zPxyEXgzCelF7zYFIU-3nbqP08tzA&usqp=CAU",
      "parse": false
    },
    {
      "name": "福州-3 生活",
      "url": "http://live.zohi.tv/video/s10001-fztv-3/index.m3u8",
      "pic": "https://encrypted-tbn0.gstatic.com/images?q=tbn:ANd9GcSoRTka5zPxyEXgzCelF7zYFIU-3nbqP08tzA&usqp=CAU",
      "parse": false
    },
    {
      "name": "福州-少儿",
      "url": "http://live.zohi.tv/video/s10001-fztv-4/index.m3u8",
      "pic": "https://encrypted-tbn0.gstatic.com/images?q=tbn:ANd9GcSoRTka5zPxyEXgzCelF7zYFIU-3nbqP08tzA&usqp=CAU",
      "parse": false
    },
    {
      "name": "赣州新闻综合",
      "url": "http://pl1.cloud.dayang.com.cn/live/10062_nfeG7l_2048.m3u8",
      "pic": "https://encrypted-tbn0.gstatic.com/images?q=tbn:ANd9GcSoRTka5zPxyEXgzCelF7zYFIU-3nbqP08tzA&usqp=CAU",
      "parse": false
    },
    {
      "name": "高淳新闻",
      "url": "http://ott.mobaibox.com/PLTV/3/224/3221227870/index.m3u8",
      "pic": "https://encrypted-tbn0.gstatic.com/images?q=tbn:ANd9GcSoRTka5zPxyEXgzCelF7zYFIU-3nbqP08tzA&usqp=CAU",
      "parse": false
    },
    {
      "name": "广东体育",
      "url": "http://e59abdd420c65d43cc1550d493a88c71.v.smtcdns.net/4403-tx.otvstream.otvcloud.com/otv/skcc/live/channel34/2300.m3u8",
      "pic": "https://encrypted-tbn0.gstatic.com/images?q=tbn:ANd9GcSoRTka5zPxyEXgzCelF7zYFIU-3nbqP08tzA&usqp=CAU",
      "parse": false
    },
    {
      "name": "GZ 南国都市 4K（广州）",
      "url": "https://justsometime.gztv.com/sec/shenghuos.m3u8",
      "pic": "https://encrypted-tbn0.gstatic.com/images?q=tbn:ANd9GcSoRTka5zPxyEXgzCelF7zYFIU-3nbqP08tzA&usqp=CAU",
      "parse": false
    },
    {
      "name": "哈尔滨影视",
      "url": "http://stream.hrbtv.net/yspd/sd/live.m3u8",
      "pic": "https://encrypted-tbn0.gstatic.com/images?q=tbn:ANd9GcSoRTka5zPxyEXgzCelF7zYFIU-3nbqP08tzA&usqp=CAU",
      "parse": false
    },
    {
      "name": "海西",
      "url": "http://stream.haixitv.cn/1/sd/live.m3u8",
      "pic": "https://encrypted-tbn0.gstatic.com/images?q=tbn:ANd9GcSoRTka5zPxyEXgzCelF7zYFIU-3nbqP08tzA&usqp=CAU",
      "parse": false
    },
    {
      "name": "河北影视剧",
      "url": "https://jwplay.hebyun.com.cn/live/hbystv/1500k/tzwj_video.m3u8",
      "pic": "https://encrypted-tbn0.gstatic.com/images?q=tbn:ANd9GcSoRTka5zPxyEXgzCelF7zYFIU-3nbqP08tzA&usqp=CAU",
      "parse": false
    },
    {
      "name": "河南国学频道",
      "url": "http://iptv.cdn.ha.chinamobile.com/PLTV/88888888/224/3221226493/index.m3u8",
      "pic": "https://encrypted-tbn0.gstatic.com/images?q=tbn:ANd9GcSoRTka5zPxyEXgzCelF7zYFIU-3nbqP08tzA&usqp=CAU",
      "parse": false
    },
    {
      "name": "河南梨园频道",
      "url": "http://[2409:8087:3869:8021:1001::e5]:6610/PLTV/88888888/224/3221225581/2/index.m3u8",
      "pic": "https://encrypted-tbn0.gstatic.com/images?q=tbn:ANd9GcSoRTka5zPxyEXgzCelF7zYFIU-3nbqP08tzA&usqp=CAU",
      "parse": false
    },
    {
      "name": "河南棋牌汇 (576p)",
      "url": "http://[2409:8087:4400:20:1:a0f:11:9]/iptv.cdn.ha.chinamobile.com/PLTV/88888888/224/3221226602/index.m3u8",
      "pic": "https://encrypted-tbn0.gstatic.com/images?q=tbn:ANd9GcSoRTka5zPxyEXgzCelF7zYFIU-3nbqP08tzA&usqp=CAU",
      "parse": false
    },
    {
      "name": "河南调解剧场 (1080p)",
      "url": "http://[2409:8087:4400:20:1:a0f:11:9]/iptv.cdn.ha.chinamobile.com/PLTV/88888888/224/3221226581/index.m3u8",
      "pic": "https://encrypted-tbn0.gstatic.com/images?q=tbn:ANd9GcSoRTka5zPxyEXgzCelF7zYFIU-3nbqP08tzA&usqp=CAU",
      "parse": false
    },
    {
      "name": "河南武术世界",
      "url": "http://[2409:8087:3869:8021:1001::e5]:6610/PLTV/88888888/224/3221225508/2/index.m3u8",
      "pic": "https://encrypted-tbn0.gstatic.com/images?q=tbn:ANd9GcSoRTka5zPxyEXgzCelF7zYFIU-3nbqP08tzA&usqp=CAU",
      "parse": false
    },
    {
      "name": "河南乡村频道 (1080p)",
      "url": "http://[2409:8087:4400:20:1:a0f:11:9]/iptv.cdn.ha.chinamobile.com/PLTV/88888888/224/3221226576/index.m3u8",
      "pic": "https://encrypted-tbn0.gstatic.com/images?q=tbn:ANd9GcSoRTka5zPxyEXgzCelF7zYFIU-3nbqP08tzA&usqp=CAU",
      "parse": false
    },
    {
      "name": "湖安新闻综合",
      "url": "http://120.210.216.73:8080/ysten-business/live/SD12-576P-fnxwzh/1.m3u8",
      "pic": "https://encrypted-tbn0.gstatic.com/images?q=tbn:ANd9GcSoRTka5zPxyEXgzCelF7zYFIU-3nbqP08tzA&usqp=CAU",
      "parse": false
    },
    {
      "name": "湖南爱晚",
      "url": "http://[2409:8087:5011:1020::1f]/180000001001/00000001000000001001000000000044/main.m3u8?IASHttpSessionId=OTT",
      "pic": "https://encrypted-tbn0.gstatic.com/images?q=tbn:ANd9GcSoRTka5zPxyEXgzCelF7zYFIU-3nbqP08tzA&usqp=CAU",
      "parse": false
    },
    {
      "name": "湖南电视剧",
      "url": "http://[2409:8087:5011:1020::1f]/180000001001/00000001000000001001000000000037/main.m3u8?IASHttpSessionId=OTT",
      "pic": "https://encrypted-tbn0.gstatic.com/images?q=tbn:ANd9GcSoRTka5zPxyEXgzCelF7zYFIU-3nbqP08tzA&usqp=CAU",
      "parse": false
    },
    {
      "name": "湖南电影",
      "url": "http://[2409:8087:5011:1020::1d]/180000001001/00000001000000001001000000000038/main.m3u8?湖南IPv6",
      "pic": "https://encrypted-tbn0.gstatic.com/images?q=tbn:ANd9GcSoRTka5zPxyEXgzCelF7zYFIU-3nbqP08tzA&usqp=CAU",
      "parse": false
    },
    {
      "name": "湖南都市",
      "url": "http://[2409:8087:5011:1020::1f]/180000001001/00000001000000001001000000000041/main.m3u8?IASHttpSessionId=OTT",
      "pic": "https://encrypted-tbn0.gstatic.com/images?q=tbn:ANd9GcSoRTka5zPxyEXgzCelF7zYFIU-3nbqP08tzA&usqp=CAU",
      "parse": false
    },
    {
      "name": "湖南国际频道",
      "url": "http://[2409:8087:5011:1020::1f]/180000001001/00000001000000001001000000000045/main.m3u8?IASHttpSessionId=OTT",
      "pic": "https://encrypted-tbn0.gstatic.com/images?q=tbn:ANd9GcSoRTka5zPxyEXgzCelF7zYFIU-3nbqP08tzA&usqp=CAU",
      "parse": false
    },
    {
      "name": "湖南教育台",
      "url": "http://[2409:8087:5011:1020::1f]/180000001001/00000001000000001016000000368716/main.m3u8?IASHttpSessionId=OTT",
      "pic": "https://encrypted-tbn0.gstatic.com/images?q=tbn:ANd9GcSoRTka5zPxyEXgzCelF7zYFIU-3nbqP08tzA&usqp=CAU",
      "parse": false
    },
    {
      "name": "湖南快乐垂钓",
      "url": "http://[2409:8087:7000:20:1000::22]:6060/yinhe/2/ch00000090990000002264/index.m3u8?virtualDomain=yinhe.live_hls.zte.com",
      "pic": "https://encrypted-tbn0.gstatic.com/images?q=tbn:ANd9GcSoRTka5zPxyEXgzCelF7zYFIU-3nbqP08tzA&usqp=CAU",
      "parse": false
    },
    {
      "name": "湖南先锋兵羽",
      "url": "http://baidu.live.cqccn.com/__cl/cg:live/__c/xianfeng/__op/default/__f//index.m3u8",
      "pic": "https://encrypted-tbn0.gstatic.com/images?q=tbn:ANd9GcSoRTka5zPxyEXgzCelF7zYFIU-3nbqP08tzA&usqp=CAU",
      "parse": false
    },
    {
      "name": "湖南娱乐",
      "url": "http://[2409:8087:5011:1020::1f]/180000001001/00000001000000001001000000000040/main.m3u8?IASHttpSessionId=OTT",
      "pic": "https://encrypted-tbn0.gstatic.com/images?q=tbn:ANd9GcSoRTka5zPxyEXgzCelF7zYFIU-3nbqP08tzA&usqp=CAU",
      "parse": false
    },
    {
      "name": "淮滨综合 (1080p)",
      "url": "http://[2409:8087:4400:20:1:a0f:11:9]/iptv.cdn.ha.chinamobile.com/PLTV/88888888/224/3221227070/index.m3u8",
      "pic": "https://encrypted-tbn0.gstatic.com/images?q=tbn:ANd9GcSoRTka5zPxyEXgzCelF7zYFIU-3nbqP08tzA&usqp=CAU",
      "parse": false
    },
    {
      "name": "JSTV",
      "url": "http://live.ynurl.com/video/s10045-JSTV/index.m3u8",
      "pic": "https://encrypted-tbn0.gstatic.com/images?q=tbn:ANd9GcSoRTka5zPxyEXgzCelF7zYFIU-3nbqP08tzA&usqp=CAU",
      "parse": false
    },
    {
      "name": "吉林影院",
      "url": "http://stream1.jlntv.cn/yspd/sd/live.m3u8?zjild",
      "pic": "https://encrypted-tbn0.gstatic.com/images?q=tbn:ANd9GcSoRTka5zPxyEXgzCelF7zYFIU-3nbqP08tzA&usqp=CAU",
      "parse": false
    },
    {
      "name": "焦作公共 (1080p)",
      "url": "http://[2409:8087:4400:20:1:a0f:11:9]/iptv.cdn.ha.chinamobile.com/PLTV/88888888/224/3221226616/index.m3u8",
      "pic": "https://encrypted-tbn0.gstatic.com/images?q=tbn:ANd9GcSoRTka5zPxyEXgzCelF7zYFIU-3nbqP08tzA&usqp=CAU",
      "parse": false
    },
    {
      "name": "焦作综合 (1080p)",
      "url": "http://[2409:8087:4400:20:1:a0f:11:9]/iptv.cdn.ha.chinamobile.com/PLTV/88888888/224/3221226604/index.m3u8",
      "pic": "https://encrypted-tbn0.gstatic.com/images?q=tbn:ANd9GcSoRTka5zPxyEXgzCelF7zYFIU-3nbqP08tzA&usqp=CAU",
      "parse": false
    },
    {
      "name": "江西新闻",
      "url": "http://[2409:8087:3869:8021:1001::e5]:6610/PLTV/88888888/224/3221225615/2/index.m3u8",
      "pic": "https://encrypted-tbn0.gstatic.com/images?q=tbn:ANd9GcSoRTka5zPxyEXgzCelF7zYFIU-3nbqP08tzA&usqp=CAU",
      "parse": false
    },
    {
      "name": "江苏城市",
      "url": "http://183.207.248.13:80/PLTV/4/224/3221225929/index.m3u8",
      "pic": "https://encrypted-tbn0.gstatic.com/images?q=tbn:ANd9GcSoRTka5zPxyEXgzCelF7zYFIU-3nbqP08tzA&usqp=CAU",
      "parse": false
    },
    {
      "name": "江苏优漫卡通",
      "url": "http://hwrr.jx.chinamobile.com:8080/PLTV/88888888/224/3221225665/index.m3u8",
      "pic": "https://encrypted-tbn0.gstatic.com/images?q=tbn:ANd9GcSoRTka5zPxyEXgzCelF7zYFIU-3nbqP08tzA&usqp=CAU",
      "parse": false
    },
    {
      "name": "句容影视频道",
      "url": "http://jrlive.jrntv.com/live/_definst_/yingshis/playlist.m3u8",
      "pic": "https://encrypted-tbn0.gstatic.com/images?q=tbn:ANd9GcSoRTka5zPxyEXgzCelF7zYFIU-3nbqP08tzA&usqp=CAU",
      "parse": false
    },
    {
      "name": "昆明影视综艺",
      "url": "http://wshls.live.migucloud.com/live/KYLNJWFD_C0_2/playlist.m3u8",
      "pic": "https://encrypted-tbn0.gstatic.com/images?q=tbn:ANd9GcSoRTka5zPxyEXgzCelF7zYFIU-3nbqP08tzA&usqp=CAU",
      "parse": false
    },
    {
      "name": "LBRTV",
      "url": "http://dbiptv.sn.chinamobile.com/PLTV/88888890/224/3221226000/index.m3u8",
      "pic": "https://encrypted-tbn0.gstatic.com/images?q=tbn:ANd9GcSoRTka5zPxyEXgzCelF7zYFIU-3nbqP08tzA&usqp=CAU",
      "parse": false
    },
    {
      "name": "LCTV 民生",
      "url": "http://m3u8.channellive.lcbtv.com/nmip-media/channellive/channel101246/playlist.m3u8",
      "pic": "https://encrypted-tbn0.gstatic.com/images?q=tbn:ANd9GcSoRTka5zPxyEXgzCelF7zYFIU-3nbqP08tzA&usqp=CAU",
      "parse": false
    },
    {
      "name": "LYTV-1",
      "url": "http://[2409:8087:7000:20:1000::22]:6060/yinhe/2/ch00000090990000001417/index.m3u8?virtualDomain=yinhe.live_hls.zte.com",
      "pic": "https://encrypted-tbn0.gstatic.com/images?q=tbn:ANd9GcSoRTka5zPxyEXgzCelF7zYFIU-3nbqP08tzA&usqp=CAU",
      "parse": false
    },
    {
      "name": "灵丘电视台",
      "url": "https://stream.icelook.cn/1a7c625fde427dc3/6735154231323395076_1611041008.m3u8?auth_key=1893456000-0-0-fe9d45877d8cdddb4afccd9c1a12f3f8",
      "pic": "https://encrypted-tbn0.gstatic.com/images?q=tbn:ANd9GcSoRTka5zPxyEXgzCelF7zYFIU-3nbqP08tzA&usqp=CAU",
      "parse": false
    },
    {
      "name": "渑池新闻综合 (1080p)",
      "url": "http://[2409:8087:4400:20:1:a0f:11:9]/iptv.cdn.ha.chinamobile.com/PLTV/88888888/224/3221226619/index.m3u8",
      "pic": "https://encrypted-tbn0.gstatic.com/images?q=tbn:ANd9GcSoRTka5zPxyEXgzCelF7zYFIU-3nbqP08tzA&usqp=CAU",
      "parse": false
    },
    {
      "name": "南京科教",
      "url": "http://live.nbs.cn/channels/njtv/jkpd/500k.m3u8?zjiangsd",
      "pic": "https://encrypted-tbn0.gstatic.com/images?q=tbn:ANd9GcSoRTka5zPxyEXgzCelF7zYFIU-3nbqP08tzA&usqp=CAU",
      "parse": false
    },
    {
      "name": "南京少儿",
      "url": "http://live.nbs.cn/channels/njtv/sepd/m3u8:500k/live.m3u8",
      "pic": "https://encrypted-tbn0.gstatic.com/images?q=tbn:ANd9GcSoRTka5zPxyEXgzCelF7zYFIU-3nbqP08tzA&usqp=CAU",
      "parse": false
    },
    {
      "name": "南京生活",
      "url": "http://live.nbs.cn/channels/njtv/shpd/500k.m3u8?zjiangsd",
      "pic": "https://encrypted-tbn0.gstatic.com/images?q=tbn:ANd9GcSoRTka5zPxyEXgzCelF7zYFIU-3nbqP08tzA&usqp=CAU",
      "parse": false
    },
    {
      "name": "南京十八",
      "url": "http://live.nbs.cn/channels/njtv/sbpd/500k.m3u8?zjiangsd",
      "pic": "https://encrypted-tbn0.gstatic.com/images?q=tbn:ANd9GcSoRTka5zPxyEXgzCelF7zYFIU-3nbqP08tzA&usqp=CAU",
      "parse": false
    },
    {
      "name": "南京信息",
      "url": "http://live.nbs.cn/channels/njtv/xxpd/500k.m3u8?zjiangsd",
      "pic": "https://encrypted-tbn0.gstatic.com/images?q=tbn:ANd9GcSoRTka5zPxyEXgzCelF7zYFIU-3nbqP08tzA&usqp=CAU",
      "parse": false
    },
    {
      "name": "南京新闻综合",
      "url": "http://live.nbs.cn/channels/njtv/xwzh/500k.m3u8?zjiangsd",
      "pic": "https://encrypted-tbn0.gstatic.com/images?q=tbn:ANd9GcSoRTka5zPxyEXgzCelF7zYFIU-3nbqP08tzA&usqp=CAU",
      "parse": false
    },
    {
      "name": "南京娱乐",
      "url": "http://live.nbs.cn/channels/njtv/ylpd/500k.m3u8?zjiangsd",
      "pic": "https://encrypted-tbn0.gstatic.com/images?q=tbn:ANd9GcSoRTka5zPxyEXgzCelF7zYFIU-3nbqP08tzA&usqp=CAU",
      "parse": false
    },
    {
      "name": "南宁影视娱乐",
      "url": "http://hls.nntv.cn/nnlive/NNTV_VOD_A.m3u8",
      "pic": "https://encrypted-tbn0.gstatic.com/images?q=tbn:ANd9GcSoRTka5zPxyEXgzCelF7zYFIU-3nbqP08tzA&usqp=CAU",
      "parse": false
    },
    {
      "name": "南通都市生活",
      "url": "http://cm.wshls.homecdn.com/live/7cc7.m3u8?zjiangsd",
      "pic": "https://encrypted-tbn0.gstatic.com/images?q=tbn:ANd9GcSoRTka5zPxyEXgzCelF7zYFIU-3nbqP08tzA&usqp=CAU",
      "parse": false
    },
    {
      "name": "南通新闻综合",
      "url": "http://cm.wshls.homecdn.com/live/7cc9.m3u8?zjiangsd",
      "pic": "https://encrypted-tbn0.gstatic.com/images?q=tbn:ANd9GcSoRTka5zPxyEXgzCelF7zYFIU-3nbqP08tzA&usqp=CAU",
      "parse": false
    },
    {
      "name": "南通影院娱乐",
      "url": "http://cm.wshls.homecdn.com/live/7cc5.m3u8?zjiangsd",
      "pic": "https://encrypted-tbn0.gstatic.com/images?q=tbn:ANd9GcSoRTka5zPxyEXgzCelF7zYFIU-3nbqP08tzA&usqp=CAU",
      "parse": false
    },
    {
      "name": "南阳-2 公共 (1080p)",
      "url": "http://[2409:8087:4400:20:1:a0f:11:9]/iptv.cdn.ha.chinamobile.com/PLTV/88888888/224/3221226575/index.m3u8",
      "pic": "https://encrypted-tbn0.gstatic.com/images?q=tbn:ANd9GcSoRTka5zPxyEXgzCelF7zYFIU-3nbqP08tzA&usqp=CAU",
      "parse": false
    },
    {
      "name": "南阳-3 科教 (1080p)",
      "url": "http://[2409:8087:4400:20:1:a0f:11:9]/iptv.cdn.ha.chinamobile.com/PLTV/88888888/224/3221226620/index.m3u8",
      "pic": "https://encrypted-tbn0.gstatic.com/images?q=tbn:ANd9GcSoRTka5zPxyEXgzCelF7zYFIU-3nbqP08tzA&usqp=CAU",
      "parse": false
    },
    {
      "name": "南允综合",
      "url": "https://nczbpull.ncntv.com.cn/nctv/2004.m3u8",
      "pic": "https://encrypted-tbn0.gstatic.com/images?q=tbn:ANd9GcSoRTka5zPxyEXgzCelF7zYFIU-3nbqP08tzA&usqp=CAU",
      "parse": false
    },
    {
      "name": "宁河新闻",
      "url": "http://wshls.live.migucloud.com:80/live/RQXD0636_C0/playlist.m3u8?ztianjd",
      "pic": "https://encrypted-tbn0.gstatic.com/images?q=tbn:ANd9GcSoRTka5zPxyEXgzCelF7zYFIU-3nbqP08tzA&usqp=CAU",
      "parse": false
    },
    {
      "name": "怒江",
      "url": "http://livebroadcast.ccwb.cn/live/w1620805130988936.m3u8",
      "pic": "https://encrypted-tbn0.gstatic.com/images?q=tbn:ANd9GcSoRTka5zPxyEXgzCelF7zYFIU-3nbqP08tzA&usqp=CAU",
      "parse": false
    },
    {
      "name": "平顶山公共频道 (576p)",
      "url": "http://[2409:8087:4400:20:1:a0f:11:9]/iptv.cdn.ha.chinamobile.com/PLTV/88888888/224/3221226593/index.m3u8",
      "pic": "https://encrypted-tbn0.gstatic.com/images?q=tbn:ANd9GcSoRTka5zPxyEXgzCelF7zYFIU-3nbqP08tzA&usqp=CAU",
      "parse": false
    },
    {
      "name": "平鲁综合",
      "url": "https://stream.icelook.cn/790d0a0f38c07f31/6728300245723120644_1609747594.m3u8?auth_key=1893456000-0-0-0cc4be5653a88cdb748a4543643d0fdb",
      "pic": "https://encrypted-tbn0.gstatic.com/images?q=tbn:ANd9GcSoRTka5zPxyEXgzCelF7zYFIU-3nbqP08tzA&usqp=CAU",
      "parse": false
    },
    {
      "name": "PSTV（平顺综合）",
      "url": "https://stream.icelook.cn/2daa869d1623782d/6679643898219856900_1602492802.m3u8?auth_key=1893456000-0-0-8c6e3e73d78411a6bd6e2faef2b275d0",
      "pic": "https://encrypted-tbn0.gstatic.com/images?q=tbn:ANd9GcSoRTka5zPxyEXgzCelF7zYFIU-3nbqP08tzA&usqp=CAU",
      "parse": false
    },
    {
      "name": "黔江",
      "url": "http://baidu.live.cqccn.com/__cl/cg:live/__c/qianjiang/__op/default/__f//index.m3u8",
      "pic": "https://encrypted-tbn0.gstatic.com/images?q=tbn:ANd9GcSoRTka5zPxyEXgzCelF7zYFIU-3nbqP08tzA&usqp=CAU",
      "parse": false
    },
    {
      "name": "钱江新闻",
      "url": "http://hw-m-l.cztv.com/channels/lantian/channel002/1080p.m3u8?zzhed",
      "pic": "https://encrypted-tbn0.gstatic.com/images?q=tbn:ANd9GcSoRTka5zPxyEXgzCelF7zYFIU-3nbqP08tzA&usqp=CAU",
      "parse": false
    },
    {
      "name": "清丰电视台 (576p)",
      "url": "http://[2409:8087:4400:20:1:a0f:11:9]/iptv.cdn.ha.chinamobile.com/PLTV/88888888/224/3221226580/index.m3u8",
      "pic": "https://encrypted-tbn0.gstatic.com/images?q=tbn:ANd9GcSoRTka5zPxyEXgzCelF7zYFIU-3nbqP08tzA&usqp=CAU",
      "parse": false
    },
    {
      "name": "青海经视",
      "url": "http://stream.qhbtv.com/qhsh/sd/live.m3u8?_upt=a7ec5e491648026933",
      "pic": "https://encrypted-tbn0.gstatic.com/images?q=tbn:ANd9GcSoRTka5zPxyEXgzCelF7zYFIU-3nbqP08tzA&usqp=CAU",
      "parse": false
    },
    {
      "name": "荣昌综合",
      "url": "http://baidu.live.cqccn.com/__cl/cg:live/__c/rongchangHD/__op/default/__f//index.m3u8",
      "pic": "https://encrypted-tbn0.gstatic.com/images?q=tbn:ANd9GcSoRTka5zPxyEXgzCelF7zYFIU-3nbqP08tzA&usqp=CAU",
      "parse": false
    },
    {
      "name": "蛇口",
      "url": "http://121.51.249.6/4403-tx.otvstream.otvcloud.com/otv/skcc/live/channel37/index.m3u8",
      "pic": "https://encrypted-tbn0.gstatic.com/images?q=tbn:ANd9GcSoRTka5zPxyEXgzCelF7zYFIU-3nbqP08tzA&usqp=CAU",
      "parse": false
    },
    {
      "name": "山东莒南影视",
      "url": "https://jsylivealone302.iqilu.com/junan/junan_tv02.m3u8",
      "pic": "https://encrypted-tbn0.gstatic.com/images?q=tbn:ANd9GcSoRTka5zPxyEXgzCelF7zYFIU-3nbqP08tzA&usqp=CAU",
      "parse": false
    },
    {
      "name": "山东武城综艺影视",
      "url": "https://jsylivealone302.iqilu.com/live/wucheng_tv02.m3u8",
      "pic": "https://encrypted-tbn0.gstatic.com/images?q=tbn:ANd9GcSoRTka5zPxyEXgzCelF7zYFIU-3nbqP08tzA&usqp=CAU",
      "parse": false
    },
    {
      "name": "山西影视",
      "url": "http://liveflash.sxrtv.com/live/sxfilm.m3u8?zshanxd",
      "pic": "https://encrypted-tbn0.gstatic.com/images?q=tbn:ANd9GcSoRTka5zPxyEXgzCelF7zYFIU-3nbqP08tzA&usqp=CAU",
      "parse": false
    },
    {
      "name": "上海东方影视",
      "url": "http://111.40.196.28/wh7f454c46tw1127318098_1235980081/PLTV/88888888/224/3221225615/index.m3u8?icpid=88888888&RTS=1647066165&from=1&hms_devid=223",
      "pic": "https://encrypted-tbn0.gstatic.com/images?q=tbn:ANd9GcSoRTka5zPxyEXgzCelF7zYFIU-3nbqP08tzA&usqp=CAU",
      "parse": false
    },
    {
      "name": "上海都市",
      "url": "http://111.40.196.37/PLTV/88888888/224/3221225613/index.m3u8",
      "pic": "https://encrypted-tbn0.gstatic.com/images?q=tbn:ANd9GcSoRTka5zPxyEXgzCelF7zYFIU-3nbqP08tzA&usqp=CAU",
      "parse": false
    },
    {
      "name": "上海外语频道 (ICS)",
      "url": "http://183.207.255.188/live/program/live/wypdhd/4000000/mnf.m3u8",
      "pic": "https://encrypted-tbn0.gstatic.com/images?q=tbn:ANd9GcSoRTka5zPxyEXgzCelF7zYFIU-3nbqP08tzA&usqp=CAU",
      "parse": false
    },
    {
      "name": "上海五星体育 ①",
      "url": "http://60.213.135.147/keonline.shanghai.liveplay.qq.com/live/program/live/ssty/4000000/mnf.m3u8",
      "pic": "https://encrypted-tbn0.gstatic.com/images?q=tbn:ANd9GcSoRTka5zPxyEXgzCelF7zYFIU-3nbqP08tzA&usqp=CAU",
      "parse": false
    },
    {
      "name": "上海五星体育 ②",
      "url": "http://112.25.48.11/live/program/live/ssty/4000000/mnf.m3u8",
      "pic": "https://encrypted-tbn0.gstatic.com/images?q=tbn:ANd9GcSoRTka5zPxyEXgzCelF7zYFIU-3nbqP08tzA&usqp=CAU",
      "parse": false
    },
    {
      "name": "上海新闻综合",
      "url": "http://223.111.195.52/keonline.shanghai.liveplay.qq.com/live/program/live/xwzhhd/4000000/mnf.m3u8",
      "pic": "https://encrypted-tbn0.gstatic.com/images?q=tbn:ANd9GcSoRTka5zPxyEXgzCelF7zYFIU-3nbqP08tzA&usqp=CAU",
      "parse": false
    },
    {
      "name": "上海影视",
      "url": "http://183.207.255.188/live/program/live/dsjpdhd/4000000/mnf.m3u8",
      "pic": "https://encrypted-tbn0.gstatic.com/images?q=tbn:ANd9GcSoRTka5zPxyEXgzCelF7zYFIU-3nbqP08tzA&usqp=CAU",
      "parse": false
    },
    {
      "name": "上虞文化影视",
      "url": "http://l.cztvcloud.com/channels/lantian/SXshangyu2/720p.m3u8?zzhed",
      "pic": "https://encrypted-tbn0.gstatic.com/images?q=tbn:ANd9GcSoRTka5zPxyEXgzCelF7zYFIU-3nbqP08tzA&usqp=CAU",
      "parse": false
    },
    {
      "name": "绍兴文化影视（浙江）",
      "url": "http://live.shaoxing.com.cn/video/s10001-sxtv3/index.m3u8",
      "pic": "https://encrypted-tbn0.gstatic.com/images?q=tbn:ANd9GcSoRTka5zPxyEXgzCelF7zYFIU-3nbqP08tzA&usqp=CAU",
      "parse": false
    },
    {
      "name": "绍兴影视（浙江）",
      "url": "http://live.shaoxing.com.cn/video/s10001-sxtv1/index.m3u8",
      "pic": "https://encrypted-tbn0.gstatic.com/images?q=tbn:ANd9GcSoRTka5zPxyEXgzCelF7zYFIU-3nbqP08tzA&usqp=CAU",
      "parse": false
    },
    {
      "name": "深圳电视剧频道",
      "url": "http://121.51.249.6/4403-tx.otvstream.otvcloud.com/otv/skcc/live/channel47/1300.m3u8",
      "pic": "https://encrypted-tbn0.gstatic.com/images?q=tbn:ANd9GcSoRTka5zPxyEXgzCelF7zYFIU-3nbqP08tzA&usqp=CAU",
      "parse": false
    },
    {
      "name": "十堰新闻",
      "url": "http://p2bj.weizan.cn/351104/837056569960221505/live.m3u8?zhubd",
      "pic": "https://encrypted-tbn0.gstatic.com/images?q=tbn:ANd9GcSoRTka5zPxyEXgzCelF7zYFIU-3nbqP08tzA&usqp=CAU",
      "parse": false
    },
    {
      "name": "歙县综合",
      "url": "https://stream.ahwanyun.cn/live/4b3024127d1c472986ccdcb454f81a9f/hls.m3u8?zanhd",
      "pic": "https://encrypted-tbn0.gstatic.com/images?q=tbn:ANd9GcSoRTka5zPxyEXgzCelF7zYFIU-3nbqP08tzA&usqp=CAU",
      "parse": false
    },
    {
      "name": "双滦影视",
      "url": "https://jwcdnqx.hebyun.com.cn/live/slys/1500k/tzwj_video.m3u8",
      "pic": "https://encrypted-tbn0.gstatic.com/images?q=tbn:ANd9GcSoRTka5zPxyEXgzCelF7zYFIU-3nbqP08tzA&usqp=CAU",
      "parse": false
    },
    {
      "name": "苏州 4K",
      "url": "http://liveshowbak2.kan0512.com/ksz-norecord/csztv4k_4k.m3u8",
      "pic": "https://encrypted-tbn0.gstatic.com/images?q=tbn:ANd9GcSoRTka5zPxyEXgzCelF7zYFIU-3nbqP08tzA&usqp=CAU",
      "parse": false
    },
    {
      "name": "苏州-4 电影娱乐信息",
      "url": "https://liveshowbak2.kan0512.com/norecord/ncsztv4_sd/playlist.m3u8",
      "pic": "https://encrypted-tbn0.gstatic.com/images?q=tbn:ANd9GcSoRTka5zPxyEXgzCelF7zYFIU-3nbqP08tzA&usqp=CAU",
      "parse": false
    },
    {
      "name": "铜梁综合",
      "url": "http://baidu.live.cqccn.com/__cl/cg:live/__c/tongliangzongheHD/__op/default/__f//index.m3u8",
      "pic": "https://encrypted-tbn0.gstatic.com/images?q=tbn:ANd9GcSoRTka5zPxyEXgzCelF7zYFIU-3nbqP08tzA&usqp=CAU",
      "parse": false
    },
    {
      "name": "万州影视 (576p)",
      "url": "http://123.146.162.24:8013/tslslive/vWlnEzU/hls/live_sd.m3u8",
      "pic": "https://encrypted-tbn0.gstatic.com/images?q=tbn:ANd9GcSoRTka5zPxyEXgzCelF7zYFIU-3nbqP08tzA&usqp=CAU",
      "parse": false
    },
    {
      "name": "巫溪综合",
      "url": "http://baidu.live.cqccn.com/__cl/cg:live/__c/wlzh/__op/default/__f//index.m3u8",
      "pic": "https://encrypted-tbn0.gstatic.com/images?q=tbn:ANd9GcSoRTka5zPxyEXgzCelF7zYFIU-3nbqP08tzA&usqp=CAU",
      "parse": false
    },
    {
      "name": "五寨电视台",
      "url": "https://stream.icelook.cn/cf2874738208c975/6727103226484622340_1607389965.m3u8?auth_key=1893456000-0-0-c8ce454296feaadfd96bc25904e2b688",
      "pic": "https://encrypted-tbn0.gstatic.com/images?q=tbn:ANd9GcSoRTka5zPxyEXgzCelF7zYFIU-3nbqP08tzA&usqp=CAU",
      "parse": false
    },
    {
      "name": "西安影视频道",
      "url": "http://stream2.xiancity.cn/xatv4/playlist.m3u8",
      "pic": "https://encrypted-tbn0.gstatic.com/images?q=tbn:ANd9GcSoRTka5zPxyEXgzCelF7zYFIU-3nbqP08tzA&usqp=CAU",
      "parse": false
    },
    {
      "name": "新疆经济生活",
      "url": "http://livehyw5.chinamcache.com/hyw/zb07.m3u8?txSecret=49511a59e866d45d73782afa6768da2d&txTime=95A66658",
      "pic": "https://encrypted-tbn0.gstatic.com/images?q=tbn:ANd9GcSoRTka5zPxyEXgzCelF7zYFIU-3nbqP08tzA&usqp=CAU",
      "parse": false
    },
    {
      "name": "新泰影视 (480p)",
      "url": "http://111.17.214.4:1935/live/xtys/playlist.m3u8",
      "pic": "https://encrypted-tbn0.gstatic.com/images?q=tbn:ANd9GcSoRTka5zPxyEXgzCelF7zYFIU-3nbqP08tzA&usqp=CAU",
      "parse": false
    },
    {
      "name": "新乡县综合 (576p)",
      "url": "http://[2409:8087:4400:20:1:a0f:11:9]/iptv.cdn.ha.chinamobile.com/PLTV/88888888/224/3221226603/index.m3u8",
      "pic": "https://encrypted-tbn0.gstatic.com/images?q=tbn:ANd9GcSoRTka5zPxyEXgzCelF7zYFIU-3nbqP08tzA&usqp=CAU",
      "parse": false
    },
    {
      "name": "新郑综合 (1080p)",
      "url": "http://[2409:8087:4400:20:1:a0f:11:9]/iptv.cdn.ha.chinamobile.com/PLTV/88888888/224/3221226577/index.m3u8",
      "pic": "https://encrypted-tbn0.gstatic.com/images?q=tbn:ANd9GcSoRTka5zPxyEXgzCelF7zYFIU-3nbqP08tzA&usqp=CAU",
      "parse": false
    },
    {
      "name": "兴隆影视",
      "url": "https://jwcdnqx.hebyun.com.cn/live/xlys/1500k/tzwj_video.m3u8",
      "pic": "https://encrypted-tbn0.gstatic.com/images?q=tbn:ANd9GcSoRTka5zPxyEXgzCelF7zYFIU-3nbqP08tzA&usqp=CAU",
      "parse": false
    },
    {
      "name": "秀山综合",
      "url": "http://baidu.live.cqccn.com/__cl/cg:live/__c/xiushan/__op/default/__f//index.m3u8",
      "pic": "https://encrypted-tbn0.gstatic.com/images?q=tbn:ANd9GcSoRTka5zPxyEXgzCelF7zYFIU-3nbqP08tzA&usqp=CAU",
      "parse": false
    },
    {
      "name": "徐州•3",
      "url": "http://183.207.248.15/PLTV/3/224/3221225949/index.m3u8",
      "pic": "https://encrypted-tbn0.gstatic.com/images?q=tbn:ANd9GcSoRTka5zPxyEXgzCelF7zYFIU-3nbqP08tzA&usqp=CAU",
      "parse": false
    },
    {
      "name": "徐州-3 文化影视",
      "url": "http://stream1.huaihai.tv/wyys/playlist.m3u8",
      "pic": "https://encrypted-tbn0.gstatic.com/images?q=tbn:ANd9GcSoRTka5zPxyEXgzCelF7zYFIU-3nbqP08tzA&usqp=CAU",
      "parse": false
    },
    {
      "name": "烟台影视",
      "url": "http://live.yantaitv.cn/live/e9f1d9045d474c31884d13fa4ffbbd16/a4a9b3704d854756907845107cc56129-1.m3u8",
      "pic": "https://encrypted-tbn0.gstatic.com/images?q=tbn:ANd9GcSoRTka5zPxyEXgzCelF7zYFIU-3nbqP08tzA&usqp=CAU",
      "parse": false
    },
    {
      "name": "义马电视台 (1080p)",
      "url": "http://[2409:8087:4400:20:1:a0f:11:9]/iptv.cdn.ha.chinamobile.com/PLTV/88888888/224/3221227079/index.m3u8",
      "pic": "https://encrypted-tbn0.gstatic.com/images?q=tbn:ANd9GcSoRTka5zPxyEXgzCelF7zYFIU-3nbqP08tzA&usqp=CAU",
      "parse": false
    },
    {
      "name": "彝良",
      "url": "http://livebroadcast.ccwb.cn/live/w1606370492402991.m3u8",
      "pic": "https://encrypted-tbn0.gstatic.com/images?q=tbn:ANd9GcSoRTka5zPxyEXgzCelF7zYFIU-3nbqP08tzA&usqp=CAU",
      "parse": false
    },
    {
      "name": "酉阳综合",
      "url": "http://baidu.live.cqccn.com/__cl/cg:live/__c/youyang/__op/default/__f//index.m3u8",
      "pic": "https://encrypted-tbn0.gstatic.com/images?q=tbn:ANd9GcSoRTka5zPxyEXgzCelF7zYFIU-3nbqP08tzA&usqp=CAU",
      "parse": false
    },
    {
      "name": "玉树新闻",
      "url": "http://stream.ysbtv.net/1/sd/live.m3u8?zqinghd",
      "pic": "https://encrypted-tbn0.gstatic.com/images?q=tbn:ANd9GcSoRTka5zPxyEXgzCelF7zYFIU-3nbqP08tzA&usqp=CAU",
      "parse": false
    },
    {
      "name": "禹州电视台 (1080p)",
      "url": "http://[2409:8087:4400:20:1:a0f:11:9]/iptv.cdn.ha.chinamobile.com/PLTV/88888888/224/3221226615/index.m3u8",
      "pic": "https://encrypted-tbn0.gstatic.com/images?q=tbn:ANd9GcSoRTka5zPxyEXgzCelF7zYFIU-3nbqP08tzA&usqp=CAU",
      "parse": false
    },
    {
      "name": "浙江国际",
      "url": "http://hw-m-l.cztv.com/channels/lantian/channel010/1080p.m3u8?zzhed",
      "pic": "https://encrypted-tbn0.gstatic.com/images?q=tbn:ANd9GcSoRTka5zPxyEXgzCelF7zYFIU-3nbqP08tzA&usqp=CAU",
      "parse": false
    },
    {
      "name": "浙江经济生活",
      "url": "http://hw-m-l.cztv.com/channels/lantian/channel003/1080p.m3u8",
      "pic": "https://encrypted-tbn0.gstatic.com/images?q=tbn:ANd9GcSoRTka5zPxyEXgzCelF7zYFIU-3nbqP08tzA&usqp=CAU",
      "parse": false
    },
    {
      "name": "浙江民生休闲",
      "url": "http://hw-m-l.cztv.com/channels/lantian/channel006/1080p.m3u8",
      "pic": "https://encrypted-tbn0.gstatic.com/images?q=tbn:ANd9GcSoRTka5zPxyEXgzCelF7zYFIU-3nbqP08tzA&usqp=CAU",
      "parse": false
    },
    {
      "name": "浙江少儿",
      "url": "http://hw-m-l.cztv.com/channels/lantian/channel08/1080p.m3u8",
      "pic": "https://encrypted-tbn0.gstatic.com/images?q=tbn:ANd9GcSoRTka5zPxyEXgzCelF7zYFIU-3nbqP08tzA&usqp=CAU",
      "parse": false
    },
    {
      "name": "浙江新闻",
      "url": "http://hw-m-l.cztv.com/channels/lantian/channel07/1080p.m3u8",
      "pic": "https://encrypted-tbn0.gstatic.com/images?q=tbn:ANd9GcSoRTka5zPxyEXgzCelF7zYFIU-3nbqP08tzA&usqp=CAU",
      "parse": false
    },
    {
      "name": "浙江影视娱乐",
      "url": "http://hw-m-l.cztv.com/channels/lantian/channel05/1080p.m3u8",
      "pic": "https://encrypted-tbn0.gstatic.com/images?q=tbn:ANd9GcSoRTka5zPxyEXgzCelF7zYFIU-3nbqP08tzA&usqp=CAU",
      "parse": false
    },
    {
      "name": "郑州-1 新闻综合 (1080p)",
      "url": "http://[2409:8087:4400:20:1:a0f:11:9]/iptv.cdn.ha.chinamobile.com/PLTV/88888888/224/3221226618/index.m3u8",
      "pic": "https://encrypted-tbn0.gstatic.com/images?q=tbn:ANd9GcSoRTka5zPxyEXgzCelF7zYFIU-3nbqP08tzA&usqp=CAU",
      "parse": false
    },
    {
      "name": "郑州-2 商都频道 (1080p)",
      "url": "http://[2409:8087:4400:20:1:a0f:11:9]/iptv.cdn.ha.chinamobile.com/PLTV/88888888/224/3221226650/index.m3u8",
      "pic": "https://encrypted-tbn0.gstatic.com/images?q=tbn:ANd9GcSoRTka5zPxyEXgzCelF7zYFIU-3nbqP08tzA&usqp=CAU",
      "parse": false
    },
    {
      "name": "郑州-3 文体旅游 (1080p)",
      "url": "http://[2409:8087:4400:20:1:a0f:11:9]/iptv.cdn.ha.chinamobile.com/PLTV/88888888/224/3221226627/index.m3u8",
      "pic": "https://encrypted-tbn0.gstatic.com/images?q=tbn:ANd9GcSoRTka5zPxyEXgzCelF7zYFIU-3nbqP08tzA&usqp=CAU",
      "parse": false
    },
    {
      "name": "郑州-5 妇女儿童 (576p)",
      "url": "http://[2409:8087:4400:20:1:a0f:11:9]/iptv.cdn.ha.chinamobile.com/PLTV/88888888/224/3221226686/index.m3u8",
      "pic": "https://encrypted-tbn0.gstatic.com/images?q=tbn:ANd9GcSoRTka5zPxyEXgzCelF7zYFIU-3nbqP08tzA&usqp=CAU",
      "parse": false
    },
    {
      "name": "郑州-6 都市生活 (576p)",
      "url": "http://[2409:8087:4400:20:1:a0f:11:9]/iptv.cdn.ha.chinamobile.com/PLTV/88888888/224/3221226708/index.m3u8",
      "pic": "https://encrypted-tbn0.gstatic.com/images?q=tbn:ANd9GcSoRTka5zPxyEXgzCelF7zYFIU-3nbqP08tzA&usqp=CAU",
      "parse": false
    },
    {
      "name": "中国蓝TV-4 新闻",
      "url": "http://hw-m-l.cztv.com/channels/lantian/channel004/1080p.m3u8",
      "pic": "https://encrypted-tbn0.gstatic.com/images?q=tbn:ANd9GcSoRTka5zPxyEXgzCelF7zYFIU-3nbqP08tzA&usqp=CAU",
      "parse": false
    },
    {
      "name": "中国蓝TV-6 新闻",
      "url": "http://hw-m-l.cztv.com/channels/lantian/channel006/1080p.m3u8",
      "pic": "https://encrypted-tbn0.gstatic.com/images?q=tbn:ANd9GcSoRTka5zPxyEXgzCelF7zYFIU-3nbqP08tzA&usqp=CAU",
      "parse": false
    },
    {
      "name": "周口公共频道 (576p)",
      "url": "http://[2409:8087:4400:20:1:a0f:11:9]/iptv.cdn.ha.chinamobile.com/PLTV/88888888/224/3221226626/index.m3u8",
      "pic": "https://encrypted-tbn0.gstatic.com/images?q=tbn:ANd9GcSoRTka5zPxyEXgzCelF7zYFIU-3nbqP08tzA&usqp=CAU",
      "parse": false
    },
    {
      "name": "周口新闻综合 (576p)",
      "url": "http://[2409:8087:4400:20:1:a0f:11:9]/iptv.cdn.ha.chinamobile.com/PLTV/88888888/224/3221226582/index.m3u8",
      "pic": "https://encrypted-tbn0.gstatic.com/images?q=tbn:ANd9GcSoRTka5zPxyEXgzCelF7zYFIU-3nbqP08tzA&usqp=CAU",
      "parse": false
    },
    {
      "name": "驻马店-3 科教频道 (576p)",
      "url": "http://[2409:8087:4400:20:1:a0f:11:9]/iptv.cdn.ha.chinamobile.com/PLTV/88888888/224/3221226598/index.m3u8",
      "pic": "https://encrypted-tbn0.gstatic.com/images?q=tbn:ANd9GcSoRTka5zPxyEXgzCelF7zYFIU-3nbqP08tzA&usqp=CAU",
      "parse": false
    },
    {
      "name": "纯享4K UHD",
      "url": "http://hwrr.jx.chinamobile.com:8080/PLTV/88888888/224/3221225786/index.m3u8",
      "pic": "https://encrypted-tbn0.gstatic.com/images?q=tbn:ANd9GcT4t8RIHezXsOyeZOkWLLEFZyiS3hK7AKBx3w&usqp=CAU",
      "parse": false
    },
    {
      "name": "非遗美食",
      "url": "http://hls-ott-zhibo.wasu.tv/live/181/index.m3u8",
      "pic": "https://encrypted-tbn0.gstatic.com/images?q=tbn:ANd9GcT4t8RIHezXsOyeZOkWLLEFZyiS3hK7AKBx3w&usqp=CAU",
      "parse": false
    },
    {
      "name": "黑莓电影",
      "url": "http://hwrr.jx.chinamobile.com:8080/PLTV/88888888/224/3221225718/index.m3u8",
      "pic": "https://encrypted-tbn0.gstatic.com/images?q=tbn:ANd9GcT4t8RIHezXsOyeZOkWLLEFZyiS3hK7AKBx3w&usqp=CAU",
      "parse": false
    },
    {
      "name": "黑莓动画",
      "url": "http://hwrr.jx.chinamobile.com:8080/PLTV/88888888/224/3221225672/index.m3u8",
      "pic": "https://encrypted-tbn0.gstatic.com/images?q=tbn:ANd9GcT4t8RIHezXsOyeZOkWLLEFZyiS3hK7AKBx3w&usqp=CAU",
      "parse": false
    },
    {
      "name": "华数 [Not 24/7]",
      "url": "http://hls-ott-zhibo.wasu.tv/live/442/index.m3u8",
      "pic": "https://encrypted-tbn0.gstatic.com/images?q=tbn:ANd9GcT4t8RIHezXsOyeZOkWLLEFZyiS3hK7AKBx3w&usqp=CAU",
      "parse": false
    },
    {
      "name": "环球旅游 (576p)",
      "url": "http://[2409:8087:4400:20:1:a0f:11:9]/iptv.cdn.ha.chinamobile.com/PLTV/88888888/224/3221226610/index.m3u8",
      "pic": "https://encrypted-tbn0.gstatic.com/images?q=tbn:ANd9GcT4t8RIHezXsOyeZOkWLLEFZyiS3hK7AKBx3w&usqp=CAU",
      "parse": false
    },
    {
      "name": "睛彩中原 (1080p)",
      "url": "http://[2409:8087:4400:20:1:a0f:11:9]/iptv.cdn.ha.chinamobile.com/PLTV/88888888/224/3221226589/index.m3u8",
      "pic": "https://encrypted-tbn0.gstatic.com/images?q=tbn:ANd9GcT4t8RIHezXsOyeZOkWLLEFZyiS3hK7AKBx3w&usqp=CAU",
      "parse": false
    },
    {
      "name": "经典再现",
      "url": "http://112.19.214.90:8883/tsfile/live/1009_1.m3u8",
      "pic": "https://encrypted-tbn0.gstatic.com/images?q=tbn:ANd9GcT4t8RIHezXsOyeZOkWLLEFZyiS3hK7AKBx3w&usqp=CAU",
      "parse": false
    },
    {
      "name": "美食汇 (576p)",
      "url": "http://[2409:8087:4400:20:1:a0f:11:9]/iptv.cdn.ha.chinamobile.com/PLTV/88888888/224/3221226702/index.m3u8",
      "pic": "https://encrypted-tbn0.gstatic.com/images?q=tbn:ANd9GcT4t8RIHezXsOyeZOkWLLEFZyiS3hK7AKBx3w&usqp=CAU",
      "parse": false
    },
    {
      "name": "女人购物•生活",
      "url": "http://hls-ott-zhibo.wasu.tv/live/452/index.m3u8",
      "pic": "https://encrypted-tbn0.gstatic.com/images?q=tbn:ANd9GcT4t8RIHezXsOyeZOkWLLEFZyiS3hK7AKBx3w&usqp=CAU",
      "parse": false
    },
    {
      "name": "摄影频道 (576p)",
      "url": "http://[2409:8087:4400:20:1:a0f:11:9]/iptv.cdn.ha.chinamobile.com/PLTV/88888888/224/3221226599/index.m3u8",
      "pic": "https://encrypted-tbn0.gstatic.com/images?q=tbn:ANd9GcT4t8RIHezXsOyeZOkWLLEFZyiS3hK7AKBx3w&usqp=CAU",
      "parse": false
    },
    {
      "name": "书画频道 (576p)",
      "url": "http://[2409:8087:4400:20:1:a0f:11:9]/iptv.cdn.ha.chinamobile.com/PLTV/88888888/224/3221226698/index.m3u8",
      "pic": "https://encrypted-tbn0.gstatic.com/images?q=tbn:ANd9GcT4t8RIHezXsOyeZOkWLLEFZyiS3hK7AKBx3w&usqp=CAU",
      "parse": false
    },
    {
      "name": "天元围棋 (576p)",
      "url": "http://[2409:8087:4400:20:1:a0f:11:9]/iptv.cdn.ha.chinamobile.com/PLTV/88888888/224/3221226607/index.m3u8",
      "pic": "https://encrypted-tbn0.gstatic.com/images?q=tbn:ANd9GcT4t8RIHezXsOyeZOkWLLEFZyiS3hK7AKBx3w&usqp=CAU",
      "parse": false
    },
    {
      "name": "童年经典",
      "url": "http://118.26.120.23:55336/tslive/c57_lb_211_600_t10/c57_lb_211_600_t10.m3u8?key=0f2a06793124310bce6ba95fc0ac76131",
      "pic": "https://encrypted-tbn0.gstatic.com/images?q=tbn:ANd9GcT4t8RIHezXsOyeZOkWLLEFZyiS3hK7AKBx3w&usqp=CAU",
      "parse": false
    },
    {
      "name": "英雄联盟（游戏频道）",
      "url": "http://hls-ott-zhibo.wasu.tv/live/461/index.m3u8",
      "pic": "https://encrypted-tbn0.gstatic.com/images?q=tbn:ANd9GcT4t8RIHezXsOyeZOkWLLEFZyiS3hK7AKBx3w&usqp=CAU",
      "parse": false
    },
    {
      "name": "长城精品",
      "url": "http://38.64.72.148:80/hls/modn/list/4008/chunklist1.m3u8",
      "pic": "https://encrypted-tbn0.gstatic.com/images?q=tbn:ANd9GcT4t8RIHezXsOyeZOkWLLEFZyiS3hK7AKBx3w&usqp=CAU",
      "parse": false
    },
    {
      "name": "中华美食",
      "url": "http://hwrr.jx.chinamobile.com:8080/PLTV/88888888/224/3221225924/index.m3u8",
      "pic": "https://encrypted-tbn0.gstatic.com/images?q=tbn:ANd9GcT4t8RIHezXsOyeZOkWLLEFZyiS3hK7AKBx3w&usqp=CAU",
      "parse": false
    },
    {
      "name": "中华特产 (1080p)",
      "url": "http://baidu.live.cqccn.com/__cl/cg:live/__c/techan/__op/default/__f//index.m3u8",
      "pic": "https://encrypted-tbn0.gstatic.com/images?q=tbn:ANd9GcT4t8RIHezXsOyeZOkWLLEFZyiS3hK7AKBx3w&usqp=CAU",
      "parse": false
    },
    {
      "name": "BesTV 电影 ①",
      "url": "http://bp-caster.bestv.com.cn/494/1/video.m3u8",
      "pic": "https://encrypted-tbn0.gstatic.com/images?q=tbn:ANd9GcQmDoq1TinsCfx1vpH-ZHi_9s0muacXfxbxmg&usqp=CAU",
      "parse": false
    },
    {
      "name": "BesTV 电影 ②",
      "url": "http://bp-caster.bestv.com.cn/532/1/video.m3u8",
      "pic": "https://encrypted-tbn0.gstatic.com/images?q=tbn:ANd9GcQmDoq1TinsCfx1vpH-ZHi_9s0muacXfxbxmg&usqp=CAU",
      "parse": false
    },
    {
      "name": "BesTV 电影 ④",
      "url": "http://bp-caster.bestv.com.cn/490/1/video.m3u8",
      "pic": "https://encrypted-tbn0.gstatic.com/images?q=tbn:ANd9GcQmDoq1TinsCfx1vpH-ZHi_9s0muacXfxbxmg&usqp=CAU",
      "parse": false
    },
    {
      "name": "BesTV 电影 ⑤",
      "url": "http://bp-caster.bestv.com.cn/480/1/video.m3u8",
      "pic": "https://encrypted-tbn0.gstatic.com/images?q=tbn:ANd9GcQmDoq1TinsCfx1vpH-ZHi_9s0muacXfxbxmg&usqp=CAU",
      "parse": false
    },
    {
      "name": "BesTV 童年国漫",
      "url": "http://bp-caster.bestv.com.cn/486/1/video.m3u8",
      "pic": "https://encrypted-tbn0.gstatic.com/images?q=tbn:ANd9GcQmDoq1TinsCfx1vpH-ZHi_9s0muacXfxbxmg&usqp=CAU",
      "parse": false
    },
    {
      "name": "BesTV 今晚80后脱口秀",
      "url": "http://bp-caster.bestv.com.cn/462/1/video.m3u8",
      "pic": "https://encrypted-tbn0.gstatic.com/images?q=tbn:ANd9GcQmDoq1TinsCfx1vpH-ZHi_9s0muacXfxbxmg&usqp=CAU",
      "parse": false
    },
    {
      "name": "BesTV 七彩戏剧",
      "url": "https://bp-caster.bestv.com.cn/250/1/video.m3u8",
      "pic": "https://encrypted-tbn0.gstatic.com/images?q=tbn:ANd9GcQmDoq1TinsCfx1vpH-ZHi_9s0muacXfxbxmg&usqp=CAU",
      "parse": false
    },
    {
      "name": "CGTN (English)",
      "url": "http://58.205.220.58/tlivectfree-cdn.ysp.cctv.cn/1/2001656803.m3u8",
      "pic": "http://tv.haoqu99.com/d/file/2019/0801/2bc42b992ea918b8649261476ad427b9.png",
      "parse": false
    },
    {
      "name": "CGTN Documentary",
      "url": "http://58.205.220.58/tlivectfree-cdn.ysp.cctv.cn/1/2010155403.m3u8",
      "pic": "http://tv.haoqu99.com/d/file/2017/0122/472e73d5b683be2296757dbbf3a82dba.png",
      "parse": false
    },
    {
      "name": "CHC 动作电影",
      "url": "http://baidu.live.cqccn.com/__cl/cg:live/__c/chcdzdyHD/__op/default/__f//index.m3u8",
      "pic": "https://encrypted-tbn0.gstatic.com/images?q=tbn:ANd9GcTB_LSIJ7BzExR1R9Ymw4l5cg7Yl6sfXmunqw&usqp=CAU",
      "parse": false
    },
    {
      "name": "CHC 高清电影",
      "url": "http://baidu.live.cqccn.com/__cl/cg:live/__c/chcgqdyHD/__op/default/__f//index.m3u8",
      "pic": "https://www.nettvpro.live/uploads/19/1-1Z406133R5D0.jpg",
      "parse": false
    },
    {
      "name": "CHC 家庭影院",
      "url": "http://baidu.live.cqccn.com/__cl/cg:live/__c/chcjtyyHD/__op/default/__f//index.m3u8",
      "pic": "https://encrypted-tbn0.gstatic.com/images?q=tbn:ANd9GcS1DPXStxZXLfcS9OfWqXEEOoyd04AUu4M9iA&usqp=CAU",
      "parse": false
    },
    {
      "name": "CNC 新华社",
      "url": "http://hwrr.jx.chinamobile.com:8080/PLTV/88888910/224/3221225694/index.m3u8",
      "pic": "https://encrypted-tbn0.gstatic.com/images?q=tbn:ANd9GcT4_2A9rgtSm-3C7YsRtSrsL7Mi2tQJE58r1Q&usqp=CAU",
      "parse": false
    },
    {
      "name": "CNC World",
      "url": "http://hwrr.jx.chinamobile.com:8080/PLTV/88888910/224/3221225693/index.m3u8",
      "pic": "https://encrypted-tbn0.gstatic.com/images?q=tbn:ANd9GcQ4kT5PSUXc0FFuiwcGBHRVEFHsvtUC8kdbJg&usqp=CAU",
      "parse": false
    },
    {
      "name": "iHOT 动漫",
      "url": "http://[2409:8087:7001:20:1000::95]:6610/000000001000/6000000006000280630/index.m3u8?channel-id=wasusyt&Contentid=6000000006000280630&livemode=1&stbId=3",
      "pic": "https://encrypted-tbn0.gstatic.com/images?q=tbn:ANd9GcTEuVmMF3fbeSLxnpsCUwdkW2sbQnJsj_16Aw&usqp=CAU",
      "parse": false
    },
    {
      "name": "iHOT 谍战",
      "url": "http://[2409:8087:7001:20:1000::95]:6610/000000001000/6000000006000070630/index.m3u8?channel-id=wasusyt&Contentid=6000000006000070630&livemode=1&stbId=3",
      "pic": "https://www.xhzb.tw/uploads/allimg/20/1-2003251J4330-L.jpg",
      "parse": false
    },
    {
      "name": "iHOT 都市",
      "url": "http://[2409:8087:7001:20:1000::95]:6610/000000001000/6000000006000080630/index.m3u8?channel-id=wasusyt&Contentid=6000000006000080630&livemode=1&stbId=3",
      "pic": "https://www.xhzb.tw/uploads/allimg/20/1-2003251G9340-L.jpg",
      "parse": false
    },
    {
      "name": "iHOT 怀旧",
      "url": "http://[2409:8087:7001:20:1000::95]:6610/000000001000/6000000006000260630/index.m3u8?channel-id=wasusyt&Contentid=6000000006000260630&livemode=1&stbId=3",
      "pic": "https://encrypted-tbn0.gstatic.com/images?q=tbn:ANd9GcSXy2aPEwTBffMwIQ8fzT7ydYP0FPMngMF_4g&usqp=CAU",
      "parse": false
    },
    {
      "name": "iHOT 极限",
      "url": "http://[2409:8087:7001:20:1000::95]:6610/000000001000/6000000006000170630/index.m3u8?channel-id=wasusyt&Contentid=6000000006000170630&livemode=1&stbId=3",
      "pic": "https://encrypted-tbn0.gstatic.com/images?q=tbn:ANd9GcRU8eWYa4ZyRU_KibmhcfVT6Si8DltHSDhbCg&usqp=CAU",
      "parse": false
    },
    {
      "name": "iHOT 家庭",
      "url": "http://[2409:8087:7001:20:1000::95]:6610/000000001000/6000000006000090630/index.m3u8?channel-id=wasusyt&Contentid=6000000006000090630&livemode=1&stbId=3",
      "pic": "https://www.xhzb.tw/uploads/allimg/20/1-2003251JK20-L.jpg",
      "parse": false
    },
    {
      "name": "iHOT 江湖",
      "url": "http://[2409:8087:7001:20:1000::95]:6610/000000001000/6000000006000110630/index.m3u8?channel-id=wasusyt&Contentid=6000000006000110630&livemode=1&stbId=3",
      "pic": "https://www.xhzb.tw/uploads/allimg/20/1-2003251H0150-L.jpg",
      "parse": false
    },
    {
      "name": "iHOT 解密",
      "url": "http://[2409:8087:7001:20:1000::95]:6610/000000001000/6000000006000200630/index.m3u8?channel-id=wasusyt&Contentid=6000000006000200630&livemode=1&stbId=3",
      "pic": "https://encrypted-tbn0.gstatic.com/images?q=tbn:ANd9GcQmNpr_D67SlWwDl-pX1-L3TvNWqIn21ZP8jA&usqp=CAU",
      "parse": false
    },
    {
      "name": "iHOT 经典",
      "url": "http://[2409:8087:7001:20:1000::95]:6610/000000001000/6000000006000060630/index.m3u8?channel-id=wasusyt&Contentid=6000000006000060630&livemode=1&stbId=3",
      "pic": "https://www.xhzb.tw/uploads/allimg/20/1-2003251H2130-L.jpg",
      "parse": false
    },
    {
      "name": "iHOT 科幻",
      "url": "http://[2409:8087:7001:20:1000::95]:6610/000000001000/6000000006000020630/index.m3u8?channel-id=wasusyt&Contentid=6000000006000020630&livemode=1&stbId=3",
      "pic": "https://www.xhzb.tw/uploads/allimg/20/1-2003251H4440-L.jpg",
      "parse": false
    },
    {
      "name": "iHOT 科学",
      "url": "http://[2409:8087:7001:20:1000::95]:6610/000000001000/6000000006000160630/index.m3u8?channel-id=wasusyt&Contentid=6000000006000160630&livemode=1&stbId=3",
      "pic": "https://encrypted-tbn0.gstatic.com/images?q=tbn:ANd9GcRU8eWYa4ZyRU_KibmhcfVT6Si8DltHSDhbCg&usqp=CAU",
      "parse": false
    },
    {
      "name": "iHOT 浪漫",
      "url": "http://[2409:8087:7001:20:1000::95]:6610/000000001000/6000000006000040630/index.m3u8?channel-id=wasusyt&Contentid=6000000006000040630&livemode=1&stbId=3",
      "pic": "https://www.xhzb.tw/uploads/allimg/20/1-2003251H5480-L.jpg",
      "parse": false
    },
    {
      "name": "iHOT 历史",
      "url": "http://[2409:8087:7001:20:1000::95]:6610/000000001000/6000000006000150630/index.m3u8?channel-id=wasusyt&Contentid=6000000006000150630&livemode=1&stbId=3",
      "pic": "https://encrypted-tbn0.gstatic.com/images?q=tbn:ANd9GcQI2Mz3EmwIG64i2ysHU4vZs5q8fiFhbnxS7g&usqp=CAU",
      "parse": false
    },
    {
      "name": "iHOT 猎奇",
      "url": "http://[2409:8087:7001:20:1000::95]:6610/000000001000/6000000006000190630/index.m3u8?channel-id=wasusyt&Contentid=6000000006000190630&livemode=1&stbId=3",
      "pic": "https://encrypted-tbn0.gstatic.com/images?q=tbn:ANd9GcTDNzOEppMwRntX1DYoUDjXcAw_mI1Rzps3mA&usqp=CAU",
      "parse": false
    },
    {
      "name": "iHOT 旅行",
      "url": "http://[2409:8087:7001:20:1000::95]:6610/000000001000/6000000006000250630/index.m3u8?channel-id=wasusyt&Contentid=6000000006000250630&livemode=1&stbId=3",
      "pic": "https://encrypted-tbn0.gstatic.com/images?q=tbn:ANd9GcS_EaHjWuKwJKM72sO73Uizpj1oKl_1O2fayg&usqp=CAU",
      "parse": false
    },
    {
      "name": "iHOT 美食",
      "url": "http://[2409:8087:7001:20:1000::95]:6610/000000001000/6000000006000120630/index.m3u8?channel-id=wasusyt&Contentid=6000000006000120630&livemode=1&stbId=3",
      "pic": "https://encrypted-tbn0.gstatic.com/images?q=tbn:ANd9GcRInhxblToHHoPecM_b2JpNg7XLy5A5Cyn7Gw&usqp=CAU",
      "parse": false
    },
    {
      "name": "iHOT 奇谈",
      "url": "http://[2409:8087:7001:20:1000::95]:6610/000000001000/6000000006000270630/index.m3u8?channel-id=wasusyt&Contentid=6000000006000270630&livemode=1&stbId=3",
      "pic": "https://encrypted-tbn0.gstatic.com/images?q=tbn:ANd9GcTB_4aowadV9A2JCZgq0j46_Ow1zdZ1EKQMFg&usqp=CAU",
      "parse": false
    },
    {
      "name": "iHOT 青春",
      "url": "http://[2409:8087:7001:20:1000::95]:6610/000000001000/6000000006000100630/index.m3u8?channel-id=wasusyt&Contentid=6000000006000100630&livemode=1&stbId=3",
      "pic": "https://encrypted-tbn0.gstatic.com/images?q=tbn:ANd9GcQVQyPvcwrU21XyYF7KyVnlvijImgsAlo3saw&usqp=CAU",
      "parse": false
    },
    {
      "name": "iHOT 赛车",
      "url": "http://[2409:8087:7001:20:1000::95]:6610/000000001000/6000000006000240630/index.m3u8?channel-id=wasusyt&Contentid=6000000006000240630&livemode=1&stbId=3",
      "pic": "https://www.xhzb.tw/uploads/allimg/20/1-2003251IS50-L.jpg",
      "parse": false
    },
    {
      "name": "iHOT 世界",
      "url": "http://[2409:8087:7001:20:1000::95]:6610/000000001000/6000000006000210630/index.m3u8?channel-id=wasusyt&Contentid=6000000006000210630&livemode=1&stbId=3",
      "pic": "https://encrypted-tbn0.gstatic.com/images?q=tbn:ANd9GcQF4P2OLUFuFE6vp6hT_JTD9r52O67gubgMvQ&usqp=CAU",
      "parse": false
    },
    {
      "name": "iHOT 时尚",
      "url": "http://[2409:8087:7001:20:1000::95]:6610/000000001000/6000000006000140630/index.m3u8?channel-id=wasusyt&Contentid=6000000006000140630&livemode=1&stbId=3",
      "pic": "https://encrypted-tbn0.gstatic.com/images?q=tbn:ANd9GcRci41KEQcLCcFkIyCjVXuTOqsZfijzAUEElw&usqp=CAU",
      "parse": false
    },
    {
      "name": "iHOT 探索",
      "url": "http://[2409:8087:7001:20:1000::95]:6610/000000001000/6000000006000300630/index.m3u8?channel-id=wasusyt&Contentid=6000000006000300630&livemode=1&stbId=3",
      "pic": "https://encrypted-tbn0.gstatic.com/images?q=tbn:ANd9GcTr8KbnLiVCUri8KCD3EGWlpq7GKJ1uW2aAoA&usqp=CAU",
      "parse": false
    },
    {
      "name": "iHOT 体育",
      "url": "http://[2409:8087:7001:20:1000::95]:6610/000000001000/6000000006000290630/index.m3u8?channel-id=wasusyt&Contentid=6000000006000290630&livemode=1&stbId=3",
      "pic": "https://encrypted-tbn0.gstatic.com/images?q=tbn:ANd9GcRSSqnbTESDsOkQT3OJqgUkzTvQpMwjrStd2A&usqp=CAU",
      "parse": false
    },
    {
      "name": "iHOT 玩具",
      "url": "http://[2409:8087:7001:20:1000::95]:6610/000000001000/6000000006000220630/index.m3u8?channel-id=wasusyt&Contentid=6000000006000220630&livemode=1&stbId=3",
      "pic": "https://encrypted-tbn0.gstatic.com/images?q=tbn:ANd9GcSIMTxBtO4sFYMbXtv0-xl_m_B4jlCmTe1vHQ&usqp=CAU",
      "parse": false
    },
    {
      "name": "iHOT 喜剧",
      "url": "http://[2409:8087:7001:20:1000::95]:6610/000000001000/6000000006000010630/index.m3u8?channel-id=wasusyt&Contentid=6000000006000010630&livemode=1&stbId=3",
      "pic": "https://www.xhzb.tw/uploads/allimg/20/1-2003251G5050-L.jpg",
      "parse": false
    },
    {
      "name": "iHOT 悬疑",
      "url": "http://[2409:8087:7001:20:1000::95]:6610/000000001000/6000000006000050630/index.m3u8?channel-id=wasusyt&Contentid=6000000006000050630&livemode=1&stbId=3",
      "pic": "https://encrypted-tbn0.gstatic.com/images?q=tbn:ANd9GcThqTdanzF3BnVqJ1HUMzvnLPBCjW6HQqAG7w&usqp=CAU",
      "parse": false
    },
    {
      "name": "iHOT 娱乐",
      "url": "http://[2409:8087:7001:20:1000::95]:6610/000000001000/6000000006000130630/index.m3u8?channel-id=wasusyt&Contentid=6000000006000130630&livemode=1&stbId=3",
      "pic": "https://www.xhzb.tw/uploads/allimg/20/1-2003251J3250-L.jpg",
      "parse": false
    },
    {
      "name": "iHOT 幼教",
      "url": "http://[2409:8087:7001:20:1000::95]:6610/000000001000/6000000006000180630/index.m3u8?channel-id=wasusyt&Contentid=6000000006000180630&livemode=1&stbId=3",
      "pic": "https://www.xhzb.tw/uploads/allimg/20/1-2003251I3300-L.jpg",
      "parse": false
    },
    {
      "name": "iHOT 院线",
      "url": "http://[2409:8087:7001:20:1000::95]:6610/000000001000/6000000006000030630/index.m3u8?channel-id=wasusyt&Contentid=6000000006000030630&livemode=1&stbId=3",
      "pic": "https://www.xhzb.tw/uploads/allimg/20/1-2003251I4420-L.jpg",
      "parse": false
    },
    {
      "name": "Y＋",
      "url": "http://hms3149nc1972679604.live.aikan.miguvideo.com/wh7f454c46tw2326942988_-1320082030/PLTV/88888888/224/3221230226/index.m3u8",
      "pic": "https://encrypted-tbn0.gstatic.com/images?q=tbn:ANd9GcT4t8RIHezXsOyeZOkWLLEFZyiS3hK7AKBx3w&usqp=CAU",
      "parse": false
    },
    {
      "name": "香港HK01 [Not 24/7]",
      "url": "https://live.cdn.hk01.com/origin/smil:01news.smil/playlist.m3u8",
      "pic": "https://encrypted-tbn0.gstatic.com/images?q=tbn:ANd9GcSYhAYgmAg-2q7DnkP3WcHPvHgHUIyyIqQnsg&usqp=CAU",
      "parse": false
    },
    {
      "name": "香港HOY TV（开电视）",
      "url": "http://media.fantv.hk/m3u8/archive/channel2.m3u8",
      "pic": "https://encrypted-tbn0.gstatic.com/images?q=tbn:ANd9GcSYhAYgmAg-2q7DnkP3WcHPvHgHUIyyIqQnsg&usqp=CAU",
      "parse": false
    },
    {
      "name": "香港RTHK 31",
      "url": "https://rthklive1-lh.akamaihd.net/i/rthk31_1@167495/master.m3u8",
      "pic": "https://encrypted-tbn0.gstatic.com/images?q=tbn:ANd9GcSYhAYgmAg-2q7DnkP3WcHPvHgHUIyyIqQnsg&usqp=CAU",
      "parse": false
    },
    {
      "name": "香港RTHK 32",
      "url": "https://rthklive2-lh.akamaihd.net/i/rthk32_1@168450/master.m3u8",
      "pic": "https://encrypted-tbn0.gstatic.com/images?q=tbn:ANd9GcSYhAYgmAg-2q7DnkP3WcHPvHgHUIyyIqQnsg&usqp=CAU",
      "parse": false
    },
    {
      "name": "香港TVB J2",
      "url": "https://j3.lhlh.app/mv.m3u8",
      "pic": "https://encrypted-tbn0.gstatic.com/images?q=tbn:ANd9GcSYhAYgmAg-2q7DnkP3WcHPvHgHUIyyIqQnsg&usqp=CAU",
      "parse": false
    },
    {
      "name": "香港TVB 翡翠台",
      "url": "http://23.237.10.66:16106",
      "pic": "https://encrypted-tbn0.gstatic.com/images?q=tbn:ANd9GcSYhAYgmAg-2q7DnkP3WcHPvHgHUIyyIqQnsg&usqp=CAU",
      "parse": false
    },
    {
      "name": "香港凤凰卫视中文台",
      "url": "http://playtv-live.ifeng.com:80/live/06OLEGEGM4G.m3u8",
      "pic": "https://img.sinchew.com.my/2020-07/06/b7834eb2-3a07-4c1e-94da-6fa5fd0ddd3b.jpg",
      "parse": false
    },
    {
      "name": "香港凤凰卫视资讯台",
      "url": "http://playtv-live.ifeng.com:80/live/06OLEEWQKN4.m3u8",
      "pic": "https://encrypted-tbn0.gstatic.com/images?q=tbn:ANd9GcQDpp4JUET7lRmP38E2ezRIs3yIb5646mRecg&usqp=CAU",
      "parse": false
    },
    {
      "name": "香港国际财经台 HKIBC",
      "url": "http://uc6.i-cable.com/live_freedirect/opentvhd002_h.live/playlist.m3u8",
      "pic": "https://encrypted-tbn0.gstatic.com/images?q=tbn:ANd9GcTc8I0ZPWACRx9egWfTzOeaSpkP03A7Armnzg&usqp=CAU",
      "parse": false
    },
    {
      "name": "香港无线新闻台",
      "url": "https://www.chaojidianshi.net/extension/73.xhtml",
      "pic": "http://tv.haoqu99.com/d/file/2021/1022/42d52717993854f7fc8476c69edfe880.jpg",
      "parse": true
    },
    {
      "name": "香港耀才财经台 BSTV",
      "url": "http://202.69.67.66:443/webcast/bshdlive-pc/playlist.m3u8",
      "pic": "http://tv.haoqu99.com/d/file/2016/0922/2e357e13827907f8b90e628ebdd1d1e3.jpg",
      "parse": false
    },
    {
      "name": "香港有线直播新闻台",
      "url": "http://61.10.2.151/live_freedirect/hd110_h.live/playlist.m3u8",
      "pic": "https://encrypted-tbn0.gstatic.com/images?q=tbn:ANd9GcSxqfr1O_oCNlczgiBvQXDYsemm7jMYxaVl7A&usqp=CAU",
      "parse": false
    },
    {
      "name": "香港有线财经资讯台",
      "url": "http://61.10.2.146/live_freedirect/freehd208_h.live/playlist.m3u8",
      "pic": "https://encrypted-tbn0.gstatic.com/images?q=tbn:ANd9GcQ2KtzyAbZDyX7rNNKoDVHVZ2JCtfTupWfafw&usqp=CAU",
      "parse": false
    },
    {
      "name": "第一财经",
      "url": "http://219.151.31.38/liveplay-kk.rtxapp.com/live/program/live/dycjhd/4000000/mnf.m3u8",
      "pic": "https://encrypted-tbn0.gstatic.com/images?q=tbn:ANd9GcTuR5H4Tebef3-p_nUbHxU08Ks5LvlVQ8pZfA&usqp=CAU",
      "parse": false
    },
    {
      "name": "点掌财经",
      "url": "http://cclive2.aniu.tv/live/anzb.m3u8",
      "pic": "https://yt3.ggpht.com/ytc/AKedOLQvmwHHrWYH0CsLglY9aYMbvZwZj2vfbBZVR-tI=s900-c-k-c0x00ffffff-no-rj",
      "parse": false
    },
    {
      "name": "东方财经•浦东",
      "url": "http://183.207.255.188/live/program/live/dfcj/1300000/mnf.m3u8",
      "pic": "https://encrypted-tbn0.gstatic.com/images?q=tbn:ANd9GcQYYG1YmQpfseqW6Db0qdvMBcDO52e_PafM6A&usqp=CAU",
      "parse": false
    },
    {
      "name": "澳门微视",
      "url": "http://61.244.22.4/ch3/ch3.live/playelist.m3u8",
      "pic": "https://imgpub.chuangkit.com/materials/2021/08/17/b2e6c85e-27e4-461b-bc3b-3cef6b6a2d4e?x-oss-process=image/resize,w_200/format,webp",
      "parse": false
    },
    {
      "name": "澳门有线 CH1",
      "url": "http://61.244.22.4/ch1/ch1.live/playelist.m3u8",
      "pic": "https://imgpub.chuangkit.com/materials/2021/08/17/b2e6c85e-27e4-461b-bc3b-3cef6b6a2d4e?x-oss-process=image/resize,w_200/format,webp",
      "parse": false
    },
    {
      "name": "澳门有线 CH2",
      "url": "http://61.244.22.4/ch2/ch2.live/playelist.m3u8",
      "pic": "https://imgpub.chuangkit.com/materials/2021/08/17/b2e6c85e-27e4-461b-bc3b-3cef6b6a2d4e?x-oss-process=image/resize,w_200/format,webp",
      "parse": false
    },
    {
      "name": "澳门澳视 CH01",
      "url": "http://live4.tdm.com.mo/ch1/_definst_/ch1.live/playlist.m3u8",
      "pic": "https://imgpub.chuangkit.com/materials/2021/08/17/b2e6c85e-27e4-461b-bc3b-3cef6b6a2d4e?x-oss-process=image/resize,w_200/format,webp",
      "parse": false
    },
    {
      "name": "澳视 Canal CH02",
      "url": "http://live4.tdm.com.mo/ch2/_definst_/ch2.live/playlist.m3u8",
      "pic": "https://imgpub.chuangkit.com/materials/2021/08/17/b2e6c85e-27e4-461b-bc3b-3cef6b6a2d4e?x-oss-process=image/resize,w_200/format,webp",
      "parse": false
    },
    {
      "name": "澳视卫星 CH03",
      "url": "http://live3.tdm.com.mo:1935/ch3/ch3.live/playlist.m3u8",
      "pic": "https://imgpub.chuangkit.com/materials/2021/08/17/b2e6c85e-27e4-461b-bc3b-3cef6b6a2d4e?x-oss-process=image/resize,w_200/format,webp",
      "parse": false
    },
    {
      "name": "澳视体育 CH04",
      "url": "http://live3.tdm.com.mo:1935/ch4/sport_ch4.live/playlist.m3u8",
      "pic": "https://imgpub.chuangkit.com/materials/2021/08/17/b2e6c85e-27e4-461b-bc3b-3cef6b6a2d4e?x-oss-process=image/resize,w_200/format,webp",
      "parse": false
    },
    {
      "name": "澳视资讯 CH05",
      "url": "http://live4.tdm.com.mo/ch5/_definst_/info_ch5.live/playlist.m3u8",
      "pic": "https://imgpub.chuangkit.com/materials/2021/08/17/b2e6c85e-27e4-461b-bc3b-3cef6b6a2d4e?x-oss-process=image/resize,w_200/format,webp",
      "parse": false
    },
    {
      "name": "澳视综艺 CH06",
      "url": "http://103.233.191.133:1935/ch6/hd_ch6.live/playlist.m3u8",
      "pic": "https://imgpub.chuangkit.com/materials/2021/08/17/b2e6c85e-27e4-461b-bc3b-3cef6b6a2d4e?x-oss-process=image/resize,w_200/format,webp",
      "parse": false
    },
    {
      "name": "澳门莲花",
      "url": "http://anren.live/HK/BiIOU11uLA.m3u8",
      "pic": "https://imgpub.chuangkit.com/materials/2021/08/17/b2e6c85e-27e4-461b-bc3b-3cef6b6a2d4e?x-oss-process=image/resize,w_200/format,webp",
      "parse": false
    },
    {
      "name": "澳亚卫视",
      "url": "https://live.mastvnet.com/lsdream/lY44pmm/2000/live.m3u8",
      "pic": "https://imgpub.chuangkit.com/materials/2021/08/17/b2e6c85e-27e4-461b-bc3b-3cef6b6a2d4e?x-oss-process=image/resize,w_200/format,webp",
      "parse": false
    },
    {
      "name": "台湾中天新闻",
      "url": "http://tv.redrainl.site:9500/live.m3u8?c=03",
      "pic": "https://encrypted-tbn0.gstatic.com/images?q=tbn:ANd9GcT31DH1ouN_B4TKVE5IQvVOB5NNTzm7MLPiWg&usqp=CAU",
      "parse": false
    },
    {
      "name": "台湾TVBS新闻",
      "url": "http://38.64.72.148:80/hls/modn/list/4006/chunklist1.m3u8",
      "pic": "https://encrypted-tbn0.gstatic.com/images?q=tbn:ANd9GcRtdkKlDQPQddEkhyFcGoUxdBs_QVaKXtxRSQ&usqp=CAU",
      "parse": false
    },
    {
      "name": "台湾民视新闻",
      "url": "http://38.64.72.148:80/hls/modn/list/4012/chunklist1.m3u8",
      "pic": "https://encrypted-tbn0.gstatic.com/images?q=tbn:ANd9GcQq1fsuTjnRk6bYcSsQ4kUuNTNSPZjKmMoYoQ&usqp=CAU",
      "parse": false
    },
    {
      "name": "台湾台视新闻",
      "url": "http://38.64.72.148:80/hls/modn/list/4013/chunklist1.m3u8",
      "pic": "https://encrypted-tbn0.gstatic.com/images?q=tbn:ANd9GcQ2Q8qNfsfYckBC4fWMv5VeLk9NvT4Ixp1cKA&usqp=CAU",
      "parse": false
    },
    {
      "name": "台湾华视新闻",
      "url": "http://stream.dsichannel.com/hls/cts-news.m3u8",
      "pic": "https://encrypted-tbn0.gstatic.com/images?q=tbn:ANd9GcR4CYCKR5mv2mzI5FZd_JiLMQ9UFy0IP7vA5w&usqp=CAU",
      "parse": false
    },
    {
      "name": "台湾mnews•镜新闻",
      "url": "http://tv.redrainl.site:9500/live.m3u8?c=28",
      "pic": "https://encrypted-tbn0.gstatic.com/images?q=tbn:ANd9GcT0V09ZLB6O33q4yFo0XUGAmAnNxeDbgPvqUA&usqp=CAU",
      "parse": false
    },
    {
      "name": "台湾寰宇新闻",
      "url": "http://tv.redrainl.site:9500/live.m3u8?c=22",
      "pic": "https://encrypted-tbn0.gstatic.com/images?q=tbn:ANd9GcSJPgLBC_RFOFb0jQEyQu_o2ogPMrD5k49tnA&usqp=CAU",
      "parse": false
    },
    {
      "name": "台湾三立财经新闻",
      "url": "http://tv.redrainl.site:9500/live.m3u8?c=51",
      "pic": "https://encrypted-tbn0.gstatic.com/images?q=tbn:ANd9GcTVyXBEnFoM_2tBFAq79GbvBd97AmvRtjCm9A&usqp=CAU",
      "parse": false
    },
    {
      "name": "台湾大立电视",
      "url": "http://www.dalitv.com.tw:4568/live/dali/index.m3u8",
      "pic": "https://imgpub.chuangkit.com/materials/2021/08/30/24ee516b-b5a2-415d-ba65-ea35b613cbd2?x-oss-process=image/resize,w_200/format,webp",
      "parse": false
    },
    {
      "name": "台湾东森超视美洲",
      "url": "http://38.64.72.148:80/hls/modn/list/2013/chunklist1.m3u8",
      "pic": "https://imgpub.chuangkit.com/materials/2021/08/30/24ee516b-b5a2-415d-ba65-ea35b613cbd2?x-oss-process=image/resize,w_200/format,webp",
      "parse": false
    },
    {
      "name": "台湾东森美洲",
      "url": "http://38.64.72.148/hls/modn/list/2015/chunklist0.m3u8",
      "pic": "https://imgpub.chuangkit.com/materials/2021/08/30/24ee516b-b5a2-415d-ba65-ea35b613cbd2?x-oss-process=image/resize,w_200/format,webp",
      "parse": false
    },
    {
      "name": "台湾番薯111",
      "url": "http://61.216.67.119:1935/TWHG/E1/chunklist_w7058102.m3u8",
      "pic": "https://imgpub.chuangkit.com/materials/2021/08/30/24ee516b-b5a2-415d-ba65-ea35b613cbd2?x-oss-process=image/resize,w_200/format,webp",
      "parse": false
    },
    {
      "name": "台湾华语电视 ①",
      "url": "http://38.64.72.148:80/hls/modn/list/4001/chunklist1.m3u8",
      "pic": "https://imgpub.chuangkit.com/materials/2021/08/30/24ee516b-b5a2-415d-ba65-ea35b613cbd2?x-oss-process=image/resize,w_200/format,webp",
      "parse": false
    },
    {
      "name": "台湾华语电视 ②",
      "url": "http://38.64.72.148:80/hls/modn/list/4002/chunklist1.m3u8",
      "pic": "https://imgpub.chuangkit.com/materials/2021/08/30/24ee516b-b5a2-415d-ba65-ea35b613cbd2?x-oss-process=image/resize,w_200/format,webp",
      "parse": false
    },
    {
      "name": "台湾华语电视 ③",
      "url": "http://38.64.72.148:80/hls/modn/list/4003/chunklist1.m3u8",
      "pic": "https://imgpub.chuangkit.com/materials/2021/08/30/24ee516b-b5a2-415d-ba65-ea35b613cbd2?x-oss-process=image/resize,w_200/format,webp",
      "parse": false
    },
    {
      "name": "台湾李子柒4K",
      "url": "http://hls-ott-zhibo.wasu.tv/live/443/index.m3u8",
      "pic": "https://imgpub.chuangkit.com/materials/2021/08/30/24ee516b-b5a2-415d-ba65-ea35b613cbd2?x-oss-process=image/resize,w_200/format,webp",
      "parse": false
    },
    {
      "name": "台湾民视HD",
      "url": "http://23.237.10.66:16334",
      "pic": "https://imgpub.chuangkit.com/materials/2021/08/30/24ee516b-b5a2-415d-ba65-ea35b613cbd2?x-oss-process=image/resize,w_200/format,webp",
      "parse": false
    },
    {
      "name": "台湾人间卫视",
      "url": "https://5ddce30eb4b55.streamlock.net/bltvhd/bltv1/playlist.m3u8",
      "pic": "https://imgpub.chuangkit.com/materials/2021/08/30/24ee516b-b5a2-415d-ba65-ea35b613cbd2?x-oss-process=image/resize,w_200/format,webp",
      "parse": false
    },
    {
      "name": "台湾生活",
      "url": "http://hls-ott-zhibo.wasu.tv/live/452/index.m3u8",
      "pic": "https://imgpub.chuangkit.com/materials/2021/08/30/24ee516b-b5a2-415d-ba65-ea35b613cbd2?x-oss-process=image/resize,w_200/format,webp",
      "parse": false
    },
    {
      "name": "台湾台视HD",
      "url": "http://23.237.10.66:16344",
      "pic": "https://imgpub.chuangkit.com/materials/2021/08/30/24ee516b-b5a2-415d-ba65-ea35b613cbd2?x-oss-process=image/resize,w_200/format,webp",
      "parse": false
    },
    {
      "name": "台湾天才衝衝衝",
      "url": "https://raw.githubusercontent.com/etag2000/IPTV/YTlive/ctsshow.m3u8",
      "pic": "https://imgpub.chuangkit.com/materials/2021/08/30/24ee516b-b5a2-415d-ba65-ea35b613cbd2?x-oss-process=image/resize,w_200/format,webp",
      "parse": false
    },
    {
      "name": "台湾TITV（原住民电视）",
      "url": "http://streamipcf.akamaized.net/live/_definst_/live_720/key_b1500.m3u8",
      "pic": "https://imgpub.chuangkit.com/materials/2021/08/30/24ee516b-b5a2-415d-ba65-ea35b613cbd2?x-oss-process=image/resize,w_200/format,webp",
      "parse": false
    },
    {
      "name": "台湾TVBS亚洲台",
      "url": "http://38.64.72.148:80/hls/modn/list/4005/chunklist1.m3u8",
      "pic": "https://imgpub.chuangkit.com/materials/2021/08/30/24ee516b-b5a2-415d-ba65-ea35b613cbd2?x-oss-process=image/resize,w_200/format,webp",
      "parse": false
    },
    {
      "name": "台湾优视频道 (U Channel) [Not 24/7]",
      "url": "http://1-fss24-s0.streamhoster.com/lv_uchannel/_definst_/broadcast1/chunklist.m3u8",
      "pic": "https://imgpub.chuangkit.com/materials/2021/08/30/24ee516b-b5a2-415d-ba65-ea35b613cbd2?x-oss-process=image/resize,w_200/format,webp",
      "parse": false
    },
    {
      "name": "台湾中天综合",
      "url": "http://23.237.10.66:16372",
      "pic": "https://imgpub.chuangkit.com/materials/2021/08/30/24ee516b-b5a2-415d-ba65-ea35b613cbd2?x-oss-process=image/resize,w_200/format,webp",
      "parse": false
    },
    {
      "name": "台湾转转发现",
      "url": "https://dqhxk7sbp7xog.cloudfront.net/hls-live/goodtv/_definst_/liveevent/live-ch40-2.m3u8",
      "pic": "https://imgpub.chuangkit.com/materials/2021/08/30/24ee516b-b5a2-415d-ba65-ea35b613cbd2?x-oss-process=image/resize,w_200/format,webp",
      "parse": false
    },
    {
      "name": "Indigenous TV",
      "url": "http://streamipcf.akamaized.net/live/_definst_/smil:liveabr.smil/playlist.m3u8",
      "pic": "https://imgpub.chuangkit.com/materials/2021/08/30/24ee516b-b5a2-415d-ba65-ea35b613cbd2?x-oss-process=image/resize,w_200/format,webp",
      "parse": false
    }
  ]
}
