{
  "data": [
    {
      "name": "Marvel",
      "url": "https://live.metshop.top/yy/1354930233",
      "pic": "https://encrypted-tbn0.gstatic.com/images?q=tbn:ANd9GcSedU3B20d5oT2la4cc-HAo3dvH2liEpkiW7A&usqp=CAU",
      "parse": false
    },
    {
      "name": "DC",
      "url": "https://live.metshop.top/huya/11342428",
      "pic": "https://encrypted-tbn0.gstatic.com/images?q=tbn:ANd9GcTj_HbKCU2DMpmb12Em5Dikb9ITo-0F9G1Lrg&usqp=CAU",
      "parse": false
    },
    {
      "name": "Mission Impossible",
      "url": "https://live.metshop.top/yy/1354930181",
      "pic": "https://encrypted-tbn0.gstatic.com/images?q=tbn:ANd9GcSGe_XxsaLLDRzMIVCyVuAlaLzkSU28kL4ahA&usqp=CAU",
      "parse": false
    },
    {
      "name": "Sherlock Holmes",
      "url": "https://live.metshop.top/yy/1382736809",
      "pic": "https://encrypted-tbn0.gstatic.com/images?q=tbn:ANd9GcRIo9-jkCxl4t98tdNgYXU52M7yw5Aoj9mmNg&usqp=CAU",
      "parse": false
    },
    {
      "name": "2 Broke Girls 2011-2017",
      "url": "https://live.metshop.top/huya/11342417",
      "pic": "https://encrypted-tbn0.gstatic.com/images?q=tbn:ANd9GcRGgG3T1ekIEeQpgxzRQ532cG0A0E_RoIFykA&usqp=CAU",
      "parse": false
    },
    {
      "name": "Friends 1994-2004",
      "url": "https://live.metshop.top/yy/1382741639",
      "pic": "https://encrypted-tbn0.gstatic.com/images?q=tbn:ANd9GcT2sCT_TzLI1TiKXJFe2_bggcsRf8HoYVMA-w&usqp=CAU",
      "parse": false
    },
    {
      "name": "Action ①",
      "url": "https://live.metshop.top/yy/1382736864",
      "pic": "https://encrypted-tbn0.gstatic.com/images?q=tbn:ANd9GcRYVRB2M29gZxoF0QbtGzpSR-MD0O9_iTESQA&usqp=CAU",
      "parse": false
    },
    {
      "name": "Action ②",
      "url": "https://live.metshop.top/yy/1382745089",
      "pic": "https://encrypted-tbn0.gstatic.com/images?q=tbn:ANd9GcRYVRB2M29gZxoF0QbtGzpSR-MD0O9_iTESQA&usqp=CAU",
      "parse": false
    },
    {
      "name": "Action ③",
      "url": "https://live.metshop.top/yy/24923327",
      "pic": "https://encrypted-tbn0.gstatic.com/images?q=tbn:ANd9GcRYVRB2M29gZxoF0QbtGzpSR-MD0O9_iTESQA&usqp=CAU",
      "parse": false
    },
    {
      "name": "Action & Gunfight",
      "url": "https://live.metshop.top/yy/29170933",
      "pic": "https://encrypted-tbn0.gstatic.com/images?q=tbn:ANd9GcRYVRB2M29gZxoF0QbtGzpSR-MD0O9_iTESQA&usqp=CAU",
      "parse": false
    },
    {
      "name": "Comedy",
      "url": "https://live.metshop.top/yy/1382736861",
      "pic": "https://encrypted-tbn0.gstatic.com/images?q=tbn:ANd9GcRYVRB2M29gZxoF0QbtGzpSR-MD0O9_iTESQA&usqp=CAU",
      "parse": false
    },
    {
      "name": "DouBan Top 250",
      "url": "https://live.metshop.top/douyu/8770422",
      "pic": "https://encrypted-tbn0.gstatic.com/images?q=tbn:ANd9GcRYVRB2M29gZxoF0QbtGzpSR-MD0O9_iTESQA&usqp=CAU",
      "parse": false
    },
    {
      "name": "DouYu 129",
      "url": "https://live.metshop.top/douyu/413573",
      "pic": "https://encrypted-tbn0.gstatic.com/images?q=tbn:ANd9GcRYVRB2M29gZxoF0QbtGzpSR-MD0O9_iTESQA&usqp=CAU",
      "parse": false
    },
    {
      "name": "DouYu 747764",
      "url": "https://live.metshop.top/douyu/747764",
      "pic": "https://encrypted-tbn0.gstatic.com/images?q=tbn:ANd9GcRYVRB2M29gZxoF0QbtGzpSR-MD0O9_iTESQA&usqp=CAU",
      "parse": false
    },
    {
      "name": "DouYu 8791622",
      "url": "https://live.metshop.top/douyu/8791622",
      "pic": "https://encrypted-tbn0.gstatic.com/images?q=tbn:ANd9GcRYVRB2M29gZxoF0QbtGzpSR-MD0O9_iTESQA&usqp=CAU",
      "parse": false
    },
    {
      "name": "DouYu 贝爷MAX厅",
      "url": "https://live.metshop.top/douyu/4332",
      "pic": "https://encrypted-tbn0.gstatic.com/images?q=tbn:ANd9GcRYVRB2M29gZxoF0QbtGzpSR-MD0O9_iTESQA&usqp=CAU",
      "parse": false
    },
    {
      "name": "DouYu 贝爷影厅 ①",
      "url": "https://live.metshop.top/douyu/252802",
      "pic": "https://encrypted-tbn0.gstatic.com/images?q=tbn:ANd9GcRYVRB2M29gZxoF0QbtGzpSR-MD0O9_iTESQA&usqp=CAU",
      "parse": false
    },
    {
      "name": "DouYu 贝爷影厅 ②",
      "url": "https://live.metshop.top/douyu/36337",
      "pic": "https://encrypted-tbn0.gstatic.com/images?q=tbn:ANd9GcRYVRB2M29gZxoF0QbtGzpSR-MD0O9_iTESQA&usqp=CAU",
      "parse": false
    },
    {
      "name": "DouYu 可乐电影",
      "url": "https://live.metshop.top/douyu/20415",
      "pic": "https://encrypted-tbn0.gstatic.com/images?q=tbn:ANd9GcRYVRB2M29gZxoF0QbtGzpSR-MD0O9_iTESQA&usqp=CAU",
      "parse": false
    },
    {
      "name": "DouYu 麓山迷踪",
      "url": "https://live.metshop.top/douyu/4505431",
      "pic": "https://encrypted-tbn0.gstatic.com/images?q=tbn:ANd9GcRYVRB2M29gZxoF0QbtGzpSR-MD0O9_iTESQA&usqp=CAU",
      "parse": false
    },
    {
      "name": "Dwayne Johnson",
      "url": "https://live.metshop.top/huya/21059581",
      "pic": "https://encrypted-tbn0.gstatic.com/images?q=tbn:ANd9GcRYVRB2M29gZxoF0QbtGzpSR-MD0O9_iTESQA&usqp=CAU",
      "parse": false
    },
    {
      "name": "Epic War",
      "url": "https://live.metshop.top/yy/1382745092",
      "pic": "https://encrypted-tbn0.gstatic.com/images?q=tbn:ANd9GcRYVRB2M29gZxoF0QbtGzpSR-MD0O9_iTESQA&usqp=CAU",
      "parse": false
    },
    {
      "name": "Harry Potter",
      "url": "https://live.metshop.top/douyu/8814650",
      "pic": "https://encrypted-tbn0.gstatic.com/images?q=tbn:ANd9GcRYVRB2M29gZxoF0QbtGzpSR-MD0O9_iTESQA&usqp=CAU",
      "parse": false
    },
    {
      "name": "Horror",
      "url": "https://live.metshop.top/huya/11352903",
      "pic": "https://encrypted-tbn0.gstatic.com/images?q=tbn:ANd9GcRYVRB2M29gZxoF0QbtGzpSR-MD0O9_iTESQA&usqp=CAU",
      "parse": false
    },
    {
      "name": "Horror & Disaster 奶虫",
      "url": "https://live.metshop.top/douyu/263824",
      "pic": "https://encrypted-tbn0.gstatic.com/images?q=tbn:ANd9GcRYVRB2M29gZxoF0QbtGzpSR-MD0O9_iTESQA&usqp=CAU",
      "parse": false
    },
    {
      "name": "Horror Classic",
      "url": "https://live.metshop.top/douyu/1165374",
      "pic": "https://encrypted-tbn0.gstatic.com/images?q=tbn:ANd9GcRYVRB2M29gZxoF0QbtGzpSR-MD0O9_iTESQA&usqp=CAU",
      "parse": false
    },
    {
      "name": "James Bond",
      "url": "https://live.metshop.top/douyu/9292499",
      "pic": "https://encrypted-tbn0.gstatic.com/images?q=tbn:ANd9GcRYVRB2M29gZxoF0QbtGzpSR-MD0O9_iTESQA&usqp=CAU",
      "parse": false
    },
    {
      "name": "Marvel",
      "url": "https://live.metshop.top/douyu/6140589",
      "pic": "https://encrypted-tbn0.gstatic.com/images?q=tbn:ANd9GcRYVRB2M29gZxoF0QbtGzpSR-MD0O9_iTESQA&usqp=CAU",
      "parse": false
    },
    {
      "name": "Movies ①",
      "url": "https://live.metshop.top/yy/1382736855",
      "pic": "https://encrypted-tbn0.gstatic.com/images?q=tbn:ANd9GcRYVRB2M29gZxoF0QbtGzpSR-MD0O9_iTESQA&usqp=CAU",
      "parse": false
    },
    {
      "name": "Movies ②",
      "url": "https://live.metshop.top/yy/1382747628",
      "pic": "https://encrypted-tbn0.gstatic.com/images?q=tbn:ANd9GcRYVRB2M29gZxoF0QbtGzpSR-MD0O9_iTESQA&usqp=CAU",
      "parse": false
    },
    {
      "name": "Movies ③",
      "url": "https://live.metshop.top/yy/26623173",
      "pic": "https://encrypted-tbn0.gstatic.com/images?q=tbn:ANd9GcRYVRB2M29gZxoF0QbtGzpSR-MD0O9_iTESQA&usqp=CAU",
      "parse": false
    },
    {
      "name": "Mutant Movies",
      "url": "https://live.metshop.top/douyu/9651304",
      "pic": "https://encrypted-tbn0.gstatic.com/images?q=tbn:ANd9GcRYVRB2M29gZxoF0QbtGzpSR-MD0O9_iTESQA&usqp=CAU",
      "parse": false
    },
    {
      "name": "Sci-Fi ①",
      "url": "https://live.metshop.top/yy/1354930209",
      "pic": "https://encrypted-tbn0.gstatic.com/images?q=tbn:ANd9GcRYVRB2M29gZxoF0QbtGzpSR-MD0O9_iTESQA&usqp=CAU",
      "parse": false
    },
    {
      "name": "Sci-Fi ②",
      "url": "https://live.metshop.top/yy/37988782",
      "pic": "https://encrypted-tbn0.gstatic.com/images?q=tbn:ANd9GcRYVRB2M29gZxoF0QbtGzpSR-MD0O9_iTESQA&usqp=CAU",
      "parse": false
    },
    {
      "name": "Sci-Fi & Action 008",
      "url": "https://live.metshop.top/douyu/323876",
      "pic": "https://encrypted-tbn0.gstatic.com/images?q=tbn:ANd9GcRYVRB2M29gZxoF0QbtGzpSR-MD0O9_iTESQA&usqp=CAU",
      "parse": false
    },
    {
      "name": "Sport's Legend",
      "url": "https://live.metshop.top/yy/1382735625",
      "pic": "https://encrypted-tbn0.gstatic.com/images?q=tbn:ANd9GcRYVRB2M29gZxoF0QbtGzpSR-MD0O9_iTESQA&usqp=CAU",
      "parse": false
    },
    {
      "name": "Sports Inspirational",
      "url": "https://live.metshop.top/yy/1382735626",
      "pic": "https://encrypted-tbn0.gstatic.com/images?q=tbn:ANd9GcRYVRB2M29gZxoF0QbtGzpSR-MD0O9_iTESQA&usqp=CAU",
      "parse": false
    },
    {
      "name": "Superheroes ①",
      "url": "https://live.metshop.top/yy/1382736863",
      "pic": "https://encrypted-tbn0.gstatic.com/images?q=tbn:ANd9GcRYVRB2M29gZxoF0QbtGzpSR-MD0O9_iTESQA&usqp=CAU",
      "parse": false
    },
    {
      "name": "Superheroes ②",
      "url": "https://live.metshop.top/yy/1382745091",
      "pic": "https://encrypted-tbn0.gstatic.com/images?q=tbn:ANd9GcRYVRB2M29gZxoF0QbtGzpSR-MD0O9_iTESQA&usqp=CAU",
      "parse": false
    },
    {
      "name": "Suspense & Thriller",
      "url": "https://live.metshop.top/yy/1382745090",
      "pic": "https://encrypted-tbn0.gstatic.com/images?q=tbn:ANd9GcRYVRB2M29gZxoF0QbtGzpSR-MD0O9_iTESQA&usqp=CAU",
      "parse": false
    },
    {
      "name": "War ①",
      "url": "https://live.metshop.top/yy/1382736857",
      "pic": "https://encrypted-tbn0.gstatic.com/images?q=tbn:ANd9GcRYVRB2M29gZxoF0QbtGzpSR-MD0O9_iTESQA&usqp=CAU",
      "parse": false
    },
    {
      "name": "War ②",
      "url": "https://live.metshop.top/yy/1382736798",
      "pic": "https://encrypted-tbn0.gstatic.com/images?q=tbn:ANd9GcRYVRB2M29gZxoF0QbtGzpSR-MD0O9_iTESQA&usqp=CAU",
      "parse": false
    },
    {
      "name": "War & Snipe",
      "url": "https://live.metshop.top/yy/1450828388",
      "pic": "https://encrypted-tbn0.gstatic.com/images?q=tbn:ANd9GcRYVRB2M29gZxoF0QbtGzpSR-MD0O9_iTESQA&usqp=CAU",
      "parse": false
    },
    {
      "name": "周星驰",
      "url": "https://live.metshop.top/huya/11336587",
      "pic": "https://encrypted-tbn0.gstatic.com/images?q=tbn:ANd9GcRKYHb0CIIAKXM7730yClboVdyBh4_52y9ntQ&usqp=CAU",
      "parse": false
    },
    {
      "name": "刘德华",
      "url": "https://live.metshop.top/yy/1354888726",
      "pic": "https://encrypted-tbn0.gstatic.com/images?q=tbn:ANd9GcR2xmPpq9apJ8h6UzY9SifmEd7l1ixJrAS91A&usqp=CAU",
      "parse": false
    },
    {
      "name": "成龙",
      "url": "https://live.metshop.top/yy/1354888751",
      "pic": "https://encrypted-tbn0.gstatic.com/images?q=tbn:ANd9GcQyonUE9t64WOsuo4wTjNzScnPBurY2S8_tdA&usqp=CAU",
      "parse": false
    },
    {
      "name": "周润发",
      "url": "https://live.metshop.top/yy/1354888733",
      "pic": "https://encrypted-tbn0.gstatic.com/images?q=tbn:ANd9GcRDkzkCCDTFAbDnZSsiov_KCW4wy8eNg6RL3w&usqp=CAU",
      "parse": false
    },
    {
      "name": "林正英",
      "url": "https://live.metshop.top/yy/1353685311",
      "pic": "https://encrypted-tbn0.gstatic.com/images?q=tbn:ANd9GcQevpbyR423Jajl6MUSac5XOG62gthORIqDkQ&usqp=CAU",
      "parse": false
    },
    {
      "name": "许氏三杰",
      "url": "https://live.metshop.top/huya/11602033",
      "pic": "https://encrypted-tbn0.gstatic.com/images?q=tbn:ANd9GcRG4uadw7nJQDvMX5JjofW9g67dPW0hVyXiYA&usqp=CAU",
      "parse": false
    },
    {
      "name": "粤语电影 ①",
      "url": "https://live.metshop.top/douyu/6566671",
      "pic": "https://encrypted-tbn0.gstatic.com/images?q=tbn:ANd9GcSYhAYgmAg-2q7DnkP3WcHPvHgHUIyyIqQnsg&usqp=CAU",
      "parse": false
    },
    {
      "name": "粤语电影 ②",
      "url": "https://live.metshop.top/douyu/5033502",
      "pic": "https://encrypted-tbn0.gstatic.com/images?q=tbn:ANd9GcSYhAYgmAg-2q7DnkP3WcHPvHgHUIyyIqQnsg&usqp=CAU",
      "parse": false
    },
    {
      "name": "粤语电影 ③",
      "url": "https://live.metshop.top/douyu/1226741",
      "pic": "https://encrypted-tbn0.gstatic.com/images?q=tbn:ANd9GcSYhAYgmAg-2q7DnkP3WcHPvHgHUIyyIqQnsg&usqp=CAU",
      "parse": false
    },
    {
      "name": "粤语喜剧",
      "url": "https://live.metshop.top/huya/11352894",
      "pic": "https://encrypted-tbn0.gstatic.com/images?q=tbn:ANd9GcRYVRB2M29gZxoF0QbtGzpSR-MD0O9_iTESQA&usqp=CAU",
      "parse": false
    },
    {
      "name": "镖行天下系列",
      "url": "https://live.metshop.top/huya/11352969",
      "pic": "https://encrypted-tbn0.gstatic.com/images?q=tbn:ANd9GcRYVRB2M29gZxoF0QbtGzpSR-MD0O9_iTESQA&usqp=CAU",
      "parse": false
    },
    {
      "name": "24小时蓝光大片",
      "url": "https://live.metshop.top/yy/24066336",
      "pic": "https://encrypted-tbn0.gstatic.com/images?q=tbn:ANd9GcRYVRB2M29gZxoF0QbtGzpSR-MD0O9_iTESQA&usqp=CAU",
      "parse": false
    },
    {
      "name": "古惑仔系列（华）",
      "url": "https://live.metshop.top/yy/1458275377",
      "pic": "https://encrypted-tbn0.gstatic.com/images?q=tbn:ANd9GcRYVRB2M29gZxoF0QbtGzpSR-MD0O9_iTESQA&usqp=CAU",
      "parse": false
    },
    {
      "name": "老电影8080",
      "url": "https://live.metshop.top/yy/1451191966",
      "pic": "https://encrypted-tbn0.gstatic.com/images?q=tbn:ANd9GcRYVRB2M29gZxoF0QbtGzpSR-MD0O9_iTESQA&usqp=CAU",
      "parse": false
    },
    {
      "name": "香港电影3000",
      "url": "https://live.metshop.top/yy/1355076627",
      "pic": "https://encrypted-tbn0.gstatic.com/images?q=tbn:ANd9GcRYVRB2M29gZxoF0QbtGzpSR-MD0O9_iTESQA&usqp=CAU",
      "parse": false
    },
    {
      "name": "香港鬼片2000",
      "url": "https://live.metshop.top/yy/1355479289",
      "pic": "https://encrypted-tbn0.gstatic.com/images?q=tbn:ANd9GcRYVRB2M29gZxoF0QbtGzpSR-MD0O9_iTESQA&usqp=CAU",
      "parse": false
    },
    {
      "name": "香港鬼片5000",
      "url": "https://live.metshop.top/yy/1355263385",
      "pic": "https://encrypted-tbn0.gstatic.com/images?q=tbn:ANd9GcRYVRB2M29gZxoF0QbtGzpSR-MD0O9_iTESQA&usqp=CAU",
      "parse": false
    },
    {
      "name": "绝版鬼片",
      "url": "https://live.metshop.top/yy/1454587259",
      "pic": "https://encrypted-tbn0.gstatic.com/images?q=tbn:ANd9GcRYVRB2M29gZxoF0QbtGzpSR-MD0O9_iTESQA&usqp=CAU",
      "parse": false
    },
    {
      "name": "老妖鬼片",
      "url": "https://live.metshop.top/yy/1354952229",
      "pic": "https://encrypted-tbn0.gstatic.com/images?q=tbn:ANd9GcRYVRB2M29gZxoF0QbtGzpSR-MD0O9_iTESQA&usqp=CAU",
      "parse": false
    },
    {
      "name": "奇幻鬼怪",
      "url": "https://live.metshop.top/yy/1459714870",
      "pic": "https://encrypted-tbn0.gstatic.com/images?q=tbn:ANd9GcRYVRB2M29gZxoF0QbtGzpSR-MD0O9_iTESQA&usqp=CAU",
      "parse": false
    },
    {
      "name": "经典搞笑",
      "url": "https://live.metshop.top/yy/42932063",
      "pic": "https://encrypted-tbn0.gstatic.com/images?q=tbn:ANd9GcRYVRB2M29gZxoF0QbtGzpSR-MD0O9_iTESQA&usqp=CAU",
      "parse": false
    },
    {
      "name": "武侠经典",
      "url": "https://live.metshop.top/yy/1353587611",
      "pic": "https://encrypted-tbn0.gstatic.com/images?q=tbn:ANd9GcRYVRB2M29gZxoF0QbtGzpSR-MD0O9_iTESQA&usqp=CAU",
      "parse": false
    },
    {
      "name": "战争军事",
      "url": "https://live.metshop.top/yy/1353426319",
      "pic": "https://encrypted-tbn0.gstatic.com/images?q=tbn:ANd9GcRYVRB2M29gZxoF0QbtGzpSR-MD0O9_iTESQA&usqp=CAU",
      "parse": false
    },
    {
      "name": "战争大片 ①",
      "url": "https://live.metshop.top/yy/1382736819",
      "pic": "https://encrypted-tbn0.gstatic.com/images?q=tbn:ANd9GcRYVRB2M29gZxoF0QbtGzpSR-MD0O9_iTESQA&usqp=CAU",
      "parse": false
    },
    {
      "name": "战争大片 ②",
      "url": "https://live.metshop.top/yy/1382745087",
      "pic": "https://encrypted-tbn0.gstatic.com/images?q=tbn:ANd9GcRYVRB2M29gZxoF0QbtGzpSR-MD0O9_iTESQA&usqp=CAU",
      "parse": false
    },
    {
      "name": "战争大片 ③",
      "url": "https://live.metshop.top/yy/1382735556",
      "pic": "https://encrypted-tbn0.gstatic.com/images?q=tbn:ANd9GcRYVRB2M29gZxoF0QbtGzpSR-MD0O9_iTESQA&usqp=CAU",
      "parse": false
    },
    {
      "name": "热血动作",
      "url": "https://live.metshop.top/yy/1382736804",
      "pic": "https://encrypted-tbn0.gstatic.com/images?q=tbn:ANd9GcRYVRB2M29gZxoF0QbtGzpSR-MD0O9_iTESQA&usqp=CAU",
      "parse": false
    },
    {
      "name": "激战动作",
      "url": "https://live.metshop.top/yy/1382745083",
      "pic": "https://encrypted-tbn0.gstatic.com/images?q=tbn:ANd9GcRYVRB2M29gZxoF0QbtGzpSR-MD0O9_iTESQA&usqp=CAU",
      "parse": false
    },
    {
      "name": "动作、科幻、玄幻",
      "url": "https://live.metshop.top/yy/1355065896",
      "pic": "https://encrypted-tbn0.gstatic.com/images?q=tbn:ANd9GcRYVRB2M29gZxoF0QbtGzpSR-MD0O9_iTESQA&usqp=CAU",
      "parse": false
    },
    {
      "name": "掌鑫玄幻",
      "url": "https://live.metshop.top/yy/1382752356",
      "pic": "https://encrypted-tbn0.gstatic.com/images?q=tbn:ANd9GcRYVRB2M29gZxoF0QbtGzpSR-MD0O9_iTESQA&usqp=CAU",
      "parse": false
    },
    {
      "name": "玄幻 ①",
      "url": "https://live.metshop.top/yy/1382688400",
      "pic": "https://encrypted-tbn0.gstatic.com/images?q=tbn:ANd9GcRYVRB2M29gZxoF0QbtGzpSR-MD0O9_iTESQA&usqp=CAU",
      "parse": false
    },
    {
      "name": "玄幻 ②",
      "url": "https://live.metshop.top/yy/1354886727",
      "pic": "https://encrypted-tbn0.gstatic.com/images?q=tbn:ANd9GcRYVRB2M29gZxoF0QbtGzpSR-MD0O9_iTESQA&usqp=CAU",
      "parse": false
    },
    {
      "name": "科幻 ①",
      "url": "https://live.metshop.top/yy/1354936221",
      "pic": "https://encrypted-tbn0.gstatic.com/images?q=tbn:ANd9GcRYVRB2M29gZxoF0QbtGzpSR-MD0O9_iTESQA&usqp=CAU",
      "parse": false
    },
    {
      "name": "科幻 ②",
      "url": "https://live.metshop.top/yy/1382749944",
      "pic": "https://encrypted-tbn0.gstatic.com/images?q=tbn:ANd9GcRYVRB2M29gZxoF0QbtGzpSR-MD0O9_iTESQA&usqp=CAU",
      "parse": false
    },
    {
      "name": "科幻 ③",
      "url": "https://live.metshop.top/yy/1382745085",
      "pic": "https://encrypted-tbn0.gstatic.com/images?q=tbn:ANd9GcRYVRB2M29gZxoF0QbtGzpSR-MD0O9_iTESQA&usqp=CAU",
      "parse": false
    },
    {
      "name": "动作",
      "url": "https://live.metshop.top/yy/1382736858",
      "pic": "https://encrypted-tbn0.gstatic.com/images?q=tbn:ANd9GcRYVRB2M29gZxoF0QbtGzpSR-MD0O9_iTESQA&usqp=CAU",
      "parse": false
    },
    {
      "name": "悬疑",
      "url": "https://live.metshop.top/yy/1382736859",
      "pic": "https://encrypted-tbn0.gstatic.com/images?q=tbn:ANd9GcRYVRB2M29gZxoF0QbtGzpSR-MD0O9_iTESQA&usqp=CAU",
      "parse": false
    },
    {
      "name": "喜剧 ①",
      "url": "https://live.metshop.top/yy/1382749892",
      "pic": "https://encrypted-tbn0.gstatic.com/images?q=tbn:ANd9GcRYVRB2M29gZxoF0QbtGzpSR-MD0O9_iTESQA&usqp=CAU",
      "parse": false
    },
    {
      "name": "喜剧 ②",
      "url": "https://live.metshop.top/yy/1382745097",
      "pic": "https://encrypted-tbn0.gstatic.com/images?q=tbn:ANd9GcRYVRB2M29gZxoF0QbtGzpSR-MD0O9_iTESQA&usqp=CAU",
      "parse": false
    },
    {
      "name": "甜宠喜剧",
      "url": "https://live.metshop.top/yy/1382744423",
      "pic": "https://encrypted-tbn0.gstatic.com/images?q=tbn:ANd9GcRYVRB2M29gZxoF0QbtGzpSR-MD0O9_iTESQA&usqp=CAU",
      "parse": false
    },
    {
      "name": "星卫电影台",
      "url": "https://live.metshop.top/yy/29900720",
      "pic": "https://encrypted-tbn0.gstatic.com/images?q=tbn:ANd9GcRYVRB2M29gZxoF0QbtGzpSR-MD0O9_iTESQA&usqp=CAU",
      "parse": false
    },
    {
      "name": "电影 ①",
      "url": "https://live.metshop.top/yy/1354936207",
      "pic": "https://encrypted-tbn0.gstatic.com/images?q=tbn:ANd9GcRYVRB2M29gZxoF0QbtGzpSR-MD0O9_iTESQA&usqp=CAU",
      "parse": false
    },
    {
      "name": "电影 ②",
      "url": "https://live.metshop.top/yy/1354926655",
      "pic": "https://encrypted-tbn0.gstatic.com/images?q=tbn:ANd9GcRYVRB2M29gZxoF0QbtGzpSR-MD0O9_iTESQA&usqp=CAU",
      "parse": false
    },
    {
      "name": "古墓、探险",
      "url": "https://live.metshop.top/huya/11352913",
      "pic": "https://encrypted-tbn0.gstatic.com/images?q=tbn:ANd9GcRYVRB2M29gZxoF0QbtGzpSR-MD0O9_iTESQA&usqp=CAU",
      "parse": false
    },
    {
      "name": "搞笑、恐怖",
      "url": "https://live.metshop.top/huya/11601960",
      "pic": "https://encrypted-tbn0.gstatic.com/images?q=tbn:ANd9GcRYVRB2M29gZxoF0QbtGzpSR-MD0O9_iTESQA&usqp=CAU",
      "parse": false
    },
    {
      "name": "喜剧",
      "url": "https://live.metshop.top/huya/11352897",
      "pic": "https://encrypted-tbn0.gstatic.com/images?q=tbn:ANd9GcRYVRB2M29gZxoF0QbtGzpSR-MD0O9_iTESQA&usqp=CAU",
      "parse": false
    },
    {
      "name": "灾难",
      "url": "https://live.metshop.top/huya/11602075",
      "pic": "https://encrypted-tbn0.gstatic.com/images?q=tbn:ANd9GcRYVRB2M29gZxoF0QbtGzpSR-MD0O9_iTESQA&usqp=CAU",
      "parse": false
    },
    {
      "name": "动作",
      "url": "https://live.metshop.top/huya/11602041",
      "pic": "https://encrypted-tbn0.gstatic.com/images?q=tbn:ANd9GcRYVRB2M29gZxoF0QbtGzpSR-MD0O9_iTESQA&usqp=CAU",
      "parse": false
    },
    {
      "name": "悬疑",
      "url": "https://live.metshop.top/huya/11342395",
      "pic": "https://encrypted-tbn0.gstatic.com/images?q=tbn:ANd9GcRYVRB2M29gZxoF0QbtGzpSR-MD0O9_iTESQA&usqp=CAU",
      "parse": false
    },
    {
      "name": "贺岁电影",
      "url": "https://live.metshop.top/huya/11601986",
      "pic": "https://encrypted-tbn0.gstatic.com/images?q=tbn:ANd9GcRYVRB2M29gZxoF0QbtGzpSR-MD0O9_iTESQA&usqp=CAU",
      "parse": false
    },
    {
      "name": "冰冰小剧场",
      "url": "https://live.metshop.top/douyu/74374",
      "pic": "https://encrypted-tbn0.gstatic.com/images?q=tbn:ANd9GcRYVRB2M29gZxoF0QbtGzpSR-MD0O9_iTESQA&usqp=CAU",
      "parse": false
    },
    {
      "name": "斗鱼 016",
      "url": "https://live.metshop.top/douyu/431460",
      "pic": "https://encrypted-tbn0.gstatic.com/images?q=tbn:ANd9GcRYVRB2M29gZxoF0QbtGzpSR-MD0O9_iTESQA&usqp=CAU",
      "parse": false
    },
    {
      "name": "斗鱼 095",
      "url": "https://live.metshop.top/douyu/4549169",
      "pic": "https://encrypted-tbn0.gstatic.com/images?q=tbn:ANd9GcRYVRB2M29gZxoF0QbtGzpSR-MD0O9_iTESQA&usqp=CAU",
      "parse": false
    },
    {
      "name": "斗鱼 108",
      "url": "https://live.metshop.top/douyu/6566671",
      "pic": "https://encrypted-tbn0.gstatic.com/images?q=tbn:ANd9GcRYVRB2M29gZxoF0QbtGzpSR-MD0O9_iTESQA&usqp=CAU",
      "parse": false
    },
    {
      "name": "斗鱼 111",
      "url": "https://live.metshop.top/douyu/8475821",
      "pic": "https://encrypted-tbn0.gstatic.com/images?q=tbn:ANd9GcRYVRB2M29gZxoF0QbtGzpSR-MD0O9_iTESQA&usqp=CAU",
      "parse": false
    },
    {
      "name": "华语经典",
      "url": "https://live.metshop.top/douyu/434971",
      "pic": "https://encrypted-tbn0.gstatic.com/images?q=tbn:ANd9GcRYVRB2M29gZxoF0QbtGzpSR-MD0O9_iTESQA&usqp=CAU",
      "parse": false
    },
    {
      "name": "神乐影片 ①",
      "url": "https://live.metshop.top/douyu/122402",
      "pic": "https://encrypted-tbn0.gstatic.com/images?q=tbn:ANd9GcSYhAYgmAg-2q7DnkP3WcHPvHgHUIyyIqQnsg&usqp=CAU",
      "parse": false
    },
    {
      "name": "神乐影片 ②",
      "url": "https://live.metshop.top/douyu/85894",
      "pic": "https://encrypted-tbn0.gstatic.com/images?q=tbn:ANd9GcSYhAYgmAg-2q7DnkP3WcHPvHgHUIyyIqQnsg&usqp=CAU",
      "parse": false
    },
    {
      "name": "香港喜剧",
      "url": "https://live.metshop.top/huya/11342423",
      "pic": "https://encrypted-tbn0.gstatic.com/images?q=tbn:ANd9GcRYVRB2M29gZxoF0QbtGzpSR-MD0O9_iTESQA&usqp=CAU",
      "parse": false
    },
    {
      "name": "金庸武侠电影 ①",
      "url": "https://live.metshop.top/huya/11342427",
      "pic": "https://encrypted-tbn0.gstatic.com/images?q=tbn:ANd9GcRQVcTqnsaQaywzhJnNR8mypzeyqA40kNFeUg&usqp=CAU",
      "parse": false
    },
    {
      "name": "金庸武侠电影 ②",
      "url": "https://live.metshop.top/huya/11342435",
      "pic": "https://encrypted-tbn0.gstatic.com/images?q=tbn:ANd9GcRQVcTqnsaQaywzhJnNR8mypzeyqA40kNFeUg&usqp=CAU",
      "parse": false
    },
    {
      "name": "金庸经典武侠剧",
      "url": "https://live.metshop.top/yy/1355326475",
      "pic": "https://encrypted-tbn0.gstatic.com/images?q=tbn:ANd9GcT6eIMvG4MP7IAnckZrVMJfMx3XtM6pcFFFSQ&usqp=CAU",
      "parse": false
    },
    {
      "name": "🆔Series",
      "url": "",
      "pic": "",
      "parse": false
    },
    {
      "name": "大秦帝国（裂变、纵横、崛起）2009-2017",
      "url": "https://live.metshop.top/douyu/6582435",
      "pic": "https://encrypted-tbn0.gstatic.com/images?q=tbn:ANd9GcR9J7RE1ugGnS75z32yrmNmbnaQHsHmBd_N3g&usqp=CAU",
      "parse": false
    },
    {
      "name": "大秦赋 2020",
      "url": "https://live.metshop.top/huya/11352881",
      "pic": "https://encrypted-tbn0.gstatic.com/images?q=tbn:ANd9GcQOZ-B3fZOULIgCjDFqnMv2PY2bze_IKINaOA&usqp=CAU",
      "parse": false
    },
    {
      "name": "三国演义 1994",
      "url": "https://live.metshop.top/yy/1354936241",
      "pic": "https://encrypted-tbn0.gstatic.com/images?q=tbn:ANd9GcRdYJV2U-yAZOuEeOswcyXTNLLGAAm_9Q5A7A&usqp=CAU",
      "parse": false
    },
    {
      "name": "新三国 2010",
      "url": "https://live.metshop.top/yy/1382705738",
      "pic": "https://encrypted-tbn0.gstatic.com/images?q=tbn:ANd9GcTIfoCWDswarGIVU7EBrJ_gN0AtNbNcIL8a8g&usqp=CAU",
      "parse": false
    },
    {
      "name": "新水浒传 2011",
      "url": "https://live.metshop.top/douyu/6785471",
      "pic": "https://encrypted-tbn0.gstatic.com/images?q=tbn:ANd9GcQtCOuB0fxbSjA4vCuu071vPGFwHlpkDsRVfA&usqp=CAU",
      "parse": false
    },
    {
      "name": "康熙王朝 2001",
      "url": "https://live.metshop.top/huya/11352940",
      "pic": "https://encrypted-tbn0.gstatic.com/images?q=tbn:ANd9GcTpWWZosqSI15t5-Od4qzBlNxzexCdPp4u8GQ&usqp=CAU",
      "parse": false
    },
    {
      "name": "雍正王朝 1999",
      "url": "https://live.metshop.top/yy/26650882",
      "pic": "https://encrypted-tbn0.gstatic.com/images?q=tbn:ANd9GcSJzelFtbWLZhAl3enlESekpMWaMd_7HWaVtA&usqp=CAU",
      "parse": false
    },
    {
      "name": "康熙微服私访记 1997-2003",
      "url": "https://live.metshop.top/huya/11342418",
      "pic": "https://encrypted-tbn0.gstatic.com/images?q=tbn:ANd9GcTzrDHULcBtCOVUx3SqNl7lJO8AKtLUqFPTjQ&usqp=CAU",
      "parse": false
    },
    {
      "name": "铁齿铜牙纪晓岚 1999-2008",
      "url": "https://live.metshop.top/yy/1457622044",
      "pic": "https://encrypted-tbn0.gstatic.com/images?q=tbn:ANd9GcS_uGalOYfEJTwr0WPb0gR4lOEuYcckce_INQ&usqp=CAU",
      "parse": false
    },
    {
      "name": "汉武大帝 2005",
      "url": "https://live.metshop.top/yy/1355260855",
      "pic": "https://encrypted-tbn0.gstatic.com/images?q=tbn:ANd9GcRDrMhO3P6gYdgZzgPn6YF0WnDUi_go2XERIw&usqp=CAU",
      "parse": false
    },
    {
      "name": "芈月传 2015",
      "url": "https://live.metshop.top/yy/21881901",
      "pic": "https://encrypted-tbn0.gstatic.com/images?q=tbn:ANd9GcTkCvXm6EBSw9L68tp2BOqOzUsMNNDXmMlA3Q&usqp=CAU",
      "parse": false
    },
    {
      "name": "包青天之七侠五义 2010",
      "url": "https://live.metshop.top/yy/1456625255",
      "pic": "https://encrypted-tbn0.gstatic.com/images?q=tbn:ANd9GcQysMSlKwkDteUDGfvvSD-BiZ5Og0SqVrN-aQ&usqp=CAU",
      "parse": false
    },
    {
      "name": "神探狄仁杰 2004",
      "url": "https://live.metshop.top/yy/1351755386",
      "pic": "https://encrypted-tbn0.gstatic.com/images?q=tbn:ANd9GcRbmNbfckKx_YJkdR7L6oxsM_Sj528yekbzlA&usqp=CAU",
      "parse": false
    },
    {
      "name": "宰相刘罗锅 1996",
      "url": "https://live.metshop.top/douyu/8543072",
      "pic": "https://encrypted-tbn0.gstatic.com/images?q=tbn:ANd9GcTPT1DuFORJ95r05kypIYDsAhVkzErK69TlDA&usqp=CAU",
      "parse": false
    },
    {
      "name": "天下粮仓 2002",
      "url": "https://live.metshop.top/yy/1354932391",
      "pic": "https://encrypted-tbn0.gstatic.com/images?q=tbn:ANd9GcQdt1cmTKcTjTA9VhEiGanOgj2l_qyJwfqSrQ&usqp=CAU",
      "parse": false
    },
    {
      "name": "隋唐英雄传 2003",
      "url": "https://live.metshop.top/yy/1352475619",
      "pic": "https://encrypted-tbn0.gstatic.com/images?q=tbn:ANd9GcS_iAc6GjG-4Gk2QmLDgy8QJJoMHXGCx1F7Pw&usqp=CAU",
      "parse": false
    },
    {
      "name": "隋唐演义 2013",
      "url": "https://live.metshop.top/yy/1382755037",
      "pic": "https://encrypted-tbn0.gstatic.com/images?q=tbn:ANd9GcQZEgtyumaaxRCAgBI2jE9uUm7t3FwXJICJ_A&usqp=CAU",
      "parse": false
    },
    {
      "name": "薛平贵与王宝钏 2012",
      "url": "https://live.metshop.top/yy/1461199021",
      "pic": "https://encrypted-tbn0.gstatic.com/images?q=tbn:ANd9GcTSR-Nb2oFdZ370oGQleM6SBeK4ffRbGS_eSQ&usqp=CAU",
      "parse": false
    },
    {
      "name": "将夜 2018",
      "url": "https://live.metshop.top/yy/1457757657",
      "pic": "https://encrypted-tbn0.gstatic.com/images?q=tbn:ANd9GcQ43-aqM1pcNaOhY6TLrUaGPtfQmUhCtYJ56g&usqp=CAU",
      "parse": false
    },
    {
      "name": "雪中悍刀行 2021",
      "url": "https://live.metshop.top/yy/1354943110",
      "pic": "https://encrypted-tbn0.gstatic.com/images?q=tbn:ANd9GcTO2pwVaX5gPPbSN4oseDynu1LCX04o41mVQA&usqp=CAU",
      "parse": false
    },
    {
      "name": "西游记 1996",
      "url": "https://live.metshop.top/huya/23728660",
      "pic": "https://encrypted-tbn0.gstatic.com/images?q=tbn:ANd9GcQuBLTj796bEKG8yfbBrdFfbg7ZEu9yWfzwwg&usqp=CAU",
      "parse": false
    },
    {
      "name": "西游记（粤）1998",
      "url": "https://live.metshop.top/huya/23734246",
      "pic": "https://encrypted-tbn0.gstatic.com/images?q=tbn:ANd9GcT3GL2TS8glFCjXtvSJIYahoLO1IR4QivYcmA&usqp=CAU",
      "parse": false
    },
    {
      "name": "石敢当 2015",
      "url": "https://live.metshop.top/yy/22089862",
      "pic": "https://encrypted-tbn0.gstatic.com/images?q=tbn:ANd9GcTYaY6RxfPXlKf2XV-9-p2iVwVkYX3nLZ3Xqg&usqp=CAU",
      "parse": false
    },
    {
      "name": "封神榜 1990",
      "url": "https://live.metshop.top/yy/1355525234",
      "pic": "https://encrypted-tbn0.gstatic.com/images?q=tbn:ANd9GcTS5Wjf30StI44S5hdJmrvfyf94GZkIxanNZw&usqp=CAU",
      "parse": false
    },
    {
      "name": "东游记 1998",
      "url": "https://live.metshop.top/yy/1355326475",
      "pic": "https://encrypted-tbn0.gstatic.com/images?q=tbn:ANd9GcRM8mVl_RLojPF3N0zQZmol0I9vHHQbKtSgVw&usqp=CAU",
      "parse": false
    },
    {
      "name": "仙剑奇侠传 2005",
      "url": "https://live.metshop.top/yy/1382749903",
      "pic": "https://encrypted-tbn0.gstatic.com/images?q=tbn:ANd9GcReKXq-mvQ0T70KY-cdApGi0ecVY1YCckfR_A&usqp=CAU",
      "parse": false
    },
    {
      "name": "济公活佛 2010",
      "url": "https://live.metshop.top/huya/11342400",
      "pic": "https://encrypted-tbn0.gstatic.com/images?q=tbn:ANd9GcSbHtvMxJdFwSIIIY9UKRlpPBVYtkL4aEbkwg&usqp=CAU",
      "parse": false
    },
    {
      "name": "嫦娥 2011",
      "url": "https://live.metshop.top/yy/1354658064",
      "pic": "https://encrypted-tbn0.gstatic.com/images?q=tbn:ANd9GcSUmKkqP76cFHhvIOXPYBoCDhAvWBRWJ5IfBw&usqp=CAU",
      "parse": false
    },
    {
      "name": "天战之白蛇传说 2018",
      "url": "https://live.metshop.top/yy/1355098571",
      "pic": "https://encrypted-tbn0.gstatic.com/images?q=tbn:ANd9GcSli7AutngZG0lyyd2sgDMV3lssNfwZEecnwg&usqp=CAU",
      "parse": false
    },
    {
      "name": "哪咤降妖记 2020",
      "url": "https://live.metshop.top/yy/1355286112",
      "pic": "https://encrypted-tbn0.gstatic.com/images?q=tbn:ANd9GcQvm_Tmt9IXHl3iwSqDsi8W_HTBYvIDNRYYqg&usqp=CAU",
      "parse": false
    },
    {
      "name": "射雕英雄传 1983",
      "url": "https://live.metshop.top/yy/1354801944",
      "pic": "https://encrypted-tbn0.gstatic.com/images?q=tbn:ANd9GcTsWK6kAw-cyBYArWKC7xF76Aa-kp_P3wD_EA&usqp=CAU",
      "parse": false
    },
    {
      "name": "神雕侠侣（粤）1995",
      "url": "https://live.metshop.top/yy/1382735543",
      "pic": "https://encrypted-tbn0.gstatic.com/images?q=tbn:ANd9GcQjtA_r4URHwWY42oD6tDx5S_ENtBiQLQ8IoQ&usqp=CAU",
      "parse": false
    },
    {
      "name": "神雕侠侣 2014",
      "url": "https://live.metshop.top/huya/11352964",
      "pic": "https://encrypted-tbn0.gstatic.com/images?q=tbn:ANd9GcSoriG1geAQ6mrDVWHS9gcgkYs0IFcQeQZdnQ&usqp=CAU",
      "parse": false
    },
    {
      "name": "天龙八部 1997",
      "url": "https://live.metshop.top/yy/1351814644",
      "pic": "https://encrypted-tbn0.gstatic.com/images?q=tbn:ANd9GcSDr5ZqIbQZqxHfR_j4jT_jHXVYJnaXfIMIpg&usqp=CAU",
      "parse": false
    },
    {
      "name": "天龙八部 2021",
      "url": "https://live.metshop.top/yy/1382765235",
      "pic": "https://encrypted-tbn0.gstatic.com/images?q=tbn:ANd9GcTpbTcmGjkfkD9cmcecDoJfScd5lf-9kWIngQ&usqp=CAU",
      "parse": false
    },
    {
      "name": "倚天屠龙记（粤1-22）2001",
      "url": "https://live.metshop.top/yy/1382736802",
      "pic": "https://encrypted-tbn0.gstatic.com/images?q=tbn:ANd9GcSKo119Pm-LghQIGsKiqDjZ7rS7_03VggnrXA&usqp=CAU",
      "parse": false
    },
    {
      "name": "倚天屠龙记（粤23-42）2001",
      "url": "https://live.metshop.top/yy/1382736887",
      "pic": "https://encrypted-tbn0.gstatic.com/images?q=tbn:ANd9GcSKo119Pm-LghQIGsKiqDjZ7rS7_03VggnrXA&usqp=CAU",
      "parse": false
    },
    {
      "name": "倚天屠龙记 2003",
      "url": "https://live.metshop.top/yy/1354691883",
      "pic": "https://encrypted-tbn0.gstatic.com/images?q=tbn:ANd9GcQqsPYOGMbKwmbRzeAhabAMcmlv-2UGvE36SQ&usqp=CAU",
      "parse": false
    },
    {
      "name": "倚天屠龙记 2021",
      "url": "https://live.metshop.top/huya/11602051",
      "pic": "https://encrypted-tbn0.gstatic.com/images?q=tbn:ANd9GcRTbyQ1_YeXUAt7V87lTRRp_T38-bq2iGiapw&usqp=CAU",
      "parse": false
    },
    {
      "name": "鹿鼎记 1998",
      "url": "https://live.metshop.top/yy/1382704650",
      "pic": "https://encrypted-tbn0.gstatic.com/images?q=tbn:ANd9GcQD2SPKcTrBeq-MxMCuTULsQy85HVDSS7LT8w&usqp=CAU",
      "parse": false
    },
    {
      "name": "书剑恩仇录 2002",
      "url": "https://live.metshop.top/huya/11336579",
      "pic": "https://encrypted-tbn0.gstatic.com/images?q=tbn:ANd9GcSeV-pPtdy-AzC-G8zjrsqqt9QKZesSQkv4fQ&usqp=CAU",
      "parse": false
    },
    {
      "name": "白眉大侠 1995",
      "url": "https://live.metshop.top/huya/10871113",
      "pic": "https://encrypted-tbn0.gstatic.com/images?q=tbn:ANd9GcR_zyrz1nK0D8RyT_H8Cq2BVdRMOcuHfZeqHQ&usqp=CAU",
      "parse": false
    },
    {
      "name": "天下第一 2005",
      "url": "https://live.metshop.top/yy/1459331991",
      "pic": "https://encrypted-tbn0.gstatic.com/images?q=tbn:ANd9GcT64iEUfAw-7iCBP5zCZG7Mc3KSSIbKnAHXuA&usqp=CAU",
      "parse": false
    },
    {
      "name": "无敌县令 2002",
      "url": "https://live.metshop.top/yy/1354932390",
      "pic": "https://encrypted-tbn0.gstatic.com/images?q=tbn:ANd9GcSzTfTRUP03eaavpzLjCTYL1Umy8KLrPHL48Q&usqp=CAU",
      "parse": false
    },
    {
      "name": "神医喜来乐 2003",
      "url": "https://live.metshop.top/yy/1382714119",
      "pic": "https://encrypted-tbn0.gstatic.com/images?q=tbn:ANd9GcQqbO8BBtUEJ1vDonU7BnKMZHVZPabAKvflcQ&usqp=CAU",
      "parse": false
    },
    {
      "name": "十大奇冤 2008",
      "url": "https://live.metshop.top/huya/11352899",
      "pic": "https://encrypted-tbn0.gstatic.com/images?q=tbn:ANd9GcQlK6lwqEwxwuOq-aQuo7ILIr5nGkEY1ZNYwQ&usqp=CAU",
      "parse": false
    },
    {
      "name": "龙门镖局 2013",
      "url": "https://live.metshop.top/douyu/9650860",
      "pic": "https://encrypted-tbn0.gstatic.com/images?q=tbn:ANd9GcReXyJ8tqbSOFyZtZj6IVNzbswJfOGNW-WdQw&usqp=CAU",
      "parse": false
    },
    {
      "name": "大清盐商 2014",
      "url": "https://live.metshop.top/huya/11342432",
      "pic": "https://encrypted-tbn0.gstatic.com/images?q=tbn:ANd9GcSxLv1lcIWppREKu8_pegQlJvkR4dW5w5953Q&usqp=CAU",
      "parse": false
    },
    {
      "name": "庆余年 2019",
      "url": "https://live.metshop.top/douyu/7489563",
      "pic": "https://encrypted-tbn0.gstatic.com/images?q=tbn:ANd9GcQ1MWbCT00LROfbtH-ohRUwlSMZwzgNdekDkg&usqp=CAU",
      "parse": false
    },
    {
      "name": "小小飞虎队 1995",
      "url": "https://live.metshop.top/yy/1382749888",
      "pic": "https://encrypted-tbn0.gstatic.com/images?q=tbn:ANd9GcQm4W7j1dbY6F_adfy2mgbid-wWEIEKU7MDKA&usqp=CAU",
      "parse": false
    },
    {
      "name": "抉择 1998",
      "url": "https://live.metshop.top/yy/1354926600",
      "pic": "https://encrypted-tbn0.gstatic.com/images?q=tbn:ANd9GcQhtrYVyM1RZkEPZa4cCUDWbdPxS76sDg12Jg&usqp=CAU",
      "parse": false
    },
    {
      "name": "新上海滩 2006",
      "url": "https://live.metshop.top/yy/79382500",
      "pic": "https://encrypted-tbn0.gstatic.com/images?q=tbn:ANd9GcTiHNT1SL2n1_F8VMjiGFNzvVZIgx1gkX7Bfw&usqp=CAU",
      "parse": false
    },
    {
      "name": "闯关东 2008",
      "url": "https://live.metshop.top/yy/1353215589",
      "pic": "https://encrypted-tbn0.gstatic.com/images?q=tbn:ANd9GcS1zWZDIoy2CjvN3bu6U9ZOBNnwpvfj0NHeew&usqp=CAU",
      "parse": false
    },
    {
      "name": "雪豹 2010",
      "url": "https://live.metshop.top/yy/34956881",
      "pic": "https://encrypted-tbn0.gstatic.com/images?q=tbn:ANd9GcRa3KfVDHgYj4JDS1hhuYGknHwlCdbeXLMPFg&usqp=CAU",
      "parse": false
    },
    {
      "name": "铁梨花 2010",
      "url": "https://live.metshop.top/huya/11352910",
      "pic": "https://encrypted-tbn0.gstatic.com/images?q=tbn:ANd9GcT5ArJiQkmoy8N_Z7S1MWaqzPxuqmBDEZzrpg&usqp=CAU",
      "parse": false
    },
    {
      "name": "风语 2011",
      "url": "https://live.metshop.top/yy/1354926671",
      "pic": "https://encrypted-tbn0.gstatic.com/images?q=tbn:ANd9GcTTySpX8e8jLO5a-KNWhuWWHwheGYiJbgwRIA&usqp=CAU",
      "parse": false
    },
    {
      "name": "传奇之王 2011",
      "url": "https://live.metshop.top/yy/1354926735",
      "pic": "https://encrypted-tbn0.gstatic.com/images?q=tbn:ANd9GcRfy4FPDnsgUm8zO2ifhb4nng_ywQqnD_mpzQ&usqp=CAU",
      "parse": false
    },
    {
      "name": "远去的飞鹰 2011",
      "url": "https://live.metshop.top/yy/1354930912",
      "pic": "https://encrypted-tbn0.gstatic.com/images?q=tbn:ANd9GcQ10eSt_tF1ZxyYnyEgW6SD90l3idnNYzV7WQ&usqp=CAU",
      "parse": false
    },
    {
      "name": "燕双鹰（英雄、猎鹰1949、飞虎神鹰、孤岛飞鹰、大漠枪神、津门飞鹰）2012-2017",
      "url": "https://live.metshop.top/yy/1352227153",
      "pic": "https://encrypted-tbn0.gstatic.com/images?q=tbn:ANd9GcTKUcHU3ztjUT71thGttj9Jc8C0bileTk0Sbg&usqp=CAU",
      "parse": false
    },
    {
      "name": "与狼共舞 2012",
      "url": "https://live.metshop.top/yy/1355286720",
      "pic": "https://encrypted-tbn0.gstatic.com/images?q=tbn:ANd9GcRul3X2LdnVNASmerfMTCnAt9nNKeWfm5bXbQ&usqp=CAU",
      "parse": false
    },
    {
      "name": "栗裕大将 2012",
      "url": "https://live.metshop.top/yy/1354926542",
      "pic": "https://encrypted-tbn0.gstatic.com/images?q=tbn:ANd9GcQxd6GzzQkV3hL5jqtM5Rn-QRuOArKzBrWPeA&usqp=CAU",
      "parse": false
    },
    {
      "name": "怪医文三块 2012",
      "url": "https://live.metshop.top/yy/1354936154",
      "pic": "https://encrypted-tbn0.gstatic.com/images?q=tbn:ANd9GcTS4N34X9oc2GygeQXE_TuT15Grejad9j7PZA&usqp=CAU",
      "parse": false
    },
    {
      "name": "火线三兄弟 2013",
      "url": "https://live.metshop.top/douyu/9176009",
      "pic": "https://encrypted-tbn0.gstatic.com/images?q=tbn:ANd9GcRMrZzw8idh22tSMkUoUZnSbnor5kpLuB7Bow&usqp=CAU",
      "parse": false
    },
    {
      "name": "一代枭雄 2014",
      "url": "https://live.metshop.top/yy/1455225203",
      "pic": "https://encrypted-tbn0.gstatic.com/images?q=tbn:ANd9GcR6_zB8jxnGejGpTyQSyCdA-vRTzUTDkTv_Og&usqp=CAU",
      "parse": false
    },
    {
      "name": "伪装者 2015",
      "url": "https://live.metshop.top/huya/11602086",
      "pic": "https://encrypted-tbn0.gstatic.com/images?q=tbn:ANd9GcTTrCDD97ubdn52y0XRiqWdhy0HYmLC9MeaXg&usqp=CAU",
      "parse": false
    },
    {
      "name": "野山鹰 2015",
      "url": "https://live.metshop.top/yy/1354932395",
      "pic": "https://encrypted-tbn0.gstatic.com/images?q=tbn:ANd9GcTedG8rgWWlvPO_mFuULavsnFJhZrS534FTvQ&usqp=CAU",
      "parse": false
    },
    {
      "name": "李三枪 2017",
      "url": "https://live.metshop.top/yy/1354936122",
      "pic": "https://encrypted-tbn0.gstatic.com/images?q=tbn:ANd9GcRPBY6Z5E7iG8-rx1UtS7MqNKuwChdWO35lRg&usqp=CAU",
      "parse": false
    },
    {
      "name": "谍战深海之惊蛰 2019",
      "url": "https://live.metshop.top/yy/1355336008",
      "pic": "https://encrypted-tbn0.gstatic.com/images?q=tbn:ANd9GcQ2sC3A5VdC4XUTHoFVWPHO4-14Si249Mzmdg&usqp=CAU",
      "parse": false
    },
    {
      "name": "叛逆者 2020",
      "url": "https://live.metshop.top/yy/1354744544",
      "pic": "https://encrypted-tbn0.gstatic.com/images?q=tbn:ANd9GcR71vQnzd3r9I7oNSTw1qpz4Uzux35psrNyQw&usqp=CAU",
      "parse": false
    },
    {
      "name": "重案六组 2001-2011",
      "url": "https://live.metshop.top/yy/1354775242",
      "pic": "https://encrypted-tbn0.gstatic.com/images?q=tbn:ANd9GcRqsZVS3OOfKZZCsgV7cy_Qf3M7XYnjUC4Lnw&usqp=CAU",
      "parse": false
    },
    {
      "name": "开心麻花剧场 2003",
      "url": "https://live.metshop.top/yy/1354936191",
      "pic": "https://encrypted-tbn0.gstatic.com/images?q=tbn:ANd9GcR7OmyxZXtV9r-Ex4f715H4ZIWkPYJkYTt8rw&usqp=CAU",
      "parse": false
    },
    {
      "name": "地下交通站 2007",
      "url": "https://live.metshop.top/yy/29907996",
      "pic": "https://encrypted-tbn0.gstatic.com/images?q=tbn:ANd9GcQn2I6iApikrCbPbLMgjf0yce8CrskmIC5mHg&usqp=CAU",
      "parse": false
    },
    {
      "name": "婚姻密码 2007",
      "url": "https://live.metshop.top/yy/1354926676",
      "pic": "https://encrypted-tbn0.gstatic.com/images?q=tbn:ANd9GcS5DrAG0eJabWAUIzBFemp1lJBsAK89_TAasg&usqp=CAU",
      "parse": false
    },
    {
      "name": "回家的诱惑 2011",
      "url": "https://live.metshop.top/yy/1354658043",
      "pic": "https://encrypted-tbn0.gstatic.com/images?q=tbn:ANd9GcRnYqvlIOx8M5_d7KlzPbTrGc1R88vK1lskwQ&usqp=CAU",
      "parse": false
    },
    {
      "name": "功夫婆媳 2014",
      "url": "https://live.metshop.top/yy/1382736883",
      "pic": "https://encrypted-tbn0.gstatic.com/images?q=tbn:ANd9GcRo01hpwAIsOOyuxBMb4P2YJXDhHxrIvFe1xQ&usqp=CAU",
      "parse": false
    },
    {
      "name": "欢乐颂 2016",
      "url": "https://live.metshop.top/huya/11601979",
      "pic": "https://encrypted-tbn0.gstatic.com/images?q=tbn:ANd9GcTgFUMqJa6Ql9fH37MDCbiWopxlF3DxofKHvQ&usqp=CAU",
      "parse": false
    },
    {
      "name": "法医秦明 2016",
      "url": "https://live.metshop.top/yy/1355370824",
      "pic": "https://encrypted-tbn0.gstatic.com/images?q=tbn:ANd9GcRztJe3vH2TMCXeB5e0jt1ltNRCW9tB_84xPA&usqp=CAU",
      "parse": false
    },
    {
      "name": "鬼吹灯 2016",
      "url": "https://live.metshop.top/yy/1331686180",
      "pic": "https://encrypted-tbn0.gstatic.com/images?q=tbn:ANd9GcTCVJJ5OuadqPUcxHqBrRvQ4S3irFj17ahmmw&usqp=CAU",
      "parse": false
    },
    {
      "name": "我是幸运儿 2017",
      "url": "https://live.metshop.top/yy/1354936128",
      "pic": "https://encrypted-tbn0.gstatic.com/images?q=tbn:ANd9GcQaxyYn0Ii92JLM2m9SZCb8ncGf-ldfpbE98w&usqp=CAU",
      "parse": false
    },
    {
      "name": "婚姻历险记 2017",
      "url": "https://live.metshop.top/yy/1354932355",
      "pic": "https://encrypted-tbn0.gstatic.com/images?q=tbn:ANd9GcTm8PxqYmDzqcSAGsHmsPzCw6qDU-0-QU2oYg&usqp=CAU",
      "parse": false
    },
    {
      "name": "咱们结婚吧 2019",
      "url": "https://live.metshop.top/yy/1354330319",
      "pic": "https://encrypted-tbn0.gstatic.com/images?q=tbn:ANd9GcTl_MZA1irbujMeYgHZQSXSA3DMGzPWXrrlEA&usqp=CAU",
      "parse": false
    },
    {
      "name": "壹号皇庭（华•I－V）1992-1997",
      "url": "https://live.metshop.top/yy/95095060",
      "pic": "https://encrypted-tbn0.gstatic.com/images?q=tbn:ANd9GcQVLzBF1s8gBddy3Hl8K-h6nrOeY7iGReabnQ&usqp=CAU",
      "parse": false
    },
    {
      "name": "再创世纪（粤）2018",
      "url": "https://live.metshop.top/yy/1354936238",
      "pic": "https://encrypted-tbn0.gstatic.com/images?q=tbn:ANd9GcRleqasxU2jLBx-K2iDcucNoerE8yqOtK05ag&usqp=CAU",
      "parse": false
    },
    {
      "name": "🇹🇼我们的快乐人生 2012",
      "url": "https://live.metshop.top/huya/11601961",
      "pic": "https://encrypted-tbn0.gstatic.com/images?q=tbn:ANd9GcSJqXwGqd1-Dn67mF6ETnL94VOr5TdPFerX6A&usqp=CAU",
      "parse": false
    },
    {
      "name": "爆笑剧场",
      "url": "https://live.metshop.top/yy/1382736916",
      "pic": "https://encrypted-tbn0.gstatic.com/images?q=tbn:ANd9GcRU8eWYa4ZyRU_KibmhcfVT6Si8DltHSDhbCg&usqp=CAU",
      "parse": false
    },
    {
      "name": "帝王剧场",
      "url": "https://live.metshop.top/yy/1354555195",
      "pic": "https://encrypted-tbn0.gstatic.com/images?q=tbn:ANd9GcRU8eWYa4ZyRU_KibmhcfVT6Si8DltHSDhbCg&usqp=CAU",
      "parse": false
    },
    {
      "name": "欢笑剧场",
      "url": "https://live.metshop.top/yy/1354888747",
      "pic": "https://encrypted-tbn0.gstatic.com/images?q=tbn:ANd9GcRU8eWYa4ZyRU_KibmhcfVT6Si8DltHSDhbCg&usqp=CAU",
      "parse": false
    },
    {
      "name": "经典剧场",
      "url": "https://live.metshop.top/yy/1355114305",
      "pic": "https://encrypted-tbn0.gstatic.com/images?q=tbn:ANd9GcRU8eWYa4ZyRU_KibmhcfVT6Si8DltHSDhbCg&usqp=CAU",
      "parse": false
    },
    {
      "name": "武侠、玄幻",
      "url": "https://live.metshop.top/yy/28099939",
      "pic": "https://encrypted-tbn0.gstatic.com/images?q=tbn:ANd9GcRU8eWYa4ZyRU_KibmhcfVT6Si8DltHSDhbCg&usqp=CAU",
      "parse": false
    },
    {
      "name": "熊猫陪你看24H",
      "url": "https://live.metshop.top/yy/1355171357",
      "pic": "https://encrypted-tbn0.gstatic.com/images?q=tbn:ANd9GcRU8eWYa4ZyRU_KibmhcfVT6Si8DltHSDhbCg&usqp=CAU",
      "parse": false
    },
    {
      "name": "言情、都市",
      "url": "https://live.metshop.top/yy/1354936241",
      "pic": "https://encrypted-tbn0.gstatic.com/images?q=tbn:ANd9GcRU8eWYa4ZyRU_KibmhcfVT6Si8DltHSDhbCg&usqp=CAU",
      "parse": false
    },
    {
      "name": "剧场 01",
      "url": "https://live.metshop.top/yy/1453059740",
      "pic": "https://encrypted-tbn0.gstatic.com/images?q=tbn:ANd9GcRU8eWYa4ZyRU_KibmhcfVT6Si8DltHSDhbCg&usqp=CAU",
      "parse": false
    },
    {
      "name": "剧场 02",
      "url": "https://live.metshop.top/yy/29216766",
      "pic": "https://encrypted-tbn0.gstatic.com/images?q=tbn:ANd9GcRU8eWYa4ZyRU_KibmhcfVT6Si8DltHSDhbCg&usqp=CAU",
      "parse": false
    },
    {
      "name": "剧场 03",
      "url": "https://live.metshop.top/yy/38525272",
      "pic": "https://encrypted-tbn0.gstatic.com/images?q=tbn:ANd9GcRU8eWYa4ZyRU_KibmhcfVT6Si8DltHSDhbCg&usqp=CAU",
      "parse": false
    },
    {
      "name": "剧场 04",
      "url": "https://live.metshop.top/yy/1382655207",
      "pic": "https://encrypted-tbn0.gstatic.com/images?q=tbn:ANd9GcRU8eWYa4ZyRU_KibmhcfVT6Si8DltHSDhbCg&usqp=CAU",
      "parse": false
    },
    {
      "name": "剧场 05",
      "url": "https://live.metshop.top/yy/1382735541",
      "pic": "https://encrypted-tbn0.gstatic.com/images?q=tbn:ANd9GcRU8eWYa4ZyRU_KibmhcfVT6Si8DltHSDhbCg&usqp=CAU",
      "parse": false
    },
    {
      "name": "TVB剧场",
      "url": "https://live.metshop.top/yy/1382736881",
      "pic": "https://encrypted-tbn0.gstatic.com/images?q=tbn:ANd9GcSzAmeFEtGRKoce-8EkP6cfxh_IcxginLZSzA&usqp=CAU",
      "parse": false
    },
    {
      "name": "避风港影院",
      "url": "https://live.metshop.top/douyu/9826611",
      "pic": "https://encrypted-tbn0.gstatic.com/images?q=tbn:ANd9GcSoRTka5zPxyEXgzCelF7zYFIU-3nbqP08tzA&usqp=CAU",
      "parse": false
    },
    {
      "name": "斗鱼 090",
      "url": "https://live.metshop.top/douyu/6785471",
      "pic": "https://encrypted-tbn0.gstatic.com/images?q=tbn:ANd9GcSoRTka5zPxyEXgzCelF7zYFIU-3nbqP08tzA&usqp=CAU",
      "parse": false
    },
    {
      "name": "斗鱼 113",
      "url": "https://live.metshop.top/douyu/5522351",
      "pic": "https://encrypted-tbn0.gstatic.com/images?q=tbn:ANd9GcSoRTka5zPxyEXgzCelF7zYFIU-3nbqP08tzA&usqp=CAU",
      "parse": false
    },
    {
      "name": "斗鱼 117",
      "url": "https://live.metshop.top/douyu/338759",
      "pic": "https://encrypted-tbn0.gstatic.com/images?q=tbn:ANd9GcSoRTka5zPxyEXgzCelF7zYFIU-3nbqP08tzA&usqp=CAU",
      "parse": false
    },
    {
      "name": "斗鱼 135",
      "url": "https://live.metshop.top/douyu/7476264",
      "pic": "https://encrypted-tbn0.gstatic.com/images?q=tbn:ANd9GcSoRTka5zPxyEXgzCelF7zYFIU-3nbqP08tzA&usqp=CAU",
      "parse": false
    },
    {
      "name": "斗鱼 141",
      "url": "https://live.metshop.top/douyu/7623292",
      "pic": "https://encrypted-tbn0.gstatic.com/images?q=tbn:ANd9GcSoRTka5zPxyEXgzCelF7zYFIU-3nbqP08tzA&usqp=CAU",
      "parse": false
    },
    {
      "name": "🇰🇷绅士的品格 2012",
      "url": "https://live.metshop.top/yy/1354930964",
      "pic": "https://encrypted-tbn0.gstatic.com/images?q=tbn:ANd9GcSP3C5DYwtlU1xgOyEXAkFZyLsbBOMHa6IgLg&usqp=CAU",
      "parse": false
    },
    {
      "name": "🇰🇷来自星星的你 2013",
      "url": "https://live.metshop.top/yy/1354930976",
      "pic": "https://encrypted-tbn0.gstatic.com/images?q=tbn:ANd9GcQogGhwWU9-PmDGwmdWLJemYGts0pNHO5gweg&usqp=CAU",
      "parse": false
    },
    {
      "name": "🇰🇷请回答 1988 (2015)",
      "url": "https://live.metshop.top/yy/1354932362",
      "pic": "https://encrypted-tbn0.gstatic.com/images?q=tbn:ANd9GcSna4Zkz0jldkPVyPhXZaxOMElH0T1BxFM6Xg&usqp=CAU",
      "parse": false
    },
    {
      "name": "🇰🇷Oh!我的鬼神君 2015",
      "url": "https://live.metshop.top/yy/1354936160",
      "pic": "https://encrypted-tbn0.gstatic.com/images?q=tbn:ANd9GcQHVu0ceQHNA-nrayw6EZXZK2dzyzA9KXRLTQ&usqp=CAU",
      "parse": false
    },
    {
      "name": "🇰🇷W-两个世界 2016",
      "url": "https://live.metshop.top/yy/1354932426",
      "pic": "https://encrypted-tbn0.gstatic.com/images?q=tbn:ANd9GcQeK64LS5RczFEuSSPqLOmIdbq-wvdxofkgXA&usqp=CAU",
      "parse": false
    },
    {
      "name": "🇰🇷独饮男女 2016",
      "url": "https://live.metshop.top/yy/1382736875",
      "pic": "https://encrypted-tbn0.gstatic.com/images?q=tbn:ANd9GcSnOGmtAqOTgzD1Ri7sqjRMir93Ly2zIjcW7w&usqp=CAU",
      "parse": false
    },
    {
      "name": "🇰🇷举重妖精金福珠 2016",
      "url": "https://live.metshop.top/yy/1382736813",
      "pic": "https://encrypted-tbn0.gstatic.com/images?q=tbn:ANd9GcS_SqNpTSu3SWRHrLBWdAcTU6MZ3EsVoAMkfQ&usqp=CAU",
      "parse": false
    },
    {
      "name": "🇰🇷大力女都奉顺 2017",
      "url": "https://live.metshop.top/yy/1382735542",
      "pic": "https://encrypted-tbn0.gstatic.com/images?q=tbn:ANd9GcQnl9M0xvE-N-sZA3d5OIFSWJjXPaRRCzflaA&usqp=CAU",
      "parse": false
    },
    {
      "name": "🇰🇷告白夫妇 2017",
      "url": "https://live.metshop.top/yy/1354932399",
      "pic": "https://encrypted-tbn0.gstatic.com/images?q=tbn:ANd9GcTT9rNtJ_AWTjt33dgtVUPKWHtqC_BYGFOwYQ&usqp=CAU",
      "parse": false
    },
    {
      "name": "🇰🇷黑骑士 2017",
      "url": "https://live.metshop.top/yy/1382749901",
      "pic": "https://encrypted-tbn0.gstatic.com/images?q=tbn:ANd9GcTpqABmvdvj3AlqjFcoPrlObekBLPwT9zNuYw&usqp=CAU",
      "parse": false
    },
    {
      "name": "🇰🇷人孔：奇幻國度的奉弼 2017",
      "url": "https://live.metshop.top/yy/1354932429",
      "pic": "https://encrypted-tbn0.gstatic.com/images?q=tbn:ANd9GcR2Ovw2gxr7lvuNueIppCE-BHxVuIQU3uyzWg&usqp=CAU",
      "parse": false
    },
    {
      "name": "🇰🇷河伯的新娘 2017",
      "url": "https://live.metshop.top/yy/1382749900",
      "pic": "https://encrypted-tbn0.gstatic.com/images?q=tbn:ANd9GcS41nhYDY_JxbeqOYPfPF5E_QPHlYZl3QSZnA&usqp=CAU",
      "parse": false
    },
    {
      "name": "🇰🇷名不虚传 2017",
      "url": "https://live.metshop.top/yy/1382749904",
      "pic": "https://encrypted-tbn0.gstatic.com/images?q=tbn:ANd9GcQvkK9DkdiD2j18PYw0e0mdcUE4H45VG9kkzg&usqp=CAU",
      "parse": false
    },
    {
      "name": "🇰🇷大君－描绘爱情 2018",
      "url": "https://live.metshop.top/yy/1382736874",
      "pic": "https://encrypted-tbn0.gstatic.com/images?q=tbn:ANd9GcTvP9e9RSfb8GIFA-I8YVQKSjw0LDO_y4IR1A&usqp=CAU",
      "parse": false
    },
    {
      "name": "🇰🇷伟大的诱惑者 2018",
      "url": "https://live.metshop.top/yy/1382745113",
      "pic": "https://encrypted-tbn0.gstatic.com/images?q=tbn:ANd9GcRA-ZGVOkThUi09Y_1WzZzGMKW2ARIyzMBwqw&usqp=CAU",
      "parse": false
    },
    {
      "name": "🇰🇷爱上变身情人（内在美）2018",
      "url": "https://live.metshop.top/yy/1382745109",
      "pic": "https://encrypted-tbn0.gstatic.com/images?q=tbn:ANd9GcREIUJ_PRHYrmijCx65eGoMeVbY7GiqmGST1Q&usqp=CAU",
      "parse": false
    },
    {
      "name": "🇰🇷阳光先生 2018",
      "url": "https://live.metshop.top/yy/1382745114",
      "pic": "https://encrypted-tbn0.gstatic.com/images?q=tbn:ANd9GcSQvxo1UiMtqA7mfo9U3wHB9Km_xdUddNqMfA&usqp=CAU",
      "parse": false
    },
    {
      "name": "🇰🇷会读心术的那小子 2019",
      "url": "https://live.metshop.top/yy/1382736810",
      "pic": "https://encrypted-tbn0.gstatic.com/images?q=tbn:ANd9GcQLjr5O8MapR0WHSTWgqZFp_dY495we26BC5Q&usqp=CAU",
      "parse": false
    },
    {
      "name": "🇰🇷爱的迫降 2019",
      "url": "https://live.metshop.top/yy/1354889042",
      "pic": "https://encrypted-tbn0.gstatic.com/images?q=tbn:ANd9GcR24in1MUMQmqx3_AbPsx8rICmHQVRl_IgbNQ&usqp=CAU",
      "parse": false
    },
    {
      "name": "🇰🇷德鲁纳酒店 2019",
      "url": "https://live.metshop.top/yy/1354931488",
      "pic": "https://encrypted-tbn0.gstatic.com/images?q=tbn:ANd9GcRq6VGqVWvAXhY-QW7vmhwtqIHtdmM8mNlpdQ&usqp=CAU",
      "parse": false
    },
    {
      "name": "🇰🇷浪客行 2019",
      "url": "https://live.metshop.top/yy/1382736879",
      "pic": "https://encrypted-tbn0.gstatic.com/images?q=tbn:ANd9GcRDcStpkZS5k74epZ-AdVEVvWr-rNeV1XchOw&usqp=CAU",
      "parse": false
    },
    {
      "name": "🇰🇷便利店新星 2020",
      "url": "https://live.metshop.top/yy/1382736807",
      "pic": "https://encrypted-tbn0.gstatic.com/images?q=tbn:ANd9GcTUUdypEK7Dj4qRdTW0sdS9lRXfGIIeJTwELg&usqp=CAU",
      "parse": false
    },
    {
      "name": "🇰🇷你好妈妈，再见！2020",
      "url": "https://live.metshop.top/yy/1354930984",
      "pic": "https://encrypted-tbn0.gstatic.com/images?q=tbn:ANd9GcT-lPSLJL5ifhMAkLu7M9ABisXH6VZCHo7GVg&usqp=CAU",
      "parse": false
    },
    {
      "name": "🇰🇷搞笑励志",
      "url": "https://live.metshop.top/yy/1382736877",
      "pic": "https://encrypted-tbn0.gstatic.com/images?q=tbn:ANd9GcRU8eWYa4ZyRU_KibmhcfVT6Si8DltHSDhbCg&usqp=CAU",
      "parse": false
    },
    {
      "name": "🇰🇷最新韩剧",
      "url": "https://live.metshop.top/yy/1354932402",
      "pic": "https://encrypted-tbn0.gstatic.com/images?q=tbn:ANd9GcRU8eWYa4ZyRU_KibmhcfVT6Si8DltHSDhbCg&usqp=CAU",
      "parse": false
    },
    {
      "name": "🆔Anime",
      "url": "",
      "pic": "",
      "parse": false
    },
    {
      "name": "海绵宝宝 ①",
      "url": "https://live.metshop.top/douyu/2250349",
      "pic": "https://encrypted-tbn0.gstatic.com/images?q=tbn:ANd9GcSmPyYx-lbqx5Oiq2wBDKB0LeBi8pUJNfYNAA&usqp=CAU",
      "parse": false
    },
    {
      "name": "海绵宝宝 ②",
      "url": "https://live.metshop.top/douyu/7528160",
      "pic": "https://encrypted-tbn0.gstatic.com/images?q=tbn:ANd9GcRNVua51-HrNbm2jQa8fFiWh1_dbwukJGCT1A&usqp=CAU",
      "parse": false
    },
    {
      "name": "海绵宝宝 ③",
      "url": "https://live.metshop.top/douyu/8762358",
      "pic": "https://encrypted-tbn0.gstatic.com/images?q=tbn:ANd9GcQf4haP2-Asg8a544pqQxwsE5umyfdLA0UJ7Q&usqp=CAU",
      "parse": false
    },
    {
      "name": "海绵宝宝 ④",
      "url": "https://live.metshop.top/huya/11352919",
      "pic": "https://encrypted-tbn0.gstatic.com/images?q=tbn:ANd9GcSmPyYx-lbqx5Oiq2wBDKB0LeBi8pUJNfYNAA&usqp=CAU",
      "parse": false
    },
    {
      "name": "哆啦A梦",
      "url": "https://live.metshop.top/douyu/9445279",
      "pic": "https://encrypted-tbn0.gstatic.com/images?q=tbn:ANd9GcR1JDOcmPcc3Byrj8amfEnk87lWAyKdCD4Seg&usqp=CAU",
      "parse": false
    },
    {
      "name": "名侦探柯南（斗鱼）1996",
      "url": "https://live.metshop.top/douyu/5377297",
      "pic": "https://encrypted-tbn0.gstatic.com/images?q=tbn:ANd9GcRgb8SwyQmJnCuZaiqmjTyVwdhk2UUzDeKPOQ&usqp=CAU",
      "parse": false
    },
    {
      "name": "名侦探柯南（剧场版）1996",
      "url": "https://live.metshop.top/douyu/1783144",
      "pic": "https://encrypted-tbn0.gstatic.com/images?q=tbn:ANd9GcRgb8SwyQmJnCuZaiqmjTyVwdhk2UUzDeKPOQ&usqp=CAU",
      "parse": false
    },
    {
      "name": "名侦探柯南（日）1996",
      "url": "https://live.metshop.top/douyu/7050342",
      "pic": "https://encrypted-tbn0.gstatic.com/images?q=tbn:ANd9GcRgb8SwyQmJnCuZaiqmjTyVwdhk2UUzDeKPOQ&usqp=CAU",
      "parse": false
    },
    {
      "name": "全职猎人（日）1999",
      "url": "https://live.metshop.top/douyu/6610883",
      "pic": "https://encrypted-tbn0.gstatic.com/images?q=tbn:ANd9GcRSnno6AT7_4KZcvK1ewCzZRptfC8zpCwonGA&usqp=CAU",
      "parse": false
    },
    {
      "name": "海贼王（日）1999",
      "url": "https://live.metshop.top/douyu/997925",
      "pic": "https://encrypted-tbn0.gstatic.com/images?q=tbn:ANd9GcSJfQsHD0OwpnJxsZ0vtTAhmjSTUofZDQAA1g&usqp=CAU",
      "parse": false
    },
    {
      "name": "中华小当家 2019",
      "url": "https://live.metshop.top/douyu/8231658",
      "pic": "https://encrypted-tbn0.gstatic.com/images?q=tbn:ANd9GcQth-oj2MMWq8RuU-u-ZNLBW7DueHHA3Xtgxw&usqp=CAU",
      "parse": false
    },
    {
      "name": "神魄 2013",
      "url": "https://live.metshop.top/yy/28796627",
      "pic": "https://encrypted-tbn0.gstatic.com/images?q=tbn:ANd9GcTMrWkl2vWyymwb4sEt8YXfAw33tVRPYclo4w&usqp=CAU",
      "parse": false
    },
    {
      "name": "通职者 2015",
      "url": "https://live.metshop.top/yy/1382749919",
      "pic": "https://encrypted-tbn0.gstatic.com/images?q=tbn:ANd9GcSgHeaKJwQwWyIMZBtVnN-LfWyCipZKXTBGcQ&usqp=CAU",
      "parse": false
    },
    {
      "name": "蛮荒记 2015",
      "url": "https://live.metshop.top/yy/1382736908",
      "pic": "https://encrypted-tbn0.gstatic.com/images?q=tbn:ANd9GcS-wDXE6rMW1isot3oRTSdwAsSFuPlgRR67hw&usqp=CAU",
      "parse": false
    },
    {
      "name": "妖神记 2015",
      "url": "https://live.metshop.top/yy/1382745171",
      "pic": "https://encrypted-tbn0.gstatic.com/images?q=tbn:ANd9GcSusxUaIZEP1TG_0Z1gIp4YHNvjfxeTW_F_3w&usqp=CAU",
      "parse": false
    },
    {
      "name": "妖神记之黑狱篇 2020",
      "url": "https://live.metshop.top/yy/1382745173",
      "pic": "https://encrypted-tbn0.gstatic.com/images?q=tbn:ANd9GcTHHcsBBt2aapFkhtzjNVuwPOZ1NqV_DNibfA&usqp=CAU",
      "parse": false
    },
    {
      "name": "双月之城 2016",
      "url": "https://live.metshop.top/yy/1382736907",
      "pic": "https://encrypted-tbn0.gstatic.com/images?q=tbn:ANd9GcSQPTqFibV153K2gecLGHExaWnN7o0z6MWVnA&usqp=CAU",
      "parse": false
    },
    {
      "name": "斗罗大陆 2018",
      "url": "https://live.metshop.top/yy/28796627",
      "pic": "https://encrypted-tbn0.gstatic.com/images?q=tbn:ANd9GcScqcpBVQYHD_GaZWFhdrjZt3gsMvpENR8M3A&usqp=CAU",
      "parse": false
    },
    {
      "name": "宇宙护卫队 2018",
      "url": "https://live.metshop.top/yy/1382736837",
      "pic": "https://encrypted-tbn0.gstatic.com/images?q=tbn:ANd9GcSnQCrNF5bUqWuINs9mOxPn8dWyCep6s7mJ2g&usqp=CAU",
      "parse": false
    },
    {
      "name": "足球小将（日）1983",
      "url": "https://live.metshop.top/yy/1382735558",
      "pic": "https://encrypted-tbn0.gstatic.com/images?q=tbn:ANd9GcSVr4lVboGJb7Ka--5iVzLu5NstfmdQC6JYZg&usqp=CAU",
      "parse": false
    },
    {
      "name": "灌篮高手（日）1993",
      "url": "https://live.metshop.top/yy/1382735559",
      "pic": "https://encrypted-tbn0.gstatic.com/images?q=tbn:ANd9GcR0TuCEOnWL2fPN5zQHj9PiDEaRFtyYhNVdXA&usqp=CAU",
      "parse": false
    },
    {
      "name": "龙珠•改（日）2009",
      "url": "https://live.metshop.top/huya/11601966?platForm=1",
      "pic": "https://encrypted-tbn0.gstatic.com/images?q=tbn:ANd9GcSBJ5dREDA5RSGqAMIUKqMdyANSj3qLKNqRUw&usqp=CAU",
      "parse": false
    },
    {
      "name": "新网球王子（日）2012",
      "url": "https://live.metshop.top/yy/1382735563",
      "pic": "https://encrypted-tbn0.gstatic.com/images?q=tbn:ANd9GcQ9DlcJONNSyMEx4kabBHeZ_4G1kkwT1Q0N1Q&usqp=CAU",
      "parse": false
    },
    {
      "name": "失忆症（日）2012",
      "url": "https://live.metshop.top/yy/1354936239",
      "pic": "https://encrypted-tbn0.gstatic.com/images?q=tbn:ANd9GcTUFjdMAZLZ73g543oef2AWF8rPxCY5QuMGaw&usqp=CAU",
      "parse": false
    },
    {
      "name": "中国动漫 ①",
      "url": "https://live.metshop.top/yy/26664495",
      "pic": "https://encrypted-tbn0.gstatic.com/images?q=tbn:ANd9GcR1mvqL62xxzudO876K9vgnxuKP9hIcrHmsPw&usqp=CAU",
      "parse": false
    },
    {
      "name": "中国动漫 ②",
      "url": "https://live.metshop.top/yy/22777075",
      "pic": "https://encrypted-tbn0.gstatic.com/images?q=tbn:ANd9GcR1mvqL62xxzudO876K9vgnxuKP9hIcrHmsPw&usqp=CAU",
      "parse": false
    },
    {
      "name": "宫崎骏动漫（日）",
      "url": "https://live.metshop.top/yy/1354889030",
      "pic": "https://encrypted-tbn0.gstatic.com/images?q=tbn:ANd9GcR1mvqL62xxzudO876K9vgnxuKP9hIcrHmsPw&usqp=CAU",
      "parse": false
    },
    {
      "name": "动漫电影（日）",
      "url": "https://live.metshop.top/yy/1354930967",
      "pic": "https://encrypted-tbn0.gstatic.com/images?q=tbn:ANd9GcR1mvqL62xxzudO876K9vgnxuKP9hIcrHmsPw&usqp=CAU",
      "parse": false
    },
    {
      "name": "热血超燃（日）",
      "url": "https://live.metshop.top/yy/1382735560",
      "pic": "https://encrypted-tbn0.gstatic.com/images?q=tbn:ANd9GcR1mvqL62xxzudO876K9vgnxuKP9hIcrHmsPw&usqp=CAU",
      "parse": false
    },
    {
      "name": "那些年……",
      "url": "https://live.metshop.top/yy/1351417866",
      "pic": "https://encrypted-tbn0.gstatic.com/images?q=tbn:ANd9GcR1mvqL62xxzudO876K9vgnxuKP9hIcrHmsPw&usqp=CAU",
      "parse": false
    },
    {
      "name": "动漫合集",
      "url": "https://live.metshop.top/douyu/7620081",
      "pic": "https://encrypted-tbn0.gstatic.com/images?q=tbn:ANd9GcR1mvqL62xxzudO876K9vgnxuKP9hIcrHmsPw&usqp=CAU",
      "parse": false
    },
    {
      "name": "斗鱼动漫 151",
      "url": "https://live.metshop.top/douyu/426517",
      "pic": "https://encrypted-tbn0.gstatic.com/images?q=tbn:ANd9GcR1mvqL62xxzudO876K9vgnxuKP9hIcrHmsPw&usqp=CAU",
      "parse": false
    },
    {
      "name": "热血动漫",
      "url": "https://live.metshop.top/douyu/206858",
      "pic": "https://encrypted-tbn0.gstatic.com/images?q=tbn:ANd9GcR1mvqL62xxzudO876K9vgnxuKP9hIcrHmsPw&usqp=CAU",
      "parse": false
    },
    {
      "name": "Tom & Jerry",
      "url": "https://live.metshop.top/douyu/7888428",
      "pic": "https://encrypted-tbn0.gstatic.com/images?q=tbn:ANd9GcRTFN15bB_XxayGeGA0skchT-cXK0nHLft3Kg&usqp=CAU",
      "parse": false
    },
    {
      "name": "🆔Documentary & Variety",
      "url": "",
      "pic": "",
      "parse": false
    },
    {
      "name": "中国通史 2013",
      "url": "https://live.metshop.top/huya/20985822",
      "pic": "https://encrypted-tbn0.gstatic.com/images?q=tbn:ANd9GcQQx8YhflJtJjAUGOnqoMYL85hRPqwAlNfK9Q&usqp=CAU",
      "parse": false
    },
    {
      "name": "从秦始皇到汉武帝 2016",
      "url": "https://live.metshop.top/huya/20969117",
      "pic": "https://encrypted-tbn0.gstatic.com/images?q=tbn:ANd9GcSYzpe9dfl1apW88xEj8-0VUxTMrSih73xJ8A&usqp=CAU",
      "parse": false
    },
    {
      "name": "易中天品三国",
      "url": "https://live.metshop.top/yy/1461244449",
      "pic": "https://encrypted-tbn0.gstatic.com/images?q=tbn:ANd9GcQ2ONvFFHEi1G-hIjgwGojzm-5EYnoVNyKfAQ&usqp=CAU",
      "parse": false
    },
    {
      "name": "Running Man 2010（点播）",
      "url": "https://live.metshop.top/douyu/131977",
      "pic": "https://m.media-amazon.com/images/M/MV5BYTU3YjU3NWUtMDk3NS00ZjI4LWExMDEtZWI0ZDJkOGI1MDExXkEyXkFqcGdeQXVyOTU0MjgwMzU@._V1_.jpg",
      "parse": false
    },
    {
      "name": "Running Man 2010（轮播）",
      "url": "https://live.metshop.top/douyu/7298973",
      "pic": "https://m.media-amazon.com/images/M/MV5BYTU3YjU3NWUtMDk3NS00ZjI4LWExMDEtZWI0ZDJkOGI1MDExXkEyXkFqcGdeQXVyOTU0MjgwMzU@._V1_.jpg",
      "parse": false
    },
    {
      "name": "梦立方 2009",
      "url": "https://live.metshop.top/huya/11602047",
      "pic": "https://www.sinaimg.cn/ent/v/m/2012-04-27/U5204P28T3D3617945F326DT20120427181346.jpg",
      "parse": false
    },
    {
      "name": "舌尖上的中国 2012",
      "url": "https://live.metshop.top/huya/11352955",
      "pic": "https://encrypted-tbn0.gstatic.com/images?q=tbn:ANd9GcTlGEtcZuUJyt3IKFzmLUXwivLjXJP6ZxTmiw&usqp=CAU",
      "parse": false
    },
    {
      "name": "笑傲江湖 2014",
      "url": "https://live.metshop.top/huya/11352937",
      "pic": "http://5b0988e595225.cdn.sohucs.com/images/20190817/e87a7fc57f724d1d9bd496d79e927921.jpeg",
      "parse": false
    },
    {
      "name": "极限挑战 2015",
      "url": "https://live.metshop.top/huya/11352914",
      "pic": "https://encrypted-tbn0.gstatic.com/images?q=tbn:ANd9GcRtZWj335yofDFUxVWYOJKVQ7JfgnticMuVog&usqp=CAU",
      "parse": false
    },
    {
      "name": "中国新相亲 2016",
      "url": "https://live.metshop.top/huya/11352947",
      "pic": "https://encrypted-tbn0.gstatic.com/images?q=tbn:ANd9GcTjqSPNTysnxi02x0y0Ndf8_QBcRNXHo1IncQ&usqp=CAU",
      "parse": false
    },
    {
      "name": "岳云鹏•孙越相声",
      "url": "https://live.metshop.top/huya/11342437",
      "pic": "https://encrypted-tbn0.gstatic.com/images?q=tbn:ANd9GcSV4eqe32I6Ji2kVGcDaNJVrSpgYSuju9Z30w&usqp=CAU",
      "parse": false
    },
    {
      "name": "东南亚丛林生活实录",
      "url": "https://live.metshop.top/douyu/9612117",
      "pic": "https://encrypted-tbn0.gstatic.com/images?q=tbn:ANd9GcSYhAYgmAg-2q7DnkP3WcHPvHgHUIyyIqQnsg&usqp=CAU",
      "parse": false
    },
    {
      "name": "果库科幻所长",
      "url": "https://live.metshop.top/douyu/9383318",
      "pic": "https://encrypted-tbn0.gstatic.com/images?q=tbn:ANd9GcSYhAYgmAg-2q7DnkP3WcHPvHgHUIyyIqQnsg&usqp=CAU",
      "parse": false
    },
    {
      "name": "荒野探秘",
      "url": "https://live.metshop.top/huya/21059555",
      "pic": "https://encrypted-tbn0.gstatic.com/images?q=tbn:ANd9GcSYhAYgmAg-2q7DnkP3WcHPvHgHUIyyIqQnsg&usqp=CAU",
      "parse": false
    },
    {
      "name": "纪录经典时刻",
      "url": "https://live.metshop.top/douyu/3485629",
      "pic": "https://encrypted-tbn0.gstatic.com/images?q=tbn:ANd9GcSYhAYgmAg-2q7DnkP3WcHPvHgHUIyyIqQnsg&usqp=CAU",
      "parse": false
    },
    {
      "name": "看鉴历史",
      "url": "https://live.metshop.top/douyu/9498431",
      "pic": "https://encrypted-tbn0.gstatic.com/images?q=tbn:ANd9GcSYhAYgmAg-2q7DnkP3WcHPvHgHUIyyIqQnsg&usqp=CAU",
      "parse": false
    },
    {
      "name": "辽宁卫视综艺汇",
      "url": "https://live.metshop.top/douyu/9403779",
      "pic": "https://encrypted-tbn0.gstatic.com/images?q=tbn:ANd9GcSYhAYgmAg-2q7DnkP3WcHPvHgHUIyyIqQnsg&usqp=CAU",
      "parse": false
    },
    {
      "name": "龙视超级笑匠",
      "url": "https://live.metshop.top/douyu/9375450",
      "pic": "https://encrypted-tbn0.gstatic.com/images?q=tbn:ANd9GcSYhAYgmAg-2q7DnkP3WcHPvHgHUIyyIqQnsg&usqp=CAU",
      "parse": false
    },
    {
      "name": "龙视欢乐英雄转",
      "url": "https://live.metshop.top/douyu/9374836",
      "pic": "https://encrypted-tbn0.gstatic.com/images?q=tbn:ANd9GcSYhAYgmAg-2q7DnkP3WcHPvHgHUIyyIqQnsg&usqp=CAU",
      "parse": false
    },
    {
      "name": "神秘现象研究调查报告",
      "url": "https://live.metshop.top/douyu/9385184",
      "pic": "https://encrypted-tbn0.gstatic.com/images?q=tbn:ANd9GcSYhAYgmAg-2q7DnkP3WcHPvHgHUIyyIqQnsg&usqp=CAU",
      "parse": false
    },
    {
      "name": "探秘海底世界／复古恐龙时代",
      "url": "https://live.metshop.top/huya/20985846",
      "pic": "https://encrypted-tbn0.gstatic.com/images?q=tbn:ANd9GcSYhAYgmAg-2q7DnkP3WcHPvHgHUIyyIqQnsg&usqp=CAU",
      "parse": false
    },
    {
      "name": "赵本山经典小品",
      "url": "https://live.metshop.top/douyu/9817716",
      "pic": "https://encrypted-tbn0.gstatic.com/images?q=tbn:ANd9GcSYhAYgmAg-2q7DnkP3WcHPvHgHUIyyIqQnsg&usqp=CAU",
      "parse": false
    },
    {
      "name": "台湾国防时报",
      "url": "https://live.metshop.top/douyu/9680887",
      "pic": "https://encrypted-tbn0.gstatic.com/images?q=tbn:ANd9GcSYhAYgmAg-2q7DnkP3WcHPvHgHUIyyIqQnsg&usqp=CAU",
      "parse": false
    },
    {
      "name": "Africa",
      "url": "https://live.metshop.top/yy/1354936145",
      "pic": "https://encrypted-tbn0.gstatic.com/images?q=tbn:ANd9GcSYhAYgmAg-2q7DnkP3WcHPvHgHUIyyIqQnsg&usqp=CAU",
      "parse": false
    },
    {
      "name": "Animal Hunting",
      "url": "https://live.metshop.top/yy/1382736825",
      "pic": "https://encrypted-tbn0.gstatic.com/images?q=tbn:ANd9GcSYhAYgmAg-2q7DnkP3WcHPvHgHUIyyIqQnsg&usqp=CAU",
      "parse": false
    },
    {
      "name": "Animal Kingdom",
      "url": "https://live.metshop.top/yy/1354930927",
      "pic": "https://encrypted-tbn0.gstatic.com/images?q=tbn:ANd9GcSYhAYgmAg-2q7DnkP3WcHPvHgHUIyyIqQnsg&usqp=CAU",
      "parse": false
    },
    {
      "name": "Animal Migration",
      "url": "https://live.metshop.top/yy/1354936142",
      "pic": "https://encrypted-tbn0.gstatic.com/images?q=tbn:ANd9GcSYhAYgmAg-2q7DnkP3WcHPvHgHUIyyIqQnsg&usqp=CAU",
      "parse": false
    },
    {
      "name": "Blue Planet",
      "url": "https://live.metshop.top/yy/1354930936",
      "pic": "https://encrypted-tbn0.gstatic.com/images?q=tbn:ANd9GcSYhAYgmAg-2q7DnkP3WcHPvHgHUIyyIqQnsg&usqp=CAU",
      "parse": false
    },
    {
      "name": "Endangered Species 频危物种",
      "url": "https://live.metshop.top/yy/1354936141",
      "pic": "https://encrypted-tbn0.gstatic.com/images?q=tbn:ANd9GcSYhAYgmAg-2q7DnkP3WcHPvHgHUIyyIqQnsg&usqp=CAU",
      "parse": false
    },
    {
      "name": "Frozen Planet",
      "url": "https://live.metshop.top/yy/1382736849",
      "pic": "https://encrypted-tbn0.gstatic.com/images?q=tbn:ANd9GcSYhAYgmAg-2q7DnkP3WcHPvHgHUIyyIqQnsg&usqp=CAU",
      "parse": false
    },
    {
      "name": "Human Documentary 人类纪录片",
      "url": "https://live.metshop.top/yy/1382735573",
      "pic": "https://encrypted-tbn0.gstatic.com/images?q=tbn:ANd9GcSYhAYgmAg-2q7DnkP3WcHPvHgHUIyyIqQnsg&usqp=CAU",
      "parse": false
    },
    {
      "name": "Nature Documentary",
      "url": "https://live.metshop.top/douyu/4837387",
      "pic": "https://encrypted-tbn0.gstatic.com/images?q=tbn:ANd9GcSYhAYgmAg-2q7DnkP3WcHPvHgHUIyyIqQnsg&usqp=CAU",
      "parse": false
    },
    {
      "name": "No Kitchen Required 2012",
      "url": "https://live.metshop.top/yy/1382736890",
      "pic": "https://encrypted-tbn0.gstatic.com/images?q=tbn:ANd9GcT7fJEwOi9PQk_i4ZHYmO0VnS8bvEcDiXlL-A&usqp=CAU",
      "parse": false
    },
    {
      "name": "Ocean",
      "url": "https://live.metshop.top/yy/1382736850",
      "pic": "https://encrypted-tbn0.gstatic.com/images?q=tbn:ANd9GcSYhAYgmAg-2q7DnkP3WcHPvHgHUIyyIqQnsg&usqp=CAU",
      "parse": false
    },
    {
      "name": "Outdoor Adventure",
      "url": "https://live.metshop.top/douyu/454867",
      "pic": "https://encrypted-tbn0.gstatic.com/images?q=tbn:ANd9GcSYhAYgmAg-2q7DnkP3WcHPvHgHUIyyIqQnsg&usqp=CAU",
      "parse": false
    },
    {
      "name": "Outdoor Survive 荒野生存",
      "url": "https://live.metshop.top/douyu/1339207",
      "pic": "https://encrypted-tbn0.gstatic.com/images?q=tbn:ANd9GcSYhAYgmAg-2q7DnkP3WcHPvHgHUIyyIqQnsg&usqp=CAU",
      "parse": false
    },
    {
      "name": "Seven World's One Planet",
      "url": "https://live.metshop.top/yy/1382736919",
      "pic": "https://encrypted-tbn0.gstatic.com/images?q=tbn:ANd9GcSYhAYgmAg-2q7DnkP3WcHPvHgHUIyyIqQnsg&usqp=CAU",
      "parse": false
    },
    {
      "name": "The Great Human Race 原始人大挑战",
      "url": "https://live.metshop.top/yy/1382736884",
      "pic": "https://encrypted-tbn0.gstatic.com/images?q=tbn:ANd9GcSYhAYgmAg-2q7DnkP3WcHPvHgHUIyyIqQnsg&usqp=CAU",
      "parse": false
    },
    {
      "name": "The Island 孤岛求生 2015",
      "url": "https://live.metshop.top/yy/1382735551",
      "pic": "https://encrypted-tbn0.gstatic.com/images?q=tbn:ANd9GcSYhAYgmAg-2q7DnkP3WcHPvHgHUIyyIqQnsg&usqp=CAU",
      "parse": false
    },
    {
      "name": "The Last Hunter",
      "url": "https://live.metshop.top/yy/1382735576",
      "pic": "https://encrypted-tbn0.gstatic.com/images?q=tbn:ANd9GcSYhAYgmAg-2q7DnkP3WcHPvHgHUIyyIqQnsg&usqp=CAU",
      "parse": false
    },
    {
      "name": "The Last Lions",
      "url": "https://live.metshop.top/yy/1382735577",
      "pic": "https://encrypted-tbn0.gstatic.com/images?q=tbn:ANd9GcSYhAYgmAg-2q7DnkP3WcHPvHgHUIyyIqQnsg&usqp=CAU",
      "parse": false
    },
    {
      "name": "Wilderness Adventure 独闯荒野",
      "url": "https://live.metshop.top/yy/1354930932",
      "pic": "https://encrypted-tbn0.gstatic.com/images?q=tbn:ANd9GcSYhAYgmAg-2q7DnkP3WcHPvHgHUIyyIqQnsg&usqp=CAU",
      "parse": false
    },
    {
      "name": "Wilderness Spy",
      "url": "https://live.metshop.top/yy/1354930937",
      "pic": "https://encrypted-tbn0.gstatic.com/images?q=tbn:ANd9GcSYhAYgmAg-2q7DnkP3WcHPvHgHUIyyIqQnsg&usqp=CAU",
      "parse": false
    },
    {
      "name": "巴渝文化记忆系列：传统村落",
      "url": "https://live.metshop.top/yy/1354936134",
      "pic": "https://encrypted-tbn0.gstatic.com/images?q=tbn:ANd9GcSYhAYgmAg-2q7DnkP3WcHPvHgHUIyyIqQnsg&usqp=CAU",
      "parse": false
    },
    {
      "name": "穿藏行",
      "url": "https://live.metshop.top/yy/1382736846",
      "pic": "https://encrypted-tbn0.gstatic.com/images?q=tbn:ANd9GcSYhAYgmAg-2q7DnkP3WcHPvHgHUIyyIqQnsg&usqp=CAU",
      "parse": false
    },
    {
      "name": "大黄山",
      "url": "https://live.metshop.top/yy/1354936131",
      "pic": "https://encrypted-tbn0.gstatic.com/images?q=tbn:ANd9GcSYhAYgmAg-2q7DnkP3WcHPvHgHUIyyIqQnsg&usqp=CAU",
      "parse": false
    },
    {
      "name": "动物世界",
      "url": "https://live.metshop.top/yy/1382749889",
      "pic": "https://encrypted-tbn0.gstatic.com/images?q=tbn:ANd9GcSYhAYgmAg-2q7DnkP3WcHPvHgHUIyyIqQnsg&usqp=CAU",
      "parse": false
    },
    {
      "name": "黄河",
      "url": "https://live.metshop.top/yy/1382745189",
      "pic": "https://encrypted-tbn0.gstatic.com/images?q=tbn:ANd9GcSYhAYgmAg-2q7DnkP3WcHPvHgHUIyyIqQnsg&usqp=CAU",
      "parse": false
    },
    {
      "name": "极致中国",
      "url": "https://live.metshop.top/yy/1382735569",
      "pic": "https://encrypted-tbn0.gstatic.com/images?q=tbn:ANd9GcSYhAYgmAg-2q7DnkP3WcHPvHgHUIyyIqQnsg&usqp=CAU",
      "parse": false
    },
    {
      "name": "狂野中国",
      "url": "https://live.metshop.top/yy/1382736851",
      "pic": "https://encrypted-tbn0.gstatic.com/images?q=tbn:ANd9GcSYhAYgmAg-2q7DnkP3WcHPvHgHUIyyIqQnsg&usqp=CAU",
      "parse": false
    },
    {
      "name": "探索中国",
      "url": "https://live.metshop.top/yy/1382736917",
      "pic": "https://encrypted-tbn0.gstatic.com/images?q=tbn:ANd9GcSYhAYgmAg-2q7DnkP3WcHPvHgHUIyyIqQnsg&usqp=CAU",
      "parse": false
    },
    {
      "name": "下南洋",
      "url": "https://live.metshop.top/yy/1354930963",
      "pic": "https://encrypted-tbn0.gstatic.com/images?q=tbn:ANd9GcSYhAYgmAg-2q7DnkP3WcHPvHgHUIyyIqQnsg&usqp=CAU",
      "parse": false
    },
    {
      "name": "中国旅游纪录片",
      "url": "https://live.metshop.top/yy/1382736848",
      "pic": "https://encrypted-tbn0.gstatic.com/images?q=tbn:ANd9GcSYhAYgmAg-2q7DnkP3WcHPvHgHUIyyIqQnsg&usqp=CAU",
      "parse": false
    },
    {
      "name": "非遗美食",
      "url": "https://live.metshop.top/yy/1382745176",
      "pic": "https://encrypted-tbn0.gstatic.com/images?q=tbn:ANd9GcRykB-NbFFZveJMA4dGlEhXGqcv4u6rWbj1Gg&usqp=CAU",
      "parse": false
    },
    {
      "name": "好味广州：舌尖上的羊城",
      "url": "https://live.metshop.top/yy/1382749920",
      "pic": "https://encrypted-tbn0.gstatic.com/images?q=tbn:ANd9GcRykB-NbFFZveJMA4dGlEhXGqcv4u6rWbj1Gg&usqp=CAU",
      "parse": false
    },
    {
      "name": "炉火江湖",
      "url": "https://live.metshop.top/yy/1382736840",
      "pic": "https://encrypted-tbn0.gstatic.com/images?q=tbn:ANd9GcRykB-NbFFZveJMA4dGlEhXGqcv4u6rWbj1Gg&usqp=CAU",
      "parse": false
    },
    {
      "name": "舌尖上的泰国",
      "url": "https://live.metshop.top/yy/1382736870",
      "pic": "https://encrypted-tbn0.gstatic.com/images?q=tbn:ANd9GcRykB-NbFFZveJMA4dGlEhXGqcv4u6rWbj1Gg&usqp=CAU",
      "parse": false
    },
    {
      "name": "舌尖上的新年",
      "url": "https://live.metshop.top/yy/1354930957",
      "pic": "https://encrypted-tbn0.gstatic.com/images?q=tbn:ANd9GcRykB-NbFFZveJMA4dGlEhXGqcv4u6rWbj1Gg&usqp=CAU",
      "parse": false
    },
    {
      "name": "舌尖上的中国 S1",
      "url": "https://live.metshop.top/yy/1354930952",
      "pic": "https://encrypted-tbn0.gstatic.com/images?q=tbn:ANd9GcRykB-NbFFZveJMA4dGlEhXGqcv4u6rWbj1Gg&usqp=CAU",
      "parse": false
    },
    {
      "name": "舌尖上的中国 S2",
      "url": "https://live.metshop.top/yy/1354930943",
      "pic": "https://encrypted-tbn0.gstatic.com/images?q=tbn:ANd9GcRykB-NbFFZveJMA4dGlEhXGqcv4u6rWbj1Gg&usqp=CAU",
      "parse": false
    },
    {
      "name": "陕西地方美食",
      "url": "https://live.metshop.top/yy/1382736912",
      "pic": "https://encrypted-tbn0.gstatic.com/images?q=tbn:ANd9GcRykB-NbFFZveJMA4dGlEhXGqcv4u6rWbj1Gg&usqp=CAU",
      "parse": false
    },
    {
      "name": "食一味：川味传奇美食系列",
      "url": "https://live.metshop.top/yy/1382736913",
      "pic": "https://encrypted-tbn0.gstatic.com/images?q=tbn:ANd9GcRykB-NbFFZveJMA4dGlEhXGqcv4u6rWbj1Gg&usqp=CAU",
      "parse": false
    },
    {
      "name": "水果传",
      "url": "https://live.metshop.top/yy/1354930948",
      "pic": "https://encrypted-tbn0.gstatic.com/images?q=tbn:ANd9GcRykB-NbFFZveJMA4dGlEhXGqcv4u6rWbj1Gg&usqp=CAU",
      "parse": false
    },
    {
      "name": "探秘中华美食",
      "url": "https://live.metshop.top/yy/1354930954",
      "pic": "https://encrypted-tbn0.gstatic.com/images?q=tbn:ANd9GcRykB-NbFFZveJMA4dGlEhXGqcv4u6rWbj1Gg&usqp=CAU",
      "parse": false
    },
    {
      "name": "天下一锅",
      "url": "https://live.metshop.top/yy/1382736914",
      "pic": "https://encrypted-tbn0.gstatic.com/images?q=tbn:ANd9GcRykB-NbFFZveJMA4dGlEhXGqcv4u6rWbj1Gg&usqp=CAU",
      "parse": false
    },
    {
      "name": "寻味顺德",
      "url": "https://live.metshop.top/yy/1382736844",
      "pic": "https://encrypted-tbn0.gstatic.com/images?q=tbn:ANd9GcRykB-NbFFZveJMA4dGlEhXGqcv4u6rWbj1Gg&usqp=CAU",
      "parse": false
    },
    {
      "name": "味道：记忆中的年味",
      "url": "https://live.metshop.top/yy/1354932379",
      "pic": "https://encrypted-tbn0.gstatic.com/images?q=tbn:ANd9GcRykB-NbFFZveJMA4dGlEhXGqcv4u6rWbj1Gg&usqp=CAU",
      "parse": false
    },
    {
      "name": "味道：云南",
      "url": "https://live.metshop.top/yy/1354932359",
      "pic": "https://encrypted-tbn0.gstatic.com/images?q=tbn:ANd9GcRykB-NbFFZveJMA4dGlEhXGqcv4u6rWbj1Gg&usqp=CAU",
      "parse": false
    },
    {
      "name": "一城一味（舌尖姐妹篇）",
      "url": "https://live.metshop.top/yy/1382745179",
      "pic": "https://encrypted-tbn0.gstatic.com/images?q=tbn:ANd9GcRykB-NbFFZveJMA4dGlEhXGqcv4u6rWbj1Gg&usqp=CAU",
      "parse": false
    },
    {
      "name": "🆔Sport",
      "url": "",
      "pic": "",
      "parse": false
    },
    {
      "name": "🇱🇷NBA梦之队经典",
      "url": "https://live.metshop.top/yy/1354946966",
      "pic": "https://encrypted-tbn0.gstatic.com/images?q=tbn:ANd9GcSJShZ2GN7oDleZuryVKxX8CVKRoOAs4zArGw&usqp=CAU",
      "parse": false
    },
    {
      "name": "🇱🇷欧美女子摔跤",
      "url": "https://live.metshop.top/yy/1459727675",
      "pic": "https://encrypted-tbn0.gstatic.com/images?q=tbn:ANd9GcSJShZ2GN7oDleZuryVKxX8CVKRoOAs4zArGw&usqp=CAU",
      "parse": false
    },
    {
      "name": "🇯🇵日本女子摔跤 ①",
      "url": "https://live.metshop.top/yy/1355277346",
      "pic": "https://encrypted-tbn0.gstatic.com/images?q=tbn:ANd9GcSJShZ2GN7oDleZuryVKxX8CVKRoOAs4zArGw&usqp=CAU",
      "parse": false
    },
    {
      "name": "🇯🇵日本女子摔跤 ②",
      "url": "https://live.metshop.top/yy/1354946995",
      "pic": "https://encrypted-tbn0.gstatic.com/images?q=tbn:ANd9GcSJShZ2GN7oDleZuryVKxX8CVKRoOAs4zArGw&usqp=CAU",
      "parse": false
    },
    {
      "name": "🇯🇵日本女子摔跤 ③",
      "url": "https://live.metshop.top/huya/11602069",
      "pic": "https://encrypted-tbn0.gstatic.com/images?q=tbn:ANd9GcSJShZ2GN7oDleZuryVKxX8CVKRoOAs4zArGw&usqp=CAU",
      "parse": false
    }
  ]
}
