{
  "data": [
    {
      "name": "MG（备）01",
      "url": "http://[2409:8087:1a01:df::4023]/PLTV/88888888/224/3221225611/index.m3u8",
      "pic": "https://encrypted-tbn0.gstatic.com/images?q=tbn:ANd9GcRdHS-saEBTbVRwniu8leUOcp5LiReUQOQi0Q&usqp=CAU",
      "parse": false
    },
    {
      "name": "MG（备）02",
      "url": "http://[2409:8087:1a01:df::4005]/PLTV/88888888/224/3221225613/index.m3u8",
      "pic": "https://encrypted-tbn0.gstatic.com/images?q=tbn:ANd9GcRdHS-saEBTbVRwniu8leUOcp5LiReUQOQi0Q&usqp=CAU",
      "parse": false
    },
    {
      "name": "MG（备）04",
      "url": "http://[2409:8087:1a01:df::4017]/PLTV/88888888/224/3221225619/index.m3u8",
      "pic": "https://encrypted-tbn0.gstatic.com/images?q=tbn:ANd9GcRdHS-saEBTbVRwniu8leUOcp5LiReUQOQi0Q&usqp=CAU",
      "parse": false
    },
    {
      "name": "MG（备）05",
      "url": "http://[2409:8087:1a01:df::4058]/PLTV/88888888/224/3221225620/index.m3u8",
      "pic": "https://encrypted-tbn0.gstatic.com/images?q=tbn:ANd9GcRdHS-saEBTbVRwniu8leUOcp5LiReUQOQi0Q&usqp=CAU",
      "parse": false
    },
    {
      "name": "MG（备）06",
      "url": "http://[2409:8087:1a01:df::4015]/PLTV/88888888/224/3221225639/index.m3u8",
      "pic": "https://encrypted-tbn0.gstatic.com/images?q=tbn:ANd9GcRdHS-saEBTbVRwniu8leUOcp5LiReUQOQi0Q&usqp=CAU",
      "parse": false
    },
    {
      "name": "MG（备）07",
      "url": "http://[2409:8087:1a01:df::4015]/PLTV/88888888/224/3221225641/index.m3u8",
      "pic": "https://encrypted-tbn0.gstatic.com/images?q=tbn:ANd9GcRdHS-saEBTbVRwniu8leUOcp5LiReUQOQi0Q&usqp=CAU",
      "parse": false
    },
    {
      "name": "MG（备）08",
      "url": "http://[2409:8087:1a01:df::4011]/PLTV/88888888/224/3221225643/index.m3u8",
      "pic": "https://encrypted-tbn0.gstatic.com/images?q=tbn:ANd9GcRdHS-saEBTbVRwniu8leUOcp5LiReUQOQi0Q&usqp=CAU",
      "parse": false
    },
    {
      "name": "MG（备）09",
      "url": "http://[2409:8087:1a01:df::4002]/PLTV/88888888/224/3221225645/index.m3u8",
      "pic": "https://encrypted-tbn0.gstatic.com/images?q=tbn:ANd9GcRdHS-saEBTbVRwniu8leUOcp5LiReUQOQi0Q&usqp=CAU",
      "parse": false
    },
    {
      "name": "MG（备）10",
      "url": "http://[2409:8087:1a01:df::4016]/PLTV/88888888/224/3221225647/index.m3u8",
      "pic": "https://encrypted-tbn0.gstatic.com/images?q=tbn:ANd9GcRdHS-saEBTbVRwniu8leUOcp5LiReUQOQi0Q&usqp=CAU",
      "parse": false
    },
    {
      "name": "MG（备）11",
      "url": "http://[2409:8087:1a01:df::4022]/PLTV/88888888/224/3221225648/index.m3u8",
      "pic": "https://encrypted-tbn0.gstatic.com/images?q=tbn:ANd9GcRdHS-saEBTbVRwniu8leUOcp5LiReUQOQi0Q&usqp=CAU",
      "parse": false
    },
    {
      "name": "MG（备）12",
      "url": "http://[2409:8087:1a01:df::4003]/PLTV/88888888/224/3221225649/index.m3u8",
      "pic": "https://encrypted-tbn0.gstatic.com/images?q=tbn:ANd9GcRdHS-saEBTbVRwniu8leUOcp5LiReUQOQi0Q&usqp=CAU",
      "parse": false
    },
    {
      "name": "MG（备）13",
      "url": "http://[2409:8087:1a01:df::4003]/PLTV/88888888/224/3221225650/index.m3u8",
      "pic": "https://encrypted-tbn0.gstatic.com/images?q=tbn:ANd9GcRdHS-saEBTbVRwniu8leUOcp5LiReUQOQi0Q&usqp=CAU",
      "parse": false
    },
    {
      "name": "MG（备）14",
      "url": "http://[2409:8087:1a01:df::4014]/PLTV/88888888/224/3221225652/index.m3u8",
      "pic": "https://encrypted-tbn0.gstatic.com/images?q=tbn:ANd9GcRdHS-saEBTbVRwniu8leUOcp5LiReUQOQi0Q&usqp=CAU",
      "parse": false
    },
    {
      "name": "MG（备）15",
      "url": "http://[2409:8087:1a01:df::4013]/PLTV/88888888/224/3221225653/index.m3u8",
      "pic": "https://encrypted-tbn0.gstatic.com/images?q=tbn:ANd9GcRdHS-saEBTbVRwniu8leUOcp5LiReUQOQi0Q&usqp=CAU",
      "parse": false
    },
    {
      "name": "MG（备）16",
      "url": "http://[2409:8087:1a01:df::4017]/PLTV/88888888/224/3221225654/index.m3u8",
      "pic": "https://encrypted-tbn0.gstatic.com/images?q=tbn:ANd9GcRdHS-saEBTbVRwniu8leUOcp5LiReUQOQi0Q&usqp=CAU",
      "parse": false
    },
    {
      "name": "MG（备）17",
      "url": "http://[2409:8087:1a01:df::4019]/PLTV/88888888/224/3221225658/index.m3u8",
      "pic": "https://encrypted-tbn0.gstatic.com/images?q=tbn:ANd9GcRdHS-saEBTbVRwniu8leUOcp5LiReUQOQi0Q&usqp=CAU",
      "parse": false
    },
    {
      "name": "MG（备）18",
      "url": "http://[2409:8087:1a01:df::4012]/PLTV/88888888/224/3221225660/index.m3u8",
      "pic": "https://encrypted-tbn0.gstatic.com/images?q=tbn:ANd9GcRdHS-saEBTbVRwniu8leUOcp5LiReUQOQi0Q&usqp=CAU",
      "parse": false
    },
    {
      "name": "MG（备）19",
      "url": "http://[2409:8087:1a01:df::4023]/PLTV/88888888/224/3221225662/index.m3u8",
      "pic": "https://encrypted-tbn0.gstatic.com/images?q=tbn:ANd9GcRdHS-saEBTbVRwniu8leUOcp5LiReUQOQi0Q&usqp=CAU",
      "parse": false
    },
    {
      "name": "MG（备）20",
      "url": "http://[2409:8087:1a01:df::4062]/PLTV/88888888/224/3221225733/index.m3u8",
      "pic": "https://encrypted-tbn0.gstatic.com/images?q=tbn:ANd9GcRdHS-saEBTbVRwniu8leUOcp5LiReUQOQi0Q&usqp=CAU",
      "parse": false
    },
    {
      "name": "MG（备）21",
      "url": "http://[2409:8087:1a01:df::4048]/PLTV/88888888/224/3221225735/index.m3u8",
      "pic": "https://encrypted-tbn0.gstatic.com/images?q=tbn:ANd9GcRdHS-saEBTbVRwniu8leUOcp5LiReUQOQi0Q&usqp=CAU",
      "parse": false
    },
    {
      "name": "MG（备）22",
      "url": "http://[2409:8087:1a01:df::4025]/PLTV/88888888/224/3221225737/index.m3u8",
      "pic": "https://encrypted-tbn0.gstatic.com/images?q=tbn:ANd9GcRdHS-saEBTbVRwniu8leUOcp5LiReUQOQi0Q&usqp=CAU",
      "parse": false
    },
    {
      "name": "MG（备）23",
      "url": "http://[2409:8087:1a01:df::4074]/PLTV/88888888/224/3221225739/index.m3u8",
      "pic": "https://encrypted-tbn0.gstatic.com/images?q=tbn:ANd9GcRdHS-saEBTbVRwniu8leUOcp5LiReUQOQi0Q&usqp=CAU",
      "parse": false
    },
    {
      "name": "MG（备）28",
      "url": "http://[2409:8087:1a01:df::4030]/PLTV/88888888/224/3221225754/index.m3u8",
      "pic": "https://encrypted-tbn0.gstatic.com/images?q=tbn:ANd9GcRdHS-saEBTbVRwniu8leUOcp5LiReUQOQi0Q&usqp=CAU",
      "parse": false
    },
    {
      "name": "MG（备）29",
      "url": "http://[2409:8087:1a01:df::4025]/PLTV/88888888/224/3221225756/index.m3u8",
      "pic": "https://encrypted-tbn0.gstatic.com/images?q=tbn:ANd9GcRdHS-saEBTbVRwniu8leUOcp5LiReUQOQi0Q&usqp=CAU",
      "parse": false
    },
    {
      "name": "MG（备）30",
      "url": "http://[2409:8087:1a01:df::4077]/PLTV/88888888/224/3221225758/index.m3u8",
      "pic": "https://encrypted-tbn0.gstatic.com/images?q=tbn:ANd9GcRdHS-saEBTbVRwniu8leUOcp5LiReUQOQi0Q&usqp=CAU",
      "parse": false
    },
    {
      "name": "MG（备）31",
      "url": "http://[2409:8087:1a01:df::4025]/PLTV/88888888/224/3221225760/index.m3u8",
      "pic": "https://encrypted-tbn0.gstatic.com/images?q=tbn:ANd9GcRdHS-saEBTbVRwniu8leUOcp5LiReUQOQi0Q&usqp=CAU",
      "parse": false
    },
    {
      "name": "MG（备）37",
      "url": "http://[2409:8087:1a01:df::4002]/PLTV/88888888/224/3221225895/index.m3u8",
      "pic": "https://encrypted-tbn0.gstatic.com/images?q=tbn:ANd9GcRdHS-saEBTbVRwniu8leUOcp5LiReUQOQi0Q&usqp=CAU",
      "parse": false
    },
    {
      "name": "MG（备）38",
      "url": "http://[2409:8087:1a01:df::4028]/PLTV/88888888/224/3221225897/index.m3u8",
      "pic": "https://encrypted-tbn0.gstatic.com/images?q=tbn:ANd9GcRdHS-saEBTbVRwniu8leUOcp5LiReUQOQi0Q&usqp=CAU",
      "parse": false
    },
    {
      "name": "MG（备）39",
      "url": "http://[2409:8087:1a01:df::4061]/PLTV/88888888/224/3221225899/index.m3u8",
      "pic": "https://encrypted-tbn0.gstatic.com/images?q=tbn:ANd9GcRdHS-saEBTbVRwniu8leUOcp5LiReUQOQi0Q&usqp=CAU",
      "parse": false
    },
    {
      "name": "MG（备）40",
      "url": "http://[2409:8087:1a01:df::4009]/PLTV/88888888/224/3221225901/index.m3u8",
      "pic": "https://encrypted-tbn0.gstatic.com/images?q=tbn:ANd9GcRdHS-saEBTbVRwniu8leUOcp5LiReUQOQi0Q&usqp=CAU",
      "parse": false
    },
    {
      "name": "MG（备）41",
      "url": "http://[2409:8087:1a01:df::4023]/PLTV/88888888/224/3221225903/index.m3u8",
      "pic": "https://encrypted-tbn0.gstatic.com/images?q=tbn:ANd9GcRdHS-saEBTbVRwniu8leUOcp5LiReUQOQi0Q&usqp=CAU",
      "parse": false
    },
    {
      "name": "MG（备）43",
      "url": "http://[2409:8087:1a01:df::4051]/PLTV/88888888/224/3221225905/index.m3u8",
      "pic": "https://encrypted-tbn0.gstatic.com/images?q=tbn:ANd9GcRdHS-saEBTbVRwniu8leUOcp5LiReUQOQi0Q&usqp=CAU",
      "parse": false
    },
    {
      "name": "MG（备）45",
      "url": "http://[2409:8087:1a01:df::4055]/PLTV/88888888/224/3221225910/index.m3u8",
      "pic": "https://encrypted-tbn0.gstatic.com/images?q=tbn:ANd9GcRdHS-saEBTbVRwniu8leUOcp5LiReUQOQi0Q&usqp=CAU",
      "parse": false
    },
    {
      "name": "MG（备）46",
      "url": "http://[2409:8087:1a01:df::4076]/PLTV/88888888/224/3221225912/index.m3u8",
      "pic": "https://encrypted-tbn0.gstatic.com/images?q=tbn:ANd9GcRdHS-saEBTbVRwniu8leUOcp5LiReUQOQi0Q&usqp=CAU",
      "parse": false
    },
    {
      "name": "MG（备）47",
      "url": "http://[2409:8087:1a01:df::4027]/PLTV/88888888/224/3221225914/index.m3u8",
      "pic": "https://encrypted-tbn0.gstatic.com/images?q=tbn:ANd9GcRdHS-saEBTbVRwniu8leUOcp5LiReUQOQi0Q&usqp=CAU",
      "parse": false
    },
    {
      "name": "MG（备）48",
      "url": "http://[2409:8087:1a01:df::4076]/PLTV/88888888/224/3221226027/index.m3u8",
      "pic": "https://encrypted-tbn0.gstatic.com/images?q=tbn:ANd9GcRdHS-saEBTbVRwniu8leUOcp5LiReUQOQi0Q&usqp=CAU",
      "parse": false
    },
    {
      "name": "MG（备）49",
      "url": "http://[2409:8087:1a01:df::4068]/PLTV/88888888/224/3221226031/index.m3u8",
      "pic": "https://encrypted-tbn0.gstatic.com/images?q=tbn:ANd9GcRdHS-saEBTbVRwniu8leUOcp5LiReUQOQi0Q&usqp=CAU",
      "parse": false
    },
    {
      "name": "MG（备）50",
      "url": "http://[2409:8087:1a01:df::4062]/PLTV/88888888/224/3221226046/index.m3u8",
      "pic": "https://encrypted-tbn0.gstatic.com/images?q=tbn:ANd9GcRdHS-saEBTbVRwniu8leUOcp5LiReUQOQi0Q&usqp=CAU",
      "parse": false
    },
    {
      "name": "MG（备）51",
      "url": "http://[2409:8087:1a01:df::4041]/PLTV/88888888/224/3221226053/index.m3u8",
      "pic": "https://encrypted-tbn0.gstatic.com/images?q=tbn:ANd9GcRdHS-saEBTbVRwniu8leUOcp5LiReUQOQi0Q&usqp=CAU",
      "parse": false
    },
    {
      "name": "MG（备）52",
      "url": "http://[2409:8087:1a01:df::404d]/ottrrs.hl.chinamobile.com/PLTV/88888888/224/3221226124/index.m3u8",
      "pic": "https://encrypted-tbn0.gstatic.com/images?q=tbn:ANd9GcRdHS-saEBTbVRwniu8leUOcp5LiReUQOQi0Q&usqp=CAU",
      "parse": false
    },
    {
      "name": "MG（备）53",
      "url": "http://[2409:8087:1a01:df::403b]/ottrrs.hl.chinamobile.com/PLTV/88888888/224/3221226147/index.m3u8",
      "pic": "https://encrypted-tbn0.gstatic.com/images?q=tbn:ANd9GcRdHS-saEBTbVRwniu8leUOcp5LiReUQOQi0Q&usqp=CAU",
      "parse": false
    },
    {
      "name": "MG（备）54",
      "url": "http://[2409:8087:1a01:df::4033]/ottrrs.hl.chinamobile.com/PLTV/88888888/224/3221226398/index.m3u8",
      "pic": "https://encrypted-tbn0.gstatic.com/images?q=tbn:ANd9GcRdHS-saEBTbVRwniu8leUOcp5LiReUQOQi0Q&usqp=CAU",
      "parse": false
    },
    {
      "name": "MG（备）55",
      "url": "http://[2409:8087:1a01:df::402a]/ottrrs.hl.chinamobile.com/PLTV/88888888/224/3221226469/index.m3u8",
      "pic": "https://encrypted-tbn0.gstatic.com/images?q=tbn:ANd9GcRdHS-saEBTbVRwniu8leUOcp5LiReUQOQi0Q&usqp=CAU",
      "parse": false
    },
    {
      "name": "MG（备）56",
      "url": "http://[2409:8087:1a01:df::4046]/ottrrs.hl.chinamobile.com/PLTV/88888888/224/3221226472/index.m3u8",
      "pic": "https://encrypted-tbn0.gstatic.com/images?q=tbn:ANd9GcRdHS-saEBTbVRwniu8leUOcp5LiReUQOQi0Q&usqp=CAU",
      "parse": false
    },
    {
      "name": "MG（备）0060",
      "url": "http://zteres.sn.chinamobile.com:6060/000000001000/2000000003000000060/1.m3u8?channel-id=hnbblive&Contentid=2000000003000000060&livemode=1&stbId=3",
      "pic": "https://encrypted-tbn0.gstatic.com/images?q=tbn:ANd9GcRdHS-saEBTbVRwniu8leUOcp5LiReUQOQi0Q&usqp=CAU",
      "parse": false
    },
    {
      "name": "MG（备）0065",
      "url": "http://zteres.sn.chinamobile.com:6060/000000001000/2000000003000000065/1.m3u8?channel-id=hnbblive&Contentid=2000000003000000065&livemode=1&stbId=3",
      "pic": "https://encrypted-tbn0.gstatic.com/images?q=tbn:ANd9GcRdHS-saEBTbVRwniu8leUOcp5LiReUQOQi0Q&usqp=CAU",
      "parse": false
    },
    {
      "name": "MG（备）4193",
      "url": "http://zteres.sn.chinamobile.com:6060/000000001000/3000000010000004193/1.m3u8?channel-id=FifastbLive&Contentid=3000000010000004193&livemode=1&stbId=3",
      "pic": "https://encrypted-tbn0.gstatic.com/images?q=tbn:ANd9GcRdHS-saEBTbVRwniu8leUOcp5LiReUQOQi0Q&usqp=CAU",
      "parse": false
    },
    {
      "name": "MG（备）5308",
      "url": "http://zteres.sn.chinamobile.com:6060/000000001000/3000000001000005308/1.m3u8?channel-id=FifastbLive&Contentid=3000000001000005308&livemode=1&stbId=3",
      "pic": "https://encrypted-tbn0.gstatic.com/images?q=tbn:ANd9GcRdHS-saEBTbVRwniu8leUOcp5LiReUQOQi0Q&usqp=CAU",
      "parse": false
    },
    {
      "name": "MG（备）5895",
      "url": "http://[2409:8087:1a01:df::4077]/PLTV/88888888/224/3221225895/index.m3u8",
      "pic": "https://encrypted-tbn0.gstatic.com/images?q=tbn:ANd9GcRdHS-saEBTbVRwniu8leUOcp5LiReUQOQi0Q&usqp=CAU",
      "parse": false
    },
    {
      "name": "MG（备）5897",
      "url": "http://[2409:8087:1a01:df::4077]/PLTV/88888888/224/3221225897/index.m3u8",
      "pic": "https://encrypted-tbn0.gstatic.com/images?q=tbn:ANd9GcRdHS-saEBTbVRwniu8leUOcp5LiReUQOQi0Q&usqp=CAU",
      "parse": false
    },
    {
      "name": "MG（备）5969",
      "url": "http://zteres.sn.chinamobile.com:6060/000000001000/3000000001000005969/1.m3u8?channel-id=FifastbLive&Contentid=3000000001000005969&livemode=1&stbId=3",
      "pic": "https://encrypted-tbn0.gstatic.com/images?q=tbn:ANd9GcRdHS-saEBTbVRwniu8leUOcp5LiReUQOQi0Q&usqp=CAU",
      "parse": false
    },
    {
      "name": "MG（备）6124",
      "url": "http://[2409:8087:1a01:df::4077]/ottrrs.hl.chinamobile.com/PLTV/88888888/8/3221226124/index.m3u8",
      "pic": "https://encrypted-tbn0.gstatic.com/images?q=tbn:ANd9GcRdHS-saEBTbVRwniu8leUOcp5LiReUQOQi0Q&usqp=CAU",
      "parse": false
    },
    {
      "name": "MG（备）6124★",
      "url": "http://ottrrs.hl.chinamobile.com/PLTV/88888888/224/3221226124/index.m3u8",
      "pic": "https://encrypted-tbn0.gstatic.com/images?q=tbn:ANd9GcRdHS-saEBTbVRwniu8leUOcp5LiReUQOQi0Q&usqp=CAU",
      "parse": false
    },
    {
      "name": "MG（备）6147",
      "url": "http://[2409:8087:1a01:df::4077]/ottrrs.hl.chinamobile.com/PLTV/88888888/8/3221226147/index.m3u8",
      "pic": "https://encrypted-tbn0.gstatic.com/images?q=tbn:ANd9GcRdHS-saEBTbVRwniu8leUOcp5LiReUQOQi0Q&usqp=CAU",
      "parse": false
    },
    {
      "name": "MG（备）6147★",
      "url": "http://ottrrs.hl.chinamobile.com/PLTV/88888888/224/3221226147/index.m3u8",
      "pic": "https://encrypted-tbn0.gstatic.com/images?q=tbn:ANd9GcRdHS-saEBTbVRwniu8leUOcp5LiReUQOQi0Q&usqp=CAU",
      "parse": false
    },
    {
      "name": "MG（备）6398",
      "url": "http://[2409:8087:1a01:df::4077]/ottrrs.hl.chinamobile.com/PLTV/88888888/8/3221226398/index.m3u8",
      "pic": "https://encrypted-tbn0.gstatic.com/images?q=tbn:ANd9GcRdHS-saEBTbVRwniu8leUOcp5LiReUQOQi0Q&usqp=CAU",
      "parse": false
    },
    {
      "name": "MG（备）6469",
      "url": "http://[2409:8087:1a01:df::4077]/ottrrs.hl.chinamobile.com/PLTV/88888888/8/3221226469/index.m3u8",
      "pic": "https://encrypted-tbn0.gstatic.com/images?q=tbn:ANd9GcRdHS-saEBTbVRwniu8leUOcp5LiReUQOQi0Q&usqp=CAU",
      "parse": false
    },
    {
      "name": "MG（备）6658",
      "url": "http://zteres.sn.chinamobile.com:6060/000000001000/3000000010000006658/1.m3u8?channel-id=FifastbLive&Contentid=3000000010000006658&livemode=1&stbId=3",
      "pic": "https://encrypted-tbn0.gstatic.com/images?q=tbn:ANd9GcRdHS-saEBTbVRwniu8leUOcp5LiReUQOQi0Q&usqp=CAU",
      "parse": false
    },
    {
      "name": "MG（备）7218",
      "url": "http://zteres.sn.chinamobile.com:6060/000000001000/3000000001000007218/1.m3u8?channel-id=FifastbLive&Contentid=3000000001000007218&livemode=1&stbId=3",
      "pic": "https://encrypted-tbn0.gstatic.com/images?q=tbn:ANd9GcRdHS-saEBTbVRwniu8leUOcp5LiReUQOQi0Q&usqp=CAU",
      "parse": false
    },
    {
      "name": "MG（备）8001",
      "url": "http://zteres.sn.chinamobile.com:6060/000000001000/3000000001000008001/1.m3u8?channel-id=FifastbLive&Contentid=3000000001000008001&livemode=1&stbId=3",
      "pic": "https://encrypted-tbn0.gstatic.com/images?q=tbn:ANd9GcRdHS-saEBTbVRwniu8leUOcp5LiReUQOQi0Q&usqp=CAU",
      "parse": false
    },
    {
      "name": "MG（备）8129",
      "url": "http://[2409:8087:2001:20:2800:0:df6e:eb0e]:80/wh7f454c46tw336955688_-567193112/ott.mobaibox.com/PLTV/3/224/3221228129/index.m3u8?icpid=3&RTS=1674380452&from=40&popid=40&hms_devid=2111&prioritypopid=40&vqe=3",
      "pic": "https://encrypted-tbn0.gstatic.com/images?q=tbn:ANd9GcRdHS-saEBTbVRwniu8leUOcp5LiReUQOQi0Q&usqp=CAU",
      "parse": false
    },
    {
      "name": "MG（备）8176",
      "url": "http://zteres.sn.chinamobile.com:6060/000000001000/3000000001000008176/1.m3u8?channel-id=FifastbLive&Contentid=3000000001000008176&livemode=1&stbId=3",
      "pic": "https://encrypted-tbn0.gstatic.com/images?q=tbn:ANd9GcRdHS-saEBTbVRwniu8leUOcp5LiReUQOQi0Q&usqp=CAU",
      "parse": false
    },
    {
      "name": "MG（备）8206",
      "url": "http://[2409:8087:2001:20:2800:0:df6e:eb0f]:80/wh7f454c46tw1758408081_1139282982/ott.mobaibox.com/PLTV/3/224/3221228206/index.m3u8?icpid=3&RTS=1674386168&from=40&popid=40&hms_devid=2111&prioritypopid=40&vqe=3",
      "pic": "https://encrypted-tbn0.gstatic.com/images?q=tbn:ANd9GcRdHS-saEBTbVRwniu8leUOcp5LiReUQOQi0Q&usqp=CAU",
      "parse": false
    },
    {
      "name": "MG（备）8231",
      "url": "http://[2409:8087:2001:20:2800:0:df6e:eb0a]:80/wh7f454c46tw1562554036_-2064141468/ott.mobaibox.com/PLTV/3/224/3221228231/index.m3u8?icpid=3&RTS=1674385972&from=40&popid=40&hms_devid=2038&prioritypopid=40&vqe=3",
      "pic": "https://encrypted-tbn0.gstatic.com/images?q=tbn:ANd9GcRdHS-saEBTbVRwniu8leUOcp5LiReUQOQi0Q&usqp=CAU",
      "parse": false
    },
    {
      "name": "MG（备）8234",
      "url": "http://[2409:8087:2001:20:2800:0:df6e:eb13]:80/wh7f454c46tw336300127_-934579930/ott.mobaibox.com/PLTV/3/224/3221228234/index.m3u8?icpid=3&RTS=1674380451&from=40&popid=40&hms_devid=2112&prioritypopid=40&vqe=3",
      "pic": "https://encrypted-tbn0.gstatic.com/images?q=tbn:ANd9GcRdHS-saEBTbVRwniu8leUOcp5LiReUQOQi0Q&usqp=CAU",
      "parse": false
    },
    {
      "name": "MG（备）8379",
      "url": "http://zteres.sn.chinamobile.com:6060/000000001000/3000000001000008379/1.m3u8?channel-id=FifastbLive&Contentid=3000000001000008379&livemode=1&stbId=3",
      "pic": "https://encrypted-tbn0.gstatic.com/images?q=tbn:ANd9GcRdHS-saEBTbVRwniu8leUOcp5LiReUQOQi0Q&usqp=CAU",
      "parse": false
    },
    {
      "name": "MG（备）9788",
      "url": "http://zteres.sn.chinamobile.com:6060/000000001000/3000000010000009788/1.m3u8?channel-id=FifastbLive&Contentid=3000000010000009788&livemode=1&stbId=3",
      "pic": "https://encrypted-tbn0.gstatic.com/images?q=tbn:ANd9GcRdHS-saEBTbVRwniu8leUOcp5LiReUQOQi0Q&usqp=CAU",
      "parse": false
    },
    {
      "name": "MG（备）10129",
      "url": "http://zteres.sn.chinamobile.com:6060/000000001000/3000000001000010129/1.m3u8?channel-id=FifastbLive&Contentid=3000000001000010129&livemode=1&stbId=3",
      "pic": "https://encrypted-tbn0.gstatic.com/images?q=tbn:ANd9GcRdHS-saEBTbVRwniu8leUOcp5LiReUQOQi0Q&usqp=CAU",
      "parse": false
    },
    {
      "name": "MG（备）11297",
      "url": "http://zteres.sn.chinamobile.com:6060/000000001000/3000000010000011297/1.m3u8?channel-id=FifastbLive&Contentid=3000000010000011297&livemode=1&stbId=3",
      "pic": "https://encrypted-tbn0.gstatic.com/images?q=tbn:ANd9GcRdHS-saEBTbVRwniu8leUOcp5LiReUQOQi0Q&usqp=CAU",
      "parse": false
    },
    {
      "name": "MG（备）11518",
      "url": "http://zteres.sn.chinamobile.com:6060/000000001000/3000000010000011518/1.m3u8?channel-id=FifastbLive&Contentid=3000000010000011518&livemode=1&stbId=3",
      "pic": "https://encrypted-tbn0.gstatic.com/images?q=tbn:ANd9GcRdHS-saEBTbVRwniu8leUOcp5LiReUQOQi0Q&usqp=CAU",
      "parse": false
    },
    {
      "name": "MG（备）11519",
      "url": "http://zteres.sn.chinamobile.com:6060/000000001000/3000000020000011519/1.m3u8?channel-id=FifastbLive&Contentid=3000000020000011519&livemode=1&stbId=3",
      "pic": "https://encrypted-tbn0.gstatic.com/images?q=tbn:ANd9GcRdHS-saEBTbVRwniu8leUOcp5LiReUQOQi0Q&usqp=CAU",
      "parse": false
    },
    {
      "name": "MG（备）11520",
      "url": "http://zteres.sn.chinamobile.com:6060/000000001000/3000000020000011520/1.m3u8?channel-id=FifastbLive&Contentid=3000000020000011520&livemode=1&stbId=3",
      "pic": "https://encrypted-tbn0.gstatic.com/images?q=tbn:ANd9GcRdHS-saEBTbVRwniu8leUOcp5LiReUQOQi0Q&usqp=CAU",
      "parse": false
    },
    {
      "name": "MG（备）11521",
      "url": "http://zteres.sn.chinamobile.com:6060/000000001000/3000000020000011521/1.m3u8?channel-id=FifastbLive&Contentid=3000000020000011521&livemode=1&stbId=3",
      "pic": "https://encrypted-tbn0.gstatic.com/images?q=tbn:ANd9GcRdHS-saEBTbVRwniu8leUOcp5LiReUQOQi0Q&usqp=CAU",
      "parse": false
    },
    {
      "name": "MG（备）11522",
      "url": "http://zteres.sn.chinamobile.com:6060/000000001000/3000000020000011522/1.m3u8?channel-id=FifastbLive&Contentid=3000000020000011522&livemode=1&stbId=3",
      "pic": "https://encrypted-tbn0.gstatic.com/images?q=tbn:ANd9GcRdHS-saEBTbVRwniu8leUOcp5LiReUQOQi0Q&usqp=CAU",
      "parse": false
    },
    {
      "name": "MG（备）11523",
      "url": "http://zteres.sn.chinamobile.com:6060/000000001000/3000000020000011523/1.m3u8?channel-id=FifastbLive&Contentid=3000000020000011523&livemode=1&stbId=3",
      "pic": "https://encrypted-tbn0.gstatic.com/images?q=tbn:ANd9GcRdHS-saEBTbVRwniu8leUOcp5LiReUQOQi0Q&usqp=CAU",
      "parse": false
    },
    {
      "name": "MG（备）11528",
      "url": "http://zteres.sn.chinamobile.com:6060/000000001000/3000000020000011528/1.m3u8?channel-id=FifastbLive&Contentid=3000000020000011528&livemode=1&stbId=3",
      "pic": "https://encrypted-tbn0.gstatic.com/images?q=tbn:ANd9GcRdHS-saEBTbVRwniu8leUOcp5LiReUQOQi0Q&usqp=CAU",
      "parse": false
    },
    {
      "name": "MG（备）11529",
      "url": "http://zteres.sn.chinamobile.com:6060/000000001000/3000000020000011529/1.m3u8?channel-id=FifastbLive&Contentid=3000000020000011529&livemode=1&stbId=3",
      "pic": "https://encrypted-tbn0.gstatic.com/images?q=tbn:ANd9GcRdHS-saEBTbVRwniu8leUOcp5LiReUQOQi0Q&usqp=CAU",
      "parse": false
    },
    {
      "name": "MG（备）12558",
      "url": "http://zteres.sn.chinamobile.com:6060/000000001000/3000000010000012558/1.m3u8?channel-id=FifastbLive&Contentid=3000000010000012558&livemode=1&stbId=3",
      "pic": "https://encrypted-tbn0.gstatic.com/images?q=tbn:ANd9GcRdHS-saEBTbVRwniu8leUOcp5LiReUQOQi0Q&usqp=CAU",
      "parse": false
    },
    {
      "name": "MG（备）12616",
      "url": "http://zteres.sn.chinamobile.com:6060/000000001000/3000000010000012616/1.m3u8?channel-id=FifastbLive&Contentid=3000000010000012616&livemode=1&stbId=3",
      "pic": "https://encrypted-tbn0.gstatic.com/images?q=tbn:ANd9GcRdHS-saEBTbVRwniu8leUOcp5LiReUQOQi0Q&usqp=CAU",
      "parse": false
    },
    {
      "name": "MG（备）15470",
      "url": "http://zteres.sn.chinamobile.com:6060/000000001000/3000000010000015470/1.m3u8?channel-id=FifastbLive&Contentid=3000000010000015470&livemode=1&stbId=3",
      "pic": "https://encrypted-tbn0.gstatic.com/images?q=tbn:ANd9GcRdHS-saEBTbVRwniu8leUOcp5LiReUQOQi0Q&usqp=CAU",
      "parse": false
    },
    {
      "name": "MG（备）15560",
      "url": "http://zteres.sn.chinamobile.com:6060/000000001000/3000000010000015560/1.m3u8?channel-id=FifastbLive&Contentid=3000000010000015560&livemode=1&stbId=3",
      "pic": "https://encrypted-tbn0.gstatic.com/images?q=tbn:ANd9GcRdHS-saEBTbVRwniu8leUOcp5LiReUQOQi0Q&usqp=CAU",
      "parse": false
    },
    {
      "name": "MG（备）17678",
      "url": "http://zteres.sn.chinamobile.com:6060/000000001000/3000000010000017678/1.m3u8?channel-id=FifastbLive&Contentid=3000000010000017678&livemode=1&stbId=3",
      "pic": "https://encrypted-tbn0.gstatic.com/images?q=tbn:ANd9GcRdHS-saEBTbVRwniu8leUOcp5LiReUQOQi0Q&usqp=CAU",
      "parse": false
    },
    {
      "name": "MG（备）19839",
      "url": "http://zteres.sn.chinamobile.com:6060/000000001000/3000000010000019839/1.m3u8?channel-id=FifastbLive&Contentid=3000000010000019839&livemode=1&stbId=3",
      "pic": "https://encrypted-tbn0.gstatic.com/images?q=tbn:ANd9GcRdHS-saEBTbVRwniu8leUOcp5LiReUQOQi0Q&usqp=CAU",
      "parse": false
    },
    {
      "name": "MG（备）21904",
      "url": "http://zteres.sn.chinamobile.com:6060/000000001000/3000000010000021904/1.m3u8?channel-id=FifastbLive&Contentid=3000000010000021904&livemode=1&stbId=3",
      "pic": "https://encrypted-tbn0.gstatic.com/images?q=tbn:ANd9GcRdHS-saEBTbVRwniu8leUOcp5LiReUQOQi0Q&usqp=CAU",
      "parse": false
    },
    {
      "name": "MG（备）23434",
      "url": "http://zteres.sn.chinamobile.com:6060/000000001000/3000000010000023434/1.m3u8?channel-id=FifastbLive&Contentid=3000000010000023434&livemode=1&stbId=3",
      "pic": "https://encrypted-tbn0.gstatic.com/images?q=tbn:ANd9GcRdHS-saEBTbVRwniu8leUOcp5LiReUQOQi0Q&usqp=CAU",
      "parse": false
    },
    {
      "name": "MG（备）25380♦",
      "url": "http://zteres.sn.chinamobile.com:6060/000000001000/3000000010000025380/1.m3u8?channel-id=FifastbLive&Contentid=3000000010000025380&livemode=1&stbId=3",
      "pic": "https://encrypted-tbn0.gstatic.com/images?q=tbn:ANd9GcRdHS-saEBTbVRwniu8leUOcp5LiReUQOQi0Q&usqp=CAU",
      "parse": false
    },
    {
      "name": "MG（备）27691",
      "url": "http://zteres.sn.chinamobile.com:6060/000000001000/3000000010000027691/1.m3u8?channel-id=FifastbLive&Contentid=3000000010000027691&livemode=1&stbId=3",
      "pic": "https://encrypted-tbn0.gstatic.com/images?q=tbn:ANd9GcRdHS-saEBTbVRwniu8leUOcp5LiReUQOQi0Q&usqp=CAU",
      "parse": false
    },
    {
      "name": "MG（备）31669",
      "url": "http://zteres.sn.chinamobile.com:6060/000000001000/3000000010000031669/1.m3u8?channel-id=FifastbLive&Contentid=3000000010000031669&livemode=1&stbId=3",
      "pic": "https://encrypted-tbn0.gstatic.com/images?q=tbn:ANd9GcRdHS-saEBTbVRwniu8leUOcp5LiReUQOQi0Q&usqp=CAU",
      "parse": false
    },
    {
      "name": "MG（备）270004",
      "url": "http://zteres.sn.chinamobile.com:6060/000000001000/1000000006000270004/1.m3u8?channel-id=ystenlive&Contentid=1000000006000270004&livemode=1&stbId=3",
      "pic": "https://encrypted-tbn0.gstatic.com/images?q=tbn:ANd9GcRdHS-saEBTbVRwniu8leUOcp5LiReUQOQi0Q&usqp=CAU",
      "parse": false
    },
    {
      "name": "MG（备）3K-15686",
      "url": "http://zteres.sn.chinamobile.com:6060/000000001000/3000000010000015686/1.m3u8?channel-id=FifastbLive&Contentid=3000000010000015686&livemode=1&stbId=3",
      "pic": "https://encrypted-tbn0.gstatic.com/images?q=tbn:ANd9GcRdHS-saEBTbVRwniu8leUOcp5LiReUQOQi0Q&usqp=CAU",
      "parse": false
    },
    {
      "name": "MG（备）4K-5180",
      "url": "http://zteres.sn.chinamobile.com:6060/000000001000/3000000010000005180/1.m3u8?channel-id=FifastbLive&Contentid=3000000010000005180&livemode=1&stbId=3",
      "pic": "https://encrypted-tbn0.gstatic.com/images?q=tbn:ANd9GcRdHS-saEBTbVRwniu8leUOcp5LiReUQOQi0Q&usqp=CAU",
      "parse": false
    },
    {
      "name": "MG（备）4K-1",
      "url": "http://[2409:8087:1a01:df::4001]/PLTV/88888888/224/3221225655/index.m3u8",
      "pic": "https://encrypted-tbn0.gstatic.com/images?q=tbn:ANd9GcRdHS-saEBTbVRwniu8leUOcp5LiReUQOQi0Q&usqp=CAU",
      "parse": false
    },
    {
      "name": "MG（备）4K-2",
      "url": "http://[2409:8087:1a01:df::4005]/PLTV/88888888/224/3221225651/index.m3u8",
      "pic": "https://encrypted-tbn0.gstatic.com/images?q=tbn:ANd9GcRdHS-saEBTbVRwniu8leUOcp5LiReUQOQi0Q&usqp=CAU",
      "parse": false
    },
    {
      "name": "BesTV 超级体育 5847★",
      "url": "http://dbiptv.sn.chinamobile.com/PLTV/88888890/224/3221225847/index.m3u8",
      "pic": "https://encrypted-tbn0.gstatic.com/images?q=tbn:ANd9GcQmDoq1TinsCfx1vpH-ZHi_9s0muacXfxbxmg&usqp=CAU",
      "parse": false
    },
    {
      "name": "BesTV 超级体育 5848",
      "url": "http://dbiptv.sn.chinamobile.com/PLTV/88888890/224/3221225848/index.m3u8",
      "pic": "https://encrypted-tbn0.gstatic.com/images?q=tbn:ANd9GcQmDoq1TinsCfx1vpH-ZHi_9s0muacXfxbxmg&usqp=CAU",
      "parse": false
    },
    {
      "name": "BesTV 超级体育 5849",
      "url": "http://dbiptv.sn.chinamobile.com/PLTV/88888890/224/3221225849/index.m3u8",
      "pic": "https://encrypted-tbn0.gstatic.com/images?q=tbn:ANd9GcQmDoq1TinsCfx1vpH-ZHi_9s0muacXfxbxmg&usqp=CAU",
      "parse": false
    },
    {
      "name": "BesTV 体育 5834",
      "url": "http://dbiptv.sn.chinamobile.com/PLTV/88888890/224/3221225834/index.m3u8",
      "pic": "https://encrypted-tbn0.gstatic.com/images?q=tbn:ANd9GcQmDoq1TinsCfx1vpH-ZHi_9s0muacXfxbxmg&usqp=CAU",
      "parse": false
    },
    {
      "name": "BesTV 体育 5835",
      "url": "http://dbiptv.sn.chinamobile.com/PLTV/88888890/224/3221225835/index.m3u8",
      "pic": "https://encrypted-tbn0.gstatic.com/images?q=tbn:ANd9GcQmDoq1TinsCfx1vpH-ZHi_9s0muacXfxbxmg&usqp=CAU",
      "parse": false
    },
    {
      "name": "BesTV 体育 5836",
      "url": "http://dbiptv.sn.chinamobile.com/PLTV/88888890/224/3221225836/index.m3u8",
      "pic": "https://encrypted-tbn0.gstatic.com/images?q=tbn:ANd9GcQmDoq1TinsCfx1vpH-ZHi_9s0muacXfxbxmg&usqp=CAU",
      "parse": false
    },
    {
      "name": "BesTV 体育 5839",
      "url": "http://dbiptv.sn.chinamobile.com/PLTV/88888890/224/3221225839/index.m3u8",
      "pic": "https://encrypted-tbn0.gstatic.com/images?q=tbn:ANd9GcQmDoq1TinsCfx1vpH-ZHi_9s0muacXfxbxmg&usqp=CAU",
      "parse": false
    },
    {
      "name": "BesTV 体育 5845",
      "url": "http://dbiptv.sn.chinamobile.com/PLTV/88888890/224/3221225845/index.m3u8",
      "pic": "https://encrypted-tbn0.gstatic.com/images?q=tbn:ANd9GcQmDoq1TinsCfx1vpH-ZHi_9s0muacXfxbxmg&usqp=CAU",
      "parse": false
    },
    {
      "name": "BesTV 体育 5850",
      "url": "http://dbiptv.sn.chinamobile.com/PLTV/88888890/224/3221225850/index.m3u8",
      "pic": "https://encrypted-tbn0.gstatic.com/images?q=tbn:ANd9GcQmDoq1TinsCfx1vpH-ZHi_9s0muacXfxbxmg&usqp=CAU",
      "parse": false
    },
    {
      "name": "Pluto La Liga Premier | Paramount+",
      "url": "https://i.mjh.nz/PlutoTV/62d816fcf24d280008762ee9-alt.m3u8",
      "pic": "https://encrypted-tbn0.gstatic.com/images?q=tbn:ANd9GcQ8eE1A4ns7O24spCrmqcxJjLiMRVCWSZvmjA&usqp=CAU",
      "parse": false
    }
  ]
}
