{
  "data": [
    {
      "name": "ACL Cornhole TV",
      "url": "https://d35j504z0x2vu2.cloudfront.net/v1/master/0bc8e8376bd8417a1b6761138aa41c26c7309312/acl-cornhole-tv/CORNHOLETV_SCTE.m3u8",
      "pic": "https://encrypted-tbn0.gstatic.com/images?q=tbn:ANd9GcRU8eWYa4ZyRU_KibmhcfVT6Si8DltHSDhbCg&usqp=CAU",
      "parse": false
    },
    {
      "name": "Астрахань.Ru Sport",
      "url": "http://streaming.astrakhan.ru/astrakhanrusporthd/tracks-v5a1/index.m3u8",
      "pic": "https://encrypted-tbn0.gstatic.com/images?q=tbn:ANd9GcRU8eWYa4ZyRU_KibmhcfVT6Si8DltHSDhbCg&usqp=CAU",
      "parse": false
    },
    {
      "name": "Adventure Sports TV (360p)",
      "url": "https://gizmeon.s.llnwi.net/channellivev3/live/master.m3u8?channel=275",
      "pic": "https://encrypted-tbn0.gstatic.com/images?q=tbn:ANd9GcRU8eWYa4ZyRU_KibmhcfVT6Si8DltHSDhbCg&usqp=CAU",
      "parse": false
    },
    {
      "name": "Alfa Sport (Cyprus★Greek)",
      "url": "https://dev.aftermind.xyz/hls/unitrust/alfasports/index.m3u8?token=8TXWzhY3h6jrzqEqu",
      "pic": "https://encrypted-tbn0.gstatic.com/images?q=tbn:ANd9GcRU8eWYa4ZyRU_KibmhcfVT6Si8DltHSDhbCg&usqp=CAU",
      "parse": false
    },
    {
      "name": "All Sports (Brazil)",
      "url": "https://5cf4a2c2512a2.streamlock.net/dgrau/dgrau/playlist.m3u8",
      "pic": "https://encrypted-tbn0.gstatic.com/images?q=tbn:ANd9GcRU8eWYa4ZyRU_KibmhcfVT6Si8DltHSDhbCg&usqp=CAU",
      "parse": false
    },
    {
      "name": "All Sports Television Network (W14DK-D5)",
      "url": "https://2-fss-2.streamhoster.com/pl_118/204972-2205186-1/playlist.m3u8",
      "pic": "https://encrypted-tbn0.gstatic.com/images?q=tbn:ANd9GcRU8eWYa4ZyRU_KibmhcfVT6Si8DltHSDhbCg&usqp=CAU",
      "parse": false
    },
    {
      "name": "Antenna Sport (Romania) [Not 24/7]",
      "url": "https://stream1.antenaplay.ro/dfs/farasecrete5/playlist.m3u8",
      "pic": "https://encrypted-tbn0.gstatic.com/images?q=tbn:ANd9GcRU8eWYa4ZyRU_KibmhcfVT6Si8DltHSDhbCg&usqp=CAU",
      "parse": false
    },
    {
      "name": "Arryadia 3 (Morocco)",
      "url": "https://cdnamd-hls-globecast.akamaized.net/live/ramdisk/arriadia/hls_snrt/index.m3u8",
      "pic": "https://encrypted-tbn0.gstatic.com/images?q=tbn:ANd9GcRU8eWYa4ZyRU_KibmhcfVT6Si8DltHSDhbCg&usqp=CAU",
      "parse": false
    },
    {
      "name": "ATG (Sweden)",
      "url": "https://httpcache0-00688-cacheliveedge0.dna.qbrick.com/00688-cacheliveedge0/out/u/atg_sdi_1_free_3.m3u8",
      "pic": "https://encrypted-tbn0.gstatic.com/images?q=tbn:ANd9GcRU8eWYa4ZyRU_KibmhcfVT6Si8DltHSDhbCg&usqp=CAU",
      "parse": false
    },
    {
      "name": "ATN",
      "url": "https://d10rltuy0iweup.cloudfront.net/ATNINT/myStream/playlist.m3u8",
      "pic": "https://encrypted-tbn0.gstatic.com/images?q=tbn:ANd9GcRU8eWYa4ZyRU_KibmhcfVT6Si8DltHSDhbCg&usqp=CAU",
      "parse": false
    },
    {
      "name": "ATV Sport (Peru)",
      "url": "https://d2tr4gdfol9ja.cloudfront.net/atv/smil:atv.smil/playlist.m3u8",
      "pic": "https://encrypted-tbn0.gstatic.com/images?q=tbn:ANd9GcRU8eWYa4ZyRU_KibmhcfVT6Si8DltHSDhbCg&usqp=CAU",
      "parse": false
    },
    {
      "name": "beIN La Liga",
      "url": "http://93.152.174.144:4000/play/beinlaliga/index.m3u8",
      "pic": "https://encrypted-tbn0.gstatic.com/images?q=tbn:ANd9GcRU8eWYa4ZyRU_KibmhcfVT6Si8DltHSDhbCg&usqp=CAU",
      "parse": false
    },
    {
      "name": "Best Cable Sports (Peru)",
      "url": "https://tv.inka.net.pe/bestcablesports/bestcablesports/index.m3u8",
      "pic": "https://encrypted-tbn0.gstatic.com/images?q=tbn:ANd9GcRU8eWYa4ZyRU_KibmhcfVT6Si8DltHSDhbCg&usqp=CAU",
      "parse": false
    },
    {
      "name": "CF97 Soccer Live",
      "url": "https://d1sp4cpu5on4l7.cloudfront.net/out/v1/ec82e0a9c5564fb497366186c09052e5/index.m3u8",
      "pic": "https://encrypted-tbn0.gstatic.com/images?q=tbn:ANd9GcRU8eWYa4ZyRU_KibmhcfVT6Si8DltHSDhbCg&usqp=CAU",
      "parse": false
    },
    {
      "name": "CL Sports (Campus Lore)",
      "url": "https://linear-235.frequency.stream/dist/glewedtv/235/hls/master/playlist.m3u8",
      "pic": "https://encrypted-tbn0.gstatic.com/images?q=tbn:ANd9GcRU8eWYa4ZyRU_KibmhcfVT6Si8DltHSDhbCg&usqp=CAU",
      "parse": false
    },
    {
      "name": "DD Sports",
      "url": "http://103.199.161.254/Content/ddsports/Live/Channel(DDSPORTS)/index.m3u8",
      "pic": "https://encrypted-tbn0.gstatic.com/images?q=tbn:ANd9GcRU8eWYa4ZyRU_KibmhcfVT6Si8DltHSDhbCg&usqp=CAU",
      "parse": false
    },
    {
      "name": "DIGI Sport 1 (Romania)",
      "url": "http://84.17.61.203:8086/udp/238.2.25.79:1234",
      "pic": "https://encrypted-tbn0.gstatic.com/images?q=tbn:ANd9GcRU8eWYa4ZyRU_KibmhcfVT6Si8DltHSDhbCg&usqp=CAU",
      "parse": false
    },
    {
      "name": "DIGI Sport 2 (Romania)",
      "url": "http://84.17.61.203:8086/udp/238.2.25.78:1234",
      "pic": "https://encrypted-tbn0.gstatic.com/images?q=tbn:ANd9GcRU8eWYa4ZyRU_KibmhcfVT6Si8DltHSDhbCg&usqp=CAU",
      "parse": false
    },
    {
      "name": "DIGI Sport 3 (Romania)",
      "url": "http://84.17.61.203:8086/udp/238.2.25.90:1234",
      "pic": "https://encrypted-tbn0.gstatic.com/images?q=tbn:ANd9GcRU8eWYa4ZyRU_KibmhcfVT6Si8DltHSDhbCg&usqp=CAU",
      "parse": false
    },
    {
      "name": "Dubai Sports 1 (UAE)",
      "url": "https://dmitnthvll.cdn.mangomolo.com/dubaisports/smil:dubaisports.smil/index.m3u8",
      "pic": "https://encrypted-tbn0.gstatic.com/images?q=tbn:ANd9GcRU8eWYa4ZyRU_KibmhcfVT6Si8DltHSDhbCg&usqp=CAU",
      "parse": false
    },
    {
      "name": "Dubai Sports 2 (UAE)",
      "url": "https://dmitwlvvll.cdn.mangomolo.com/dubaisportshd/smil:dubaisportshd.smil/index.m3u8",
      "pic": "https://encrypted-tbn0.gstatic.com/images?q=tbn:ANd9GcRU8eWYa4ZyRU_KibmhcfVT6Si8DltHSDhbCg&usqp=CAU",
      "parse": false
    },
    {
      "name": "Dubai Sports 3 (UAE)",
      "url": "https://dmitwlvvll.cdn.mangomolo.com/dubaisportshd5/smil:dubaisportshd5.smil/index.m3u8",
      "pic": "https://encrypted-tbn0.gstatic.com/images?q=tbn:ANd9GcRU8eWYa4ZyRU_KibmhcfVT6Si8DltHSDhbCg&usqp=CAU",
      "parse": false
    },
    {
      "name": "EDGE Sport (UK)",
      "url": "https://edgesport-samsunguk.amagi.tv/playlist.m3u8",
      "pic": "https://encrypted-tbn0.gstatic.com/images?q=tbn:ANd9GcRU8eWYa4ZyRU_KibmhcfVT6Si8DltHSDhbCg&usqp=CAU",
      "parse": false
    },
    {
      "name": "EDGE Sport (US)",
      "url": "https://edgesport-samsungus.amagi.tv/playlist.m3u8",
      "pic": "https://encrypted-tbn0.gstatic.com/images?q=tbn:ANd9GcRU8eWYa4ZyRU_KibmhcfVT6Si8DltHSDhbCg&usqp=CAU",
      "parse": false
    },
    {
      "name": "ELEVEN 1 (Taiwan)",
      "url": "http://61.221.81.93:8078/hls/25/80/esport.m3u8",
      "pic": "https://encrypted-tbn0.gstatic.com/images?q=tbn:ANd9GcRU8eWYa4ZyRU_KibmhcfVT6Si8DltHSDhbCg&usqp=CAU",
      "parse": false
    },
    {
      "name": "ELEVEN 2 (Taiwan)",
      "url": "http://61.221.81.93:8078/hls/26/80/esport2.m3u8",
      "pic": "https://encrypted-tbn0.gstatic.com/images?q=tbn:ANd9GcRU8eWYa4ZyRU_KibmhcfVT6Si8DltHSDhbCg&usqp=CAU",
      "parse": false
    },
    {
      "name": "Fight Network (Canada)",
      "url": "https://d12a2vxqkkh1bo.cloudfront.net/hls/main.m3u8",
      "pic": "https://encrypted-tbn0.gstatic.com/images?q=tbn:ANd9GcRU8eWYa4ZyRU_KibmhcfVT6Si8DltHSDhbCg&usqp=CAU",
      "parse": false
    },
    {
      "name": "Fight Night (Somalia)",
      "url": "https://origin3.afxp.telemedia.co.za/PremiumFree/fightnight/playlist.m3u8",
      "pic": "https://encrypted-tbn0.gstatic.com/images?q=tbn:ANd9GcRU8eWYa4ZyRU_KibmhcfVT6Si8DltHSDhbCg&usqp=CAU",
      "parse": false
    },
    {
      "name": "Fight Spirit (US)",
      "url": "https://a.jsrdn.com/broadcast/47cff5378f/+0000/high/c.m3u8",
      "pic": "https://encrypted-tbn0.gstatic.com/images?q=tbn:ANd9GcRU8eWYa4ZyRU_KibmhcfVT6Si8DltHSDhbCg&usqp=CAU",
      "parse": false
    },
    {
      "name": "Fight Sports (Indonesia)",
      "url": "http://210.210.155.35:80/dr9445/h/h05/index.m3u8",
      "pic": "https://encrypted-tbn0.gstatic.com/images?q=tbn:ANd9GcRU8eWYa4ZyRU_KibmhcfVT6Si8DltHSDhbCg&usqp=CAU",
      "parse": false
    },
    {
      "name": "Fight Sports (US)",
      "url": "https://shls-fight-sports-ak.akamaized.net/out/v1/ee7e6475b12e484bbfa5c31461ad4306/index.m3u8",
      "pic": "https://encrypted-tbn0.gstatic.com/images?q=tbn:ANd9GcRU8eWYa4ZyRU_KibmhcfVT6Si8DltHSDhbCg&usqp=CAU",
      "parse": false
    },
    {
      "name": "FITE",
      "url": "https://cdn-cf.fite.tv/linear/fite247/playlist.m3u8",
      "pic": "https://encrypted-tbn0.gstatic.com/images?q=tbn:ANd9GcRU8eWYa4ZyRU_KibmhcfVT6Si8DltHSDhbCg&usqp=CAU",
      "parse": false
    },
    {
      "name": "Free Sports (UK) [Not 24/7]",
      "url": "https://d3cq7cdp2cfi92.cloudfront.net/v1/master/3722c60a815c199d9c0ef36c5b73da68a62b09d1/cc-2ff27mp9b8422-prod/hls-harvester2-1293-prod/us-east-1/cc-2ff27mp9b8422/master.m3u8",
      "pic": "https://encrypted-tbn0.gstatic.com/images?q=tbn:ANd9GcRU8eWYa4ZyRU_KibmhcfVT6Si8DltHSDhbCg&usqp=CAU",
      "parse": false
    },
    {
      "name": "FTF Sports (UK)",
      "url": "https://elevensports-uk.samsung.wurl.com/manifest/playlist.m3u8",
      "pic": "https://encrypted-tbn0.gstatic.com/images?q=tbn:ANd9GcRU8eWYa4ZyRU_KibmhcfVT6Si8DltHSDhbCg&usqp=CAU",
      "parse": false
    },
    {
      "name": "FTF Sports (US)",
      "url": "https://eleven-rebroadcast-samsung.roku.wurl.com/manifest/playlist.m3u8",
      "pic": "https://encrypted-tbn0.gstatic.com/images?q=tbn:ANd9GcRU8eWYa4ZyRU_KibmhcfVT6Si8DltHSDhbCg&usqp=CAU",
      "parse": false
    },
    {
      "name": "Hard Knocks (Canada)",
      "url": "https://d3uyzhwvmemdyf.cloudfront.net/v1/master/9d062541f2ff39b5c0f48b743c6411d25f62fc25/HardKnocks-PLEX/121.m3u8",
      "pic": "https://encrypted-tbn0.gstatic.com/images?q=tbn:ANd9GcRU8eWYa4ZyRU_KibmhcfVT6Si8DltHSDhbCg&usqp=CAU",
      "parse": false
    },
    {
      "name": "Highlight",
      "url": "http://210.210.155.35:80/uq2663/h/h09/index.m3u8",
      "pic": "https://encrypted-tbn0.gstatic.com/images?q=tbn:ANd9GcRU8eWYa4ZyRU_KibmhcfVT6Si8DltHSDhbCg&usqp=CAU",
      "parse": false
    },
    {
      "name": "HNC Free",
      "url": "https://hncfree-vizio.amagi.tv/playlist.m3u8",
      "pic": "https://encrypted-tbn0.gstatic.com/images?q=tbn:ANd9GcRU8eWYa4ZyRU_KibmhcfVT6Si8DltHSDhbCg&usqp=CAU",
      "parse": false
    },
    {
      "name": "Honor TV",
      "url": "https://a.jsrdn.com/broadcast/d5b48/+0000/high/c.m3u8",
      "pic": "https://encrypted-tbn0.gstatic.com/images?q=tbn:ANd9GcRU8eWYa4ZyRU_KibmhcfVT6Si8DltHSDhbCg&usqp=CAU",
      "parse": false
    },
    {
      "name": "НТВ+ Спорт",
      "url": "https://live-k2301-kbp.1plus1.video/sport/smil:sport.smil/playlist.m3u8",
      "pic": "https://encrypted-tbn0.gstatic.com/images?q=tbn:ANd9GcRU8eWYa4ZyRU_KibmhcfVT6Si8DltHSDhbCg&usqp=CAU",
      "parse": false
    },
    {
      "name": "Idman TV (Azerbaijan)",
      "url": "http://109.205.166.68/server124/idman_az/index.m3u8",
      "pic": "https://encrypted-tbn0.gstatic.com/images?q=tbn:ANd9GcRU8eWYa4ZyRU_KibmhcfVT6Si8DltHSDhbCg&usqp=CAU",
      "parse": false
    },
    {
      "name": "IMPACT! Wrestling ①",
      "url": "https://d2p372oxiwmcn1.cloudfront.net/hls/main.m3u8",
      "pic": "https://encrypted-tbn0.gstatic.com/images?q=tbn:ANd9GcRU8eWYa4ZyRU_KibmhcfVT6Si8DltHSDhbCg&usqp=CAU",
      "parse": false
    },
    {
      "name": "IMPACT! Wrestling ②",
      "url": "https://d2tuwvs0ja335j.cloudfront.net/hls/1080p/playlist.m3u8",
      "pic": "https://encrypted-tbn0.gstatic.com/images?q=tbn:ANd9GcRU8eWYa4ZyRU_KibmhcfVT6Si8DltHSDhbCg&usqp=CAU",
      "parse": false
    },
    {
      "name": "InBites (India)",
      "url": "https://inshort-samsungindia.amagi.tv/playlist.m3u8",
      "pic": "https://encrypted-tbn0.gstatic.com/images?q=tbn:ANd9GcRU8eWYa4ZyRU_KibmhcfVT6Si8DltHSDhbCg&usqp=CAU",
      "parse": false
    },
    {
      "name": "InTrouble (Australia)",
      "url": "https://introuble-samsungau.amagi.tv/playlist.m3u8",
      "pic": "https://encrypted-tbn0.gstatic.com/images?q=tbn:ANd9GcRU8eWYa4ZyRU_KibmhcfVT6Si8DltHSDhbCg&usqp=CAU",
      "parse": false
    },
    {
      "name": "Japan Pro Wrestling World",
      "url": "https://aka-amd-njpwworld-hls-enlive.akamaized.net/hls/video/njpw_en/njpw_en_channel01_3/playlist_DVR.m3u8",
      "pic": "https://encrypted-tbn0.gstatic.com/images?q=tbn:ANd9GcRU8eWYa4ZyRU_KibmhcfVT6Si8DltHSDhbCg&usqp=CAU",
      "parse": false
    },
    {
      "name": "KBP Sports (US)",
      "url": "https://live-k2302-kbp.1plus1.video/sport/smil:sport.smil/playlist.m3u8",
      "pic": "https://encrypted-tbn0.gstatic.com/images?q=tbn:ANd9GcRU8eWYa4ZyRU_KibmhcfVT6Si8DltHSDhbCg&usqp=CAU",
      "parse": false
    },
    {
      "name": "KSA Sports 1 (Saudi Arabia)",
      "url": "https://edge.taghtia.com/sa/9.m3u8",
      "pic": "https://encrypted-tbn0.gstatic.com/images?q=tbn:ANd9GcRU8eWYa4ZyRU_KibmhcfVT6Si8DltHSDhbCg&usqp=CAU",
      "parse": false
    },
    {
      "name": "KSA Sports 2 (Saudi Arabia)",
      "url": "https://edge.taghtia.com/sa/10.m3u8",
      "pic": "https://encrypted-tbn0.gstatic.com/images?q=tbn:ANd9GcRU8eWYa4ZyRU_KibmhcfVT6Si8DltHSDhbCg&usqp=CAU",
      "parse": false
    },
    {
      "name": "KTV Sports (Kuwait)",
      "url": "http://free.fullspeed.tv/iptv-query?streaming-ip=https://www.media.gov.kw/LiveTV.aspx?PanChannel=KTVSports",
      "pic": "https://encrypted-tbn0.gstatic.com/images?q=tbn:ANd9GcRU8eWYa4ZyRU_KibmhcfVT6Si8DltHSDhbCg&usqp=CAU",
      "parse": false
    },
    {
      "name": "KTV Sports Plus (Kuwait)",
      "url": "http://free.fullspeed.tv/iptv-query?streaming-ip=https://www.media.gov.kw/LiveTV.aspx?PanChannel=KTVSportPlus",
      "pic": "https://encrypted-tbn0.gstatic.com/images?q=tbn:ANd9GcRU8eWYa4ZyRU_KibmhcfVT6Si8DltHSDhbCg&usqp=CAU",
      "parse": false
    },
    {
      "name": "Lax Sports Network TV",
      "url": "https://1840769862.rsc.cdn77.org/FTF/LSN_SCTE.m3u8",
      "pic": "https://encrypted-tbn0.gstatic.com/images?q=tbn:ANd9GcRU8eWYa4ZyRU_KibmhcfVT6Si8DltHSDhbCg&usqp=CAU",
      "parse": false
    },
    {
      "name": "LFM TV (Switzerland)",
      "url": "http://lfmmd.vedge.infomaniak.com/livecast/smil:lfmmd.smil/manifest.m3u8",
      "pic": "https://encrypted-tbn0.gstatic.com/images?q=tbn:ANd9GcRU8eWYa4ZyRU_KibmhcfVT6Si8DltHSDhbCg&usqp=CAU",
      "parse": false
    },
    {
      "name": "Lo Mejor De La Liga Mexico",
      "url": "https://linear-193.frequency.stream/193/hls/master/playlist.m3u8",
      "pic": "https://encrypted-tbn0.gstatic.com/images?q=tbn:ANd9GcRU8eWYa4ZyRU_KibmhcfVT6Si8DltHSDhbCg&usqp=CAU",
      "parse": false
    },
    {
      "name": "MavTV Global (Netherlands)",
      "url": "https://mavtv-mavtvglobal-1-nl.samsung.wurl.tv/playlist.m3u8",
      "pic": "https://encrypted-tbn0.gstatic.com/images?q=tbn:ANd9GcRU8eWYa4ZyRU_KibmhcfVT6Si8DltHSDhbCg&usqp=CAU",
      "parse": false
    },
    {
      "name": "MavTV Global (New Zealand)",
      "url": "https://mavtv-mavtvglobal-1-nz.samsung.wurl.tv/playlist.m3u8",
      "pic": "https://encrypted-tbn0.gstatic.com/images?q=tbn:ANd9GcRU8eWYa4ZyRU_KibmhcfVT6Si8DltHSDhbCg&usqp=CAU",
      "parse": false
    },
    {
      "name": "MBC Sports Box",
      "url": "http://live1.streamk.co:8080/sportsbox_preview/live55/playlist.m3u8?site=gaktv&ch=live53",
      "pic": "https://encrypted-tbn0.gstatic.com/images?q=tbn:ANd9GcRU8eWYa4ZyRU_KibmhcfVT6Si8DltHSDhbCg&usqp=CAU",
      "parse": false
    },
    {
      "name": "MMA Junkie (US)",
      "url": "https://a.jsrdn.com/broadcast/80f6ba72c8/+0000/high/c.m3u8",
      "pic": "https://encrypted-tbn0.gstatic.com/images?q=tbn:ANd9GcRU8eWYa4ZyRU_KibmhcfVT6Si8DltHSDhbCg&usqp=CAU",
      "parse": false
    },
    {
      "name": "MostVideo.TV",
      "url": "http://w4.mostvideo.tv/tv/ch1.m3u8",
      "pic": "https://encrypted-tbn0.gstatic.com/images?q=tbn:ANd9GcRU8eWYa4ZyRU_KibmhcfVT6Si8DltHSDhbCg&usqp=CAU",
      "parse": false
    },
    {
      "name": "Mortor1 TV",
      "url": "http://210.210.155.35:80/uq2663/h/h09/index.m3u8",
      "pic": "https://encrypted-tbn0.gstatic.com/images?q=tbn:ANd9GcRU8eWYa4ZyRU_KibmhcfVT6Si8DltHSDhbCg&usqp=CAU",
      "parse": false
    },
    {
      "name": "Motorvision (576p)",
      "url": "http://210.210.155.35:80/uq2663/h/h09/index.m3u8",
      "pic": "https://encrypted-tbn0.gstatic.com/images?q=tbn:ANd9GcRU8eWYa4ZyRU_KibmhcfVT6Si8DltHSDhbCg&usqp=CAU",
      "parse": false
    },
    {
      "name": "Motorvision.TV (New Zealand)",
      "url": "https://cdn-apse1-prod.tsv2.amagi.tv/linear/amg01329-otterainc-motorvisionnz-samsungnz/playlist.m3u8",
      "pic": "https://encrypted-tbn0.gstatic.com/images?q=tbn:ANd9GcRU8eWYa4ZyRU_KibmhcfVT6Si8DltHSDhbCg&usqp=CAU",
      "parse": false
    },
    {
      "name": "Mtrspt 1 (Australia)",
      "url": "https://kravemedia-mtrspt1-1-au.samsung.wurl.tv/playlist.m3u8",
      "pic": "https://encrypted-tbn0.gstatic.com/images?q=tbn:ANd9GcRU8eWYa4ZyRU_KibmhcfVT6Si8DltHSDhbCg&usqp=CAU",
      "parse": false
    },
    {
      "name": "Mtrspt 1 (New Zealand)",
      "url": "https://kravemedia-mtrspt1-1-nz.samsung.wurl.tv/playlist.m3u8",
      "pic": "https://encrypted-tbn0.gstatic.com/images?q=tbn:ANd9GcRU8eWYa4ZyRU_KibmhcfVT6Si8DltHSDhbCg&usqp=CAU",
      "parse": false
    },
    {
      "name": "MUTV",
      "url": "https://bcovlive-a.akamaihd.net/r2d2c4ca5bf57456fb1d16255c1a535c8/eu-west-1/6058004203001/playlist.m3u8",
      "pic": "https://encrypted-tbn0.gstatic.com/images?q=tbn:ANd9GcSmY4cYj9LaRyFv9heQUniWGmSoGAEuPTfbkw&usqp=CAU",
      "parse": false
    },
    {
      "name": "MZ Sports (Costa Rica)",
      "url": "https://cloudvideo.servers10.com:8081/8248/tracks-v1a1/mono.m3u8",
      "pic": "https://encrypted-tbn0.gstatic.com/images?q=tbn:ANd9GcRU8eWYa4ZyRU_KibmhcfVT6Si8DltHSDhbCg&usqp=CAU",
      "parse": false
    },
    {
      "name": "NFL Podcast",
      "url": "https://livevideo01.wtsp.com/hls/live/2015503/newscasts/live.m3u8",
      "pic": "https://encrypted-tbn0.gstatic.com/images?q=tbn:ANd9GcRU8eWYa4ZyRU_KibmhcfVT6Si8DltHSDhbCg&usqp=CAU",
      "parse": false
    },
    {
      "name": "Oman Sports TV",
      "url": "https://partne.cdn.mangomolo.com/omsport/smil:omsport.stream.smil/playlist.m3u8",
      "pic": "https://encrypted-tbn0.gstatic.com/images?q=tbn:ANd9GcRU8eWYa4ZyRU_KibmhcfVT6Si8DltHSDhbCg&usqp=CAU",
      "parse": false
    },
    {
      "name": "One Golf",
      "url": "http://162.250.201.58:6211/pk/ONEGOLF/index.m3u8",
      "pic": "https://encrypted-tbn0.gstatic.com/images?q=tbn:ANd9GcRU8eWYa4ZyRU_KibmhcfVT6Si8DltHSDhbCg&usqp=CAU",
      "parse": false
    },
    {
      "name": "Pac 12 Insider",
      "url": "https://pac12-sportstribal.amagi.tv/playlist.m3u8",
      "pic": "https://encrypted-tbn0.gstatic.com/images?q=tbn:ANd9GcRU8eWYa4ZyRU_KibmhcfVT6Si8DltHSDhbCg&usqp=CAU",
      "parse": false
    },
    {
      "name": "Players TV (Canada)",
      "url": "https://playerstv-vizio.amagi.tv/playlist.m3u8",
      "pic": "https://encrypted-tbn0.gstatic.com/images?q=tbn:ANd9GcRU8eWYa4ZyRU_KibmhcfVT6Si8DltHSDhbCg&usqp=CAU",
      "parse": false
    },
    {
      "name": "Real Madrid TV (Spain)",
      "url": "https://live-news-manifest.tubi.video/live-news-manifest/csm/extlive/tubiprd01,Real-Madrid.m3u8",
      "pic": "https://encrypted-tbn0.gstatic.com/images?q=tbn:ANd9GcRuLkWQ-XnT5-ozoGABaHiSlgVgEUD5t7xdHg&usqp=CAU",
      "parse": false
    },
    {
      "name": "Red Bull Ski TV (Japan)",
      "url": "https://d2xeo83q8fcni6.cloudfront.net/v1/master/9d062541f2ff39b5c0f48b743c6411d25f62fc25/SkiTV-SynapseTV/193.m3u8",
      "pic": "https://encrypted-tbn0.gstatic.com/images?q=tbn:ANd9GcRU8eWYa4ZyRU_KibmhcfVT6Si8DltHSDhbCg&usqp=CAU",
      "parse": false
    },
    {
      "name": "Red Bull TV (Austria)",
      "url": "https://rbmn-live.akamaized.net/hls/live/590964/BoRB-AT/master_928.m3u8",
      "pic": "https://encrypted-tbn0.gstatic.com/images?q=tbn:ANd9GcRU8eWYa4ZyRU_KibmhcfVT6Si8DltHSDhbCg&usqp=CAU",
      "parse": false
    },
    {
      "name": "Rev'n",
      "url": "https://bcovlive-a.akamaihd.net/a71236fdda1747999843bd3d55bdd6fa/us-east-1/6183977686001/playlist.m3u8",
      "pic": "https://encrypted-tbn0.gstatic.com/images?q=tbn:ANd9GcRU8eWYa4ZyRU_KibmhcfVT6Si8DltHSDhbCg&usqp=CAU",
      "parse": false
    },
    {
      "name": "RNTV (Right Now)",
      "url": "https://rebroadcast.mytvtogo.net/mytvtogo/rebroadcastrightnowtv/playlist.m3u8",
      "pic": "https://encrypted-tbn0.gstatic.com/images?q=tbn:ANd9GcRU8eWYa4ZyRU_KibmhcfVT6Si8DltHSDhbCg&usqp=CAU",
      "parse": false
    },
    {
      "name": "Rostovpapa (Russia)",
      "url": "http://live-rostovpapa.cdnvideo.ru/rostovpapa/rostovpapa.sdp/playlist.m3u8",
      "pic": "https://encrypted-tbn0.gstatic.com/images?q=tbn:ANd9GcRU8eWYa4ZyRU_KibmhcfVT6Si8DltHSDhbCg&usqp=CAU",
      "parse": false
    },
    {
      "name": "RPM (Somalia)",
      "url": "https://origin3.afxp.telemedia.co.za/PremiumFree/rpm/playlist.m3u8",
      "pic": "https://encrypted-tbn0.gstatic.com/images?q=tbn:ANd9GcRU8eWYa4ZyRU_KibmhcfVT6Si8DltHSDhbCg&usqp=CAU",
      "parse": false
    },
    {
      "name": "RTV San Marino Sport (Italy)",
      "url": "https://d2hrvno5bw6tg2.cloudfront.net/smrtv-ch02/smil:ch-02.smil/master.m3u8",
      "pic": "https://encrypted-tbn0.gstatic.com/images?q=tbn:ANd9GcRU8eWYa4ZyRU_KibmhcfVT6Si8DltHSDhbCg&usqp=CAU",
      "parse": false
    },
    {
      "name": "Rugby Sevens (Men)",
      "url": "https://esmhls1-i.akamaihd.net/hls/live/510580/hls1/playlist.m3u8",
      "pic": "https://encrypted-tbn0.gstatic.com/images?q=tbn:ANd9GcRU8eWYa4ZyRU_KibmhcfVT6Si8DltHSDhbCg&usqp=CAU",
      "parse": false
    },
    {
      "name": "Rugby Sevens (Women)",
      "url": "https://esmhls2-i.akamaihd.net/hls/live/510581/hls2/playlist.m3u8",
      "pic": "https://encrypted-tbn0.gstatic.com/images?q=tbn:ANd9GcRU8eWYa4ZyRU_KibmhcfVT6Si8DltHSDhbCg&usqp=CAU",
      "parse": false
    },
    {
      "name": "Rugby World TV",
      "url": "https://esmhls3-i.akamaihd.net/hls/live/510582/hls3/playlist.m3u8",
      "pic": "https://encrypted-tbn0.gstatic.com/images?q=tbn:ANd9GcRU8eWYa4ZyRU_KibmhcfVT6Si8DltHSDhbCg&usqp=CAU",
      "parse": false
    },
    {
      "name": "Sharjah Sports TV (UAE)",
      "url": "https://svs.itworkscdn.net/smc4sportslive/smc4.smil/playlist.m3u8",
      "pic": "https://encrypted-tbn0.gstatic.com/images?q=tbn:ANd9GcRU8eWYa4ZyRU_KibmhcfVT6Si8DltHSDhbCg&usqp=CAU",
      "parse": false
    },
    {
      "name": "Ski TV",
      "url": "https://d2xeo83q8fcni6.cloudfront.net/v1/master/9d062541f2ff39b5c0f48b743c6411d25f62fc25/SkiTV-Zee/193.m3u8",
      "pic": "https://encrypted-tbn0.gstatic.com/images?q=tbn:ANd9GcRU8eWYa4ZyRU_KibmhcfVT6Si8DltHSDhbCg&usqp=CAU",
      "parse": false
    },
    {
      "name": "Sports Grid (UK)",
      "url": "https://sportsgrid-plex.amagi.tv/hls/amagi_hls_data_plexAAAAA-sportsgrid-plex/CDN/playlist.m3u8",
      "pic": "https://encrypted-tbn0.gstatic.com/images?q=tbn:ANd9GcRU8eWYa4ZyRU_KibmhcfVT6Si8DltHSDhbCg&usqp=CAU",
      "parse": false
    },
    {
      "name": "Sports News Highlights (US)",
      "url": "https://cdn-uw2-prod.tsv2.amagi.tv/linear/amg01756-newsnet-sportsnewshigh-ono/playlist.m3u8",
      "pic": "https://encrypted-tbn0.gstatic.com/images?q=tbn:ANd9GcRU8eWYa4ZyRU_KibmhcfVT6Si8DltHSDhbCg&usqp=CAU",
      "parse": false
    },
    {
      "name": "Sports Tonight (UK★576p) [Not 24/7]",
      "url": "http://sports.ashttp9.visionip.tv/live/visiontvuk-sports-sportstonightlive-hsslive-25f-4x3-SD/chunklist.m3u8",
      "pic": "https://encrypted-tbn0.gstatic.com/images?q=tbn:ANd9GcRU8eWYa4ZyRU_KibmhcfVT6Si8DltHSDhbCg&usqp=CAU",
      "parse": false
    },
    {
      "name": "Sports TV (Turkey)",
      "url": "https://live.sportstv.com.tr/hls/low/sportstv.m3u8",
      "pic": "https://encrypted-tbn0.gstatic.com/images?q=tbn:ANd9GcRU8eWYa4ZyRU_KibmhcfVT6Si8DltHSDhbCg&usqp=CAU",
      "parse": false
    },
    {
      "name": "Sportskool TV (US)",
      "url": "https://a.jsrdn.com/broadcast/fabeab4b08/+0000/high/c.m3u8",
      "pic": "https://encrypted-tbn0.gstatic.com/images?q=tbn:ANd9GcRU8eWYa4ZyRU_KibmhcfVT6Si8DltHSDhbCg&usqp=CAU",
      "parse": false
    },
    {
      "name": "SporTV 2 (Denmark)",
      "url": "http://23.237.10.66:16180",
      "pic": "https://encrypted-tbn0.gstatic.com/images?q=tbn:ANd9GcRU8eWYa4ZyRU_KibmhcfVT6Si8DltHSDhbCg&usqp=CAU",
      "parse": false
    },
    {
      "name": "Sporty Stuff TV (UK)",
      "url": "https://ayozat-live.secure2.footprint.net/egress/bhandler/ayozat/sportystufftv/playlist.m3u8",
      "pic": "https://encrypted-tbn0.gstatic.com/images?q=tbn:ANd9GcRU8eWYa4ZyRU_KibmhcfVT6Si8DltHSDhbCg&usqp=CAU",
      "parse": false
    },
    {
      "name": "SPOTV (Hong Kong)",
      "url": "https://bcovlive-a.akamaihd.net/99545824f51f4c1592b35314c6ece3b0/ap-northeast-1/6271486521001/playlist.m3u8",
      "pic": "https://encrypted-tbn0.gstatic.com/images?q=tbn:ANd9GcRU8eWYa4ZyRU_KibmhcfVT6Si8DltHSDhbCg&usqp=CAU",
      "parse": false
    },
    {
      "name": "SPOTV2 (Hong Kong)",
      "url": "https://bcovlive-a.akamaihd.net/48eee16919834d3b97df1082a649bcfa/ap-northeast-1/6271486521001/playlist.m3u8",
      "pic": "https://encrypted-tbn0.gstatic.com/images?q=tbn:ANd9GcRU8eWYa4ZyRU_KibmhcfVT6Si8DltHSDhbCg&usqp=CAU",
      "parse": false
    },
    {
      "name": "Stadium",
      "url": "https://stadium.samsung.wurl.com/manifest/playlist.m3u8",
      "pic": "https://encrypted-tbn0.gstatic.com/images?q=tbn:ANd9GcRU8eWYa4ZyRU_KibmhcfVT6Si8DltHSDhbCg&usqp=CAU",
      "parse": false
    },
    {
      "name": "Strongman Champions League (Netherlands)",
      "url": "https://rightsboosterltd-scl-1-nl.samsung.wurl.tv/playlist.m3u8",
      "pic": "https://encrypted-tbn0.gstatic.com/images?q=tbn:ANd9GcRU8eWYa4ZyRU_KibmhcfVT6Si8DltHSDhbCg&usqp=CAU",
      "parse": false
    },
    {
      "name": "Super Tennis",
      "url": "https://supertennix-l3-live1.secure.footprint.net/restreamer/supertennix_client/gpu-a-c0-16/restreamer/rtmp/hls/h24_supertennix/manifest.m3u8",
      "pic": "https://encrypted-tbn0.gstatic.com/images?q=tbn:ANd9GcRU8eWYa4ZyRU_KibmhcfVT6Si8DltHSDhbCg&usqp=CAU",
      "parse": false
    },
    {
      "name": "Swerve Sports",
      "url": "https://linear-253.frequency.stream/dist/glewedtv/253/hls/master/playlist.m3u8",
      "pic": "https://encrypted-tbn0.gstatic.com/images?q=tbn:ANd9GcRU8eWYa4ZyRU_KibmhcfVT6Si8DltHSDhbCg&usqp=CAU",
      "parse": false
    },
    {
      "name": "Tennis Channel (UK)",
      "url": "https://tennischannel-int-samsunguk.amagi.tv/playlist.m3u8",
      "pic": "https://encrypted-tbn0.gstatic.com/images?q=tbn:ANd9GcRU8eWYa4ZyRU_KibmhcfVT6Si8DltHSDhbCg&usqp=CAU",
      "parse": false
    },
    {
      "name": "TNT Sports ① (Brazil)",
      "url": "https://glxlmn026c.singularcdn.net.br/playout_01/playlist-720p.m3u8",
      "pic": "https://encrypted-tbn0.gstatic.com/images?q=tbn:ANd9GcRU8eWYa4ZyRU_KibmhcfVT6Si8DltHSDhbCg&usqp=CAU",
      "parse": false
    },
    {
      "name": "TNT Sports ② (Brazil)",
      "url": "https://glxlmn026c.singularcdn.net.br/playout_02/playlist.m3u8",
      "pic": "https://encrypted-tbn0.gstatic.com/images?q=tbn:ANd9GcRU8eWYa4ZyRU_KibmhcfVT6Si8DltHSDhbCg&usqp=CAU",
      "parse": false
    },
    {
      "name": "TNT Sports ③ (Brazil)",
      "url": "https://glxlmn026c.singularcdn.net.br/playout_03/playlist.m3u8",
      "pic": "https://encrypted-tbn0.gstatic.com/images?q=tbn:ANd9GcRU8eWYa4ZyRU_KibmhcfVT6Si8DltHSDhbCg&usqp=CAU",
      "parse": false
    },
    {
      "name": "TNT Sports ④ (Brazil)",
      "url": "https://glxlmn026c.singularcdn.net.br/playout_04/playlist.m3u8",
      "pic": "https://encrypted-tbn0.gstatic.com/images?q=tbn:ANd9GcRU8eWYa4ZyRU_KibmhcfVT6Si8DltHSDhbCg&usqp=CAU",
      "parse": false
    },
    {
      "name": "TNT Sports ⑤ (Brazil)",
      "url": "https://glxlmn026c.singularcdn.net.br/playout_05/playlist.m3u8",
      "pic": "https://encrypted-tbn0.gstatic.com/images?q=tbn:ANd9GcRU8eWYa4ZyRU_KibmhcfVT6Si8DltHSDhbCg&usqp=CAU",
      "parse": false
    },
    {
      "name": "Trace Sport Stars (New Zealand)",
      "url": "https://trace-sportstars-samsungnz.amagi.tv/playlist.m3u8",
      "pic": "https://encrypted-tbn0.gstatic.com/images?q=tbn:ANd9GcRU8eWYa4ZyRU_KibmhcfVT6Si8DltHSDhbCg&usqp=CAU",
      "parse": false
    },
    {
      "name": "Türkmenistan Sport",
      "url": "http://217.174.225.146/hls/ch004_720/index.m3u8?q=?seg-user-zona-iptv.ru-v1-a1.m3u8",
      "pic": "https://encrypted-tbn0.gstatic.com/images?q=tbn:ANd9GcRU8eWYa4ZyRU_KibmhcfVT6Si8DltHSDhbCg&usqp=CAU",
      "parse": false
    },
    {
      "name": "TV2 Sporten (Norway)",
      "url": "https://ws31-hls-live.akamaized.net/out/u/1416253.m3u8",
      "pic": "https://encrypted-tbn0.gstatic.com/images?q=tbn:ANd9GcRU8eWYa4ZyRU_KibmhcfVT6Si8DltHSDhbCg&usqp=CAU",
      "parse": false
    },
    {
      "name": "TVRI Sport (Indonesia)",
      "url": "http://ott.tvri.co.id/Content/HLS/Live/Channel(TVRI4)/index.m3u8",
      "pic": "https://encrypted-tbn0.gstatic.com/images?q=tbn:ANd9GcRU8eWYa4ZyRU_KibmhcfVT6Si8DltHSDhbCg&usqp=CAU",
      "parse": false
    },
    {
      "name": "Unbeaten",
      "url": "https://unbeaten-roku.amagi.tv/playlist.m3u8",
      "pic": "https://encrypted-tbn0.gstatic.com/images?q=tbn:ANd9GcRU8eWYa4ZyRU_KibmhcfVT6Si8DltHSDhbCg&usqp=CAU",
      "parse": false
    },
    {
      "name": "USA Today SportsWire",
      "url": "https://live-news-manifest.tubi.video/live-news-manifest/csm/extlive/tubiprd01,Sportswire.m3u8",
      "pic": "https://encrypted-tbn0.gstatic.com/images?q=tbn:ANd9GcRU8eWYa4ZyRU_KibmhcfVT6Si8DltHSDhbCg&usqp=CAU",
      "parse": false
    },
    {
      "name": "VSiN",
      "url": "https://stream.rcncdn.com/live/vsinproxy.m3u8",
      "pic": "https://encrypted-tbn0.gstatic.com/images?q=tbn:ANd9GcRU8eWYa4ZyRU_KibmhcfVT6Si8DltHSDhbCg&usqp=CAU",
      "parse": false
    },
    {
      "name": "World of Freeports",
      "url": "https://a.jsrdn.com/broadcast/ab14783a09/+0000/high/c.m3u8",
      "pic": "https://encrypted-tbn0.gstatic.com/images?q=tbn:ANd9GcRU8eWYa4ZyRU_KibmhcfVT6Si8DltHSDhbCg&usqp=CAU",
      "parse": false
    },
    {
      "name": "World Poker Tour (Netherlands)",
      "url": "https://wpt-theworldpokertour-1-nl.samsung.wurl.tv/playlist.m3u8",
      "pic": "https://encrypted-tbn0.gstatic.com/images?q=tbn:ANd9GcRU8eWYa4ZyRU_KibmhcfVT6Si8DltHSDhbCg&usqp=CAU",
      "parse": false
    },
    {
      "name": "Wrestling Woman ① (Japan)",
      "url": "https://akm-tct.douyucdn.cn/live/425809rxbkkBIold.m3u8?uuid=",
      "pic": "https://encrypted-tbn0.gstatic.com/images?q=tbn:ANd9GcRU8eWYa4ZyRU_KibmhcfVT6Si8DltHSDhbCg&usqp=CAU",
      "parse": false
    },
    {
      "name": "Wrestling Woman ② (Japan)",
      "url": "http://aldirect.corp-hls.huya.com/src/1524439830-1524439830-6547419214569799680-3049003116-10057-A-0-1.m3u8??",
      "pic": "https://encrypted-tbn0.gstatic.com/images?q=tbn:ANd9GcRU8eWYa4ZyRU_KibmhcfVT6Si8DltHSDhbCg&usqp=CAU",
      "parse": false
    },
    {
      "name": "Bumblebee Epic M",
      "url": "https://stitcheraws.unreel.me/wse-node02.powr.com/live/5bf22225d5eeee0f5a40941d/playlist.m3u8",
      "pic": "https://encrypted-tbn0.gstatic.com/images?q=tbn:ANd9GcRohN2sbpPHRpeKzNQGn4AH0mcSZbnOYC5qdg&usqp=CAU",
      "parse": false
    },
    {
      "name": "Pluto Action Sports",
      "url": "https://service-stitcher.clusters.pluto.tv/stitch/hls/channel/5be1be871843b56328bc3ef1/master.m3u8?advertisingId=&appName=web&appStoreUrl=&appVersion=DNT&app_name=&architecture=&buildVersion=&deviceDNT=1&deviceId=5be1be871843b56328bc3ef1&deviceLat=&deviceLon=&deviceMake=web&deviceModel=web&deviceType=web&deviceVersion=DNT&includeExtendedEvents=false&marketingRegion=DE&serverSideAds=false&sid=8a1b4593-8596-4ff8-8720-2c3271ea36ca&terminate=false&userId=",
      "pic": "https://encrypted-tbn0.gstatic.com/images?q=tbn:ANd9GcQ8eE1A4ns7O24spCrmqcxJjLiMRVCWSZvmjA&usqp=CAU",
      "parse": false
    },
    {
      "name": "Pluto beIN Sports Xtra",
      "url": "https://service-stitcher.clusters.pluto.tv/stitch/hls/channel/5df975e2b27cf5000921c102/master.m3u8?deviceType=web&deviceMake=Opera&deviceModel=Opera&sid=855d6801-c912-428d-b620-ede4dd0c3b15&deviceId=b702181a-c1d6-4ee2-9481-753f471e2ce7&deviceVersion=66.0.3515.44&appVersion=2.9.3-b879e400d5df7a969d4bff8863fe5cb02c7120e6&deviceDNT=0&userId=&advertisingId=&deviceLat=40.8364&deviceLon=-74.1403&app_name=&appName=web&buildVersion=&appStoreUrl=&architecture=&includeExtendedEvents=false&serverSideAds=true",
      "pic": "https://encrypted-tbn0.gstatic.com/images?q=tbn:ANd9GcQ8eE1A4ns7O24spCrmqcxJjLiMRVCWSZvmjA&usqp=CAU",
      "parse": false
    },
    {
      "name": "Pluto Bellator MMA",
      "url": "https://service-stitcher.clusters.pluto.tv/v1/stitch/embed/hls/channel/5ebc8688f3697d00072f7cf8/master.m3u8?advertisingId=channel&appName=rokuchannel&appVersion=1.0&bmodel=bm1&channel_id=channel&content=channel&content_rating=ROKU_ADS_CONTENT_RATING&content_type=livefeed&coppa=false&deviceDNT=1&deviceId=channel&deviceMake=rokuChannel&deviceModel=web&deviceType=rokuChannel&deviceVersion=1.0&embedPartner=rokuChannel&genre=ROKU_ADS_CONTENT_GENRE&is_lat=1&platform=web&rdid=channel&studio_id=viacom&tags=ROKU_CONTENT_TAGS&already_redirected=true",
      "pic": "https://encrypted-tbn0.gstatic.com/images?q=tbn:ANd9GcQ8eE1A4ns7O24spCrmqcxJjLiMRVCWSZvmjA&usqp=CAU",
      "parse": false
    },
    {
      "name": "Pluto Combate World",
      "url": "https://service-stitcher.clusters.pluto.tv/stitch/hls/channel/5bb1ac3e268cae539bcedb07/master.m3u8?advertisingId=&appName=web&appStoreUrl=&appVersion=DNT&app_name=&architecture=&buildVersion=&deviceDNT=0&deviceId=5bb1ac3e268cae539bcedb07&deviceLat=&deviceLon=&deviceMake=web&deviceModel=web&deviceType=web&deviceVersion=DNT&includeExtendedEvents=false&marketingRegion=US&serverSideAds=false&sid=970&terminate=false&userId=",
      "pic": "https://encrypted-tbn0.gstatic.com/images?q=tbn:ANd9GcQ8eE1A4ns7O24spCrmqcxJjLiMRVCWSZvmjA&usqp=CAU",
      "parse": false
    },
    {
      "name": "Pluto Deportes",
      "url": "https://service-stitcher.clusters.pluto.tv/stitch/hls/channel/5dcde07af1c85b0009b18651/master.m3u8?advertisingId=&appName=web&appVersion=5.14.0-0f5ca04c21649b8c8aad4e56266a23b96d73b83a&app_name=web&clientDeviceType=0&clientID=6fbead95-26b1-415d-998f-1bdef62d10be&clientModelNumber=na&deviceDNT=false&deviceId=6fbead95-26b1-415d-998f-1bdef62d10be&deviceLat=19.4358&deviceLon=-99.1441&deviceMake=Chrome&deviceModel=web&deviceType=web&deviceVersion=88.0.4324.150&marketingRegion=VE&serverSideAds=false&sessionID=b8e5a857-714a-11eb-b532-0242ac110002&sid=b8e5a857-714a-11eb-b532-0242ac110002&userId=",
      "pic": "https://encrypted-tbn0.gstatic.com/images?q=tbn:ANd9GcQ8eE1A4ns7O24spCrmqcxJjLiMRVCWSZvmjA&usqp=CAU",
      "parse": false
    },
    {
      "name": "Pluto Fight",
      "url": "https://service-stitcher.clusters.pluto.tv/stitch/hls/channel/5812b0f2237a6ff45d16c3f9/master.m3u8?advertisingId=&appName=web&appStoreUrl=&appVersion=DNT&app_name=&architecture=&buildVersion=&deviceDNT=0&deviceId=5812b0f2237a6ff45d16c3f9&deviceLat=&deviceLon=&deviceMake=web&deviceModel=web&deviceType=web&deviceVersion=DNT&includeExtendedEvents=false&marketingRegion=US&serverSideAds=false&sid=726&terminate=false&userId=",
      "pic": "https://encrypted-tbn0.gstatic.com/images?q=tbn:ANd9GcQ8eE1A4ns7O24spCrmqcxJjLiMRVCWSZvmjA&usqp=CAU",
      "parse": false
    },
    {
      "name": "Pluto FOX Sports",
      "url": "https://service-stitcher.clusters.pluto.tv/stitch/hls/channel/5a74b8e1e22a61737979c6bf/master.m3u8?terminate=false&deviceType=web&deviceMake=web&deviceModel=web&sid=705&deviceId=5a74b8e1e22a61737979c6bf&deviceVersion=DNT&appVersion=DNT&deviceDNT=0&userId=&advertisingId=&deviceLat=&deviceLon=&app_name=&appName=web&buildVersion=&appStoreUrl=&architecture=&includeExtendedEvents=false&marketingRegion=US&serverSideAds=false",
      "pic": "https://encrypted-tbn0.gstatic.com/images?q=tbn:ANd9GcQ8eE1A4ns7O24spCrmqcxJjLiMRVCWSZvmjA&usqp=CAU",
      "parse": false
    },
    {
      "name": "Pluto Fuel TV",
      "url": "https://siloh.pluto.tv/lilo/production/FuelTV/SP/master.m3u8",
      "pic": "https://encrypted-tbn0.gstatic.com/images?q=tbn:ANd9GcQ8eE1A4ns7O24spCrmqcxJjLiMRVCWSZvmjA&usqp=CAU",
      "parse": false
    },
    {
      "name": "Pluto Glory Kickboxing",
      "url": "https://service-stitcher.clusters.pluto.tv/stitch/hls/channel/5ad9be1be738977e2c312134/master.m3u8?advertisingId=&appName=web&appStoreUrl=&appVersion=DNT&app_name=&architecture=&buildVersion=&deviceDNT=1&deviceId=5ad9be1be738977e2c312134&deviceLat=&deviceLon=&deviceMake=web&deviceModel=web&deviceType=web&deviceVersion=DNT&includeExtendedEvents=false&marketingRegion=DE&serverSideAds=false&sid=f6e88030-d7c8-47c8-8fed-7e24dd0a038a&terminate=false&userId=",
      "pic": "https://encrypted-tbn0.gstatic.com/images?q=tbn:ANd9GcQ8eE1A4ns7O24spCrmqcxJjLiMRVCWSZvmjA&usqp=CAU",
      "parse": false
    },
    {
      "name": "Pluto IMPACT Wrestling",
      "url": "https://service-stitcher.clusters.pluto.tv/v1/stitch/embed/hls/channel/59b722526996084038c01e1b/master.m3u8?advertisingId=channel&appName=rokuchannel&appVersion=1.0&bmodel=bm1&channel_id=channel&content=channel&content_rating=ROKU_ADS_CONTENT_RATING&content_type=livefeed&coppa=false&deviceDNT=1&deviceId=channel&deviceMake=rokuChannel&deviceModel=web&deviceType=rokuChannel&deviceVersion=1.0&embedPartner=rokuChannel&genre=ROKU_ADS_CONTENT_GENRE&is_lat=1&platform=web&rdid=channel&studio_id=viacom&tags=ROKU_CONTENT_TAGS&already_redirected=true",
      "pic": "https://encrypted-tbn0.gstatic.com/images?q=tbn:ANd9GcQ8eE1A4ns7O24spCrmqcxJjLiMRVCWSZvmjA&usqp=CAU",
      "parse": false
    },
    {
      "name": "Pluto La Liga Premier | Paramount+",
      "url": "https://i.mjh.nz/PlutoTV/62d816fcf24d280008762ee9-alt.m3u8",
      "pic": "https://encrypted-tbn0.gstatic.com/images?q=tbn:ANd9GcQ8eE1A4ns7O24spCrmqcxJjLiMRVCWSZvmjA&usqp=CAU",
      "parse": false
    },
    {
      "name": "Pluto MLB",
      "url": "https://service-stitcher.clusters.pluto.tv/v1/stitch/embed/hls/channel/5e66968a70f34c0007d050be/master.m3u8?advertisingId=channel&appName=rokuchannel&appVersion=1.0&bmodel=bm1&channel_id=channel&content=channel&content_rating=ROKU_ADS_CONTENT_RATING&content_type=livefeed&coppa=false&deviceDNT=1&deviceId=channel&deviceMake=rokuChannel&deviceModel=web&deviceType=rokuChannel&deviceVersion=1.0&embedPartner=rokuChannel&genre=ROKU_ADS_CONTENT_GENRE&is_lat=1&platform=web&rdid=channel&studio_id=viacom&tags=ROKU_CONTENT_TAGS&already_redirected=true",
      "pic": "https://encrypted-tbn0.gstatic.com/images?q=tbn:ANd9GcQ8eE1A4ns7O24spCrmqcxJjLiMRVCWSZvmjA&usqp=CAU",
      "parse": false
    },
    {
      "name": "Pluto MLS (480p)",
      "url": "https://service-stitcher.clusters.pluto.tv/stitch/hls/channel/5cb626cfcaf83414128f439c/master.m3u8?advertisingId=&appName=web&appStoreUrl=&appVersion=DNT&app_name=&architecture=&buildVersion=&deviceDNT=0&deviceId=5cb626cfcaf83414128f439c&deviceLat=&deviceLon=&deviceMake=web&deviceModel=web&deviceType=web&deviceVersion=DNT&includeExtendedEvents=false&marketingRegion=US&serverSideAds=false&sid=712&terminate=false&userId=",
      "pic": "https://encrypted-tbn0.gstatic.com/images?q=tbn:ANd9GcQ8eE1A4ns7O24spCrmqcxJjLiMRVCWSZvmjA&usqp=CAU",
      "parse": false
    },
    {
      "name": "Pluto NFL Channel",
      "url": "https://stitcher-ipv4.pluto.tv/v1/stitch/embed/hls/channel/5ced7d5df64be98e07ed47b6livestitch/master.m3u8?advertisingId=channel&appName=rokuchannel&appVersion=1.0&bmodel=bm1&channel_id=channel&content=channel&content_rating=ROKU_ADS_CONTENT_RATING&content_type=livefeed&coppa=false&deviceDNT=1&deviceId=channel&deviceMake=rokuChannel&deviceModel=web&deviceType=rokuChannel&deviceVersion=1.0&embedPartner=rokuChannel&genre=ROKU_ADS_CONTENT_GENRE&is_lat=1&platform=web&rdid=channel&studio_id=viacom&tags=ROKU_CONTENT_TAGS&already_redirected=true&profilesFromStream=true",
      "pic": "https://encrypted-tbn0.gstatic.com/images?q=tbn:ANd9GcQ8eE1A4ns7O24spCrmqcxJjLiMRVCWSZvmjA&usqp=CAU",
      "parse": false
    },
    {
      "name": "Pluto PBR Ride Pass",
      "url": "https://stitcher-ipv4.pluto.tv/stitch/hls/channel/60d39387706fe50007fda8e8/master.m3u8?already_redirected=true&appVersion=0&deviceDNT=0&deviceId=0&deviceMake=0&deviceModel=0&deviceType=0&deviceVersion=0&sid=62f4",
      "pic": "https://encrypted-tbn0.gstatic.com/images?q=tbn:ANd9GcQ8eE1A4ns7O24spCrmqcxJjLiMRVCWSZvmjA&usqp=CAU",
      "parse": false
    },
    {
      "name": "Pluto PGA Tour",
      "url": "https://service-stitcher.clusters.pluto.tv/stitch/hls/channel/5de94dacb394a300099fa22a/master.m3u8?advertisingId=&appName=web&appStoreUrl=&appVersion=DNT&app_name=&architecture=&buildVersion=&deviceDNT=0&deviceId=5de94dacb394a300099fa22a&deviceLat=&deviceLon=&deviceMake=web&deviceModel=web&deviceType=web&deviceVersion=DNT&includeExtendedEvents=false&marketingRegion=US&serverSideAds=false&sid=713&terminate=false&userId=",
      "pic": "https://encrypted-tbn0.gstatic.com/images?q=tbn:ANd9GcQ8eE1A4ns7O24spCrmqcxJjLiMRVCWSZvmjA&usqp=CAU",
      "parse": false
    },
    {
      "name": "Pluto Pro Wrestling",
      "url": "https://stitcher-ipv4.pluto.tv/v1/stitch/embed/hls/channel/5fac431fc1ffbc0007e6b6a7/master.m3u8?advertisingId=channel&appName=rokuchannel&appVersion=1.0&bmodel=bm1&channel_id=channel&content=channel&content_rating=ROKU_ADS_CONTENT_RATING&content_type=livefeed&coppa=false&deviceDNT=1&deviceId=channel&deviceMake=rokuChannel&deviceModel=web&deviceType=rokuChannel&deviceVersion=1.0&embedPartner=rokuChannel&genre=ROKU_ADS_CONTENT_GENRE&is_lat=1&platform=web&rdid=channel&studio_id=viacom&tags=ROKU_CONTENT_TAGS&already_redirected=true",
      "pic": "https://encrypted-tbn0.gstatic.com/images?q=tbn:ANd9GcQ8eE1A4ns7O24spCrmqcxJjLiMRVCWSZvmjA&usqp=CAU",
      "parse": false
    },
    {
      "name": "Pluto Sports ① (UK)",
      "url": "http://service-stitcher.clusters.pluto.tv/stitch/hls/channel/5d7677fa2ec536ce1d587eeb/master.m3u8?advertisingId=&appName=web&appStoreUrl=&appVersion=DNT&app_name=&architecture=&buildVersion=&deviceDNT=0&deviceId=5d7677fa2ec536ce1d587eeb&deviceLat=&deviceLon=&deviceMake=web&deviceModel=web&deviceType=web&deviceVersion=DNT&includeExtendedEvents=false&marketingRegion=US&serverSideAds=false&sid=607&terminate=false&userId=",
      "pic": "https://encrypted-tbn0.gstatic.com/images?q=tbn:ANd9GcQ8eE1A4ns7O24spCrmqcxJjLiMRVCWSZvmjA&usqp=CAU",
      "parse": false
    },
    {
      "name": "Pluto Sports ② (UK)",
      "url": "https://service-stitcher.clusters.pluto.tv/stitch/hls/channel/5ad9bb941b95267e225e59c2/master.m3u8?advertisingId=&appName=web&appStoreUrl=&appVersion=DNT&app_name=&architecture=&buildVersion=&deviceDNT=1&deviceId=5ad9bb941b95267e225e59c2&deviceLat=&deviceLon=&deviceMake=web&deviceModel=web&deviceType=web&deviceVersion=DNT&includeExtendedEvents=false&marketingRegion=DE&serverSideAds=false&sid=b22749b0-ca0e-4663-8bb3-d83febbbb89f&terminate=false&userId=",
      "pic": "https://encrypted-tbn0.gstatic.com/images?q=tbn:ANd9GcQ8eE1A4ns7O24spCrmqcxJjLiMRVCWSZvmjA&usqp=CAU",
      "parse": false
    },
    {
      "name": "Pluto Sports ③ (UK)",
      "url": "http://service-stitcher.clusters.pluto.tv/stitch/hls/channel/6081310e48d3200007afaf3b/master.m3u8?appName=web&appVersion=unknown&clientTime=0&deviceDNT=0&deviceId=2c8bf322-e98a-11eb-a932-2f3c780ff9ff&deviceMake=Chrome&deviceModel=web&deviceType=web&deviceVersion=unknown&includeExtendedEvents=false&serverSideAds=false&sid=0727f4fb-ea0b-4814-bb58-fdf3c4534220",
      "pic": "https://encrypted-tbn0.gstatic.com/images?q=tbn:ANd9GcQ8eE1A4ns7O24spCrmqcxJjLiMRVCWSZvmjA&usqp=CAU",
      "parse": false
    },
    {
      "name": "Pluto Vs",
      "url": "http://stitcher-ipv4.pluto.tv/v1/stitch/embed/hls/channel/603fde9026ecbf0007752c2c/master.m3u8?advertisingId={PSID}&appVersion=unknown&deviceDNT={TARGETOPT}&deviceId={PSID}&deviceLat=0&deviceLon=0&deviceMake=samsung&deviceModel=samsung&deviceType=samsung-tvplus&deviceVersion=unknown&embedPartner=samsung-tvplus&profileFloor=&profileLimit=&samsung_app_domain={APP_DOMAIN}&samsung_app_name={APP_NAME}&us_privacy=1YNY",
      "pic": "https://encrypted-tbn0.gstatic.com/images?q=tbn:ANd9GcQ8eE1A4ns7O24spCrmqcxJjLiMRVCWSZvmjA&usqp=CAU",
      "parse": false
    },
    {
      "name": "Rakuten EDGE Sport (UK)",
      "url": "https://edgesport-rakuten-samsung.amagi.tv/playlist.m3u8",
      "pic": "https://encrypted-tbn0.gstatic.com/images?q=tbn:ANd9GcQLKCNmZAMxYZY5EgVrwfMKgTJwaqbi8yjGbw&usqp=CAU",
      "parse": false
    },
    {
      "name": "Rakuten ESTV",
      "url": "https://estv-rakuten.amagi.tv/playlist.m3u8",
      "pic": "https://encrypted-tbn0.gstatic.com/images?q=tbn:ANd9GcQLKCNmZAMxYZY5EgVrwfMKgTJwaqbi8yjGbw&usqp=CAU",
      "parse": false
    },
    {
      "name": "Rakuten MavTV Global",
      "url": "https://mavtv-mavtvglobal-1-eu.rakuten.wurl.tv/playlist.m3u8",
      "pic": "https://encrypted-tbn0.gstatic.com/images?q=tbn:ANd9GcQLKCNmZAMxYZY5EgVrwfMKgTJwaqbi8yjGbw&usqp=CAU",
      "parse": false
    },
    {
      "name": "Rakuten Spotlight (Denmark)",
      "url": "https://rakuten-spotlight-10-eu.rakuten.wurl.tv/playlist.m3u8",
      "pic": "https://encrypted-tbn0.gstatic.com/images?q=tbn:ANd9GcQLKCNmZAMxYZY5EgVrwfMKgTJwaqbi8yjGbw&usqp=CAU",
      "parse": false
    },
    {
      "name": "Rakuten Spotlight (Finland)",
      "url": "https://rakuten-spotlight-12-eu.rakuten.wurl.tv/playlist.m3u8",
      "pic": "https://encrypted-tbn0.gstatic.com/images?q=tbn:ANd9GcQLKCNmZAMxYZY5EgVrwfMKgTJwaqbi8yjGbw&usqp=CAU",
      "parse": false
    },
    {
      "name": "Rakuten Spotlight (France)",
      "url": "https://rakuten-spotlight-7-eu.rakuten.wurl.tv/playlist.m3u8",
      "pic": "https://encrypted-tbn0.gstatic.com/images?q=tbn:ANd9GcQLKCNmZAMxYZY5EgVrwfMKgTJwaqbi8yjGbw&usqp=CAU",
      "parse": false
    },
    {
      "name": "Rakuten Spotlight (Germany)",
      "url": "https://rakuten-spotlight-3-eu.rakuten.wurl.tv/playlist.m3u8",
      "pic": "https://encrypted-tbn0.gstatic.com/images?q=tbn:ANd9GcQLKCNmZAMxYZY5EgVrwfMKgTJwaqbi8yjGbw&usqp=CAU",
      "parse": false
    },
    {
      "name": "Rakuten Spotlight (Ireland)",
      "url": "https://rakuten-spotlight-13-eu.rakuten.wurl.tv/playlist.m3u8",
      "pic": "https://encrypted-tbn0.gstatic.com/images?q=tbn:ANd9GcQLKCNmZAMxYZY5EgVrwfMKgTJwaqbi8yjGbw&usqp=CAU",
      "parse": false
    },
    {
      "name": "Rakuten Spotlight (Italy)",
      "url": "https://rakuten-spotlight-6-eu.rakuten.wurl.tv/playlist.m3u8",
      "pic": "https://encrypted-tbn0.gstatic.com/images?q=tbn:ANd9GcQLKCNmZAMxYZY5EgVrwfMKgTJwaqbi8yjGbw&usqp=CAU",
      "parse": false
    },
    {
      "name": "Rakuten Spotlight (Netherlands)",
      "url": "https://rakuten-spotlight-8-nl.samsung.wurl.tv/playlist.m3u8",
      "pic": "https://encrypted-tbn0.gstatic.com/images?q=tbn:ANd9GcQLKCNmZAMxYZY5EgVrwfMKgTJwaqbi8yjGbw&usqp=CAU",
      "parse": false
    },
    {
      "name": "Rakuten Spotlight (Norway)",
      "url": "https://rakuten-spotlight-11-eu.rakuten.wurl.tv/playlist.m3u8",
      "pic": "https://encrypted-tbn0.gstatic.com/images?q=tbn:ANd9GcQLKCNmZAMxYZY5EgVrwfMKgTJwaqbi8yjGbw&usqp=CAU",
      "parse": false
    },
    {
      "name": "Rakuten Spotlight (Spain)",
      "url": "https://rakuten-spotlight-2-eu.rakuten.wurl.tv/playlist.m3u8",
      "pic": "https://encrypted-tbn0.gstatic.com/images?q=tbn:ANd9GcQLKCNmZAMxYZY5EgVrwfMKgTJwaqbi8yjGbw&usqp=CAU",
      "parse": false
    },
    {
      "name": "Rakuten Spotlight (Sweden)",
      "url": "https://rakuten-spotlight-9-eu.rakuten.wurl.tv/playlist.m3u8",
      "pic": "https://encrypted-tbn0.gstatic.com/images?q=tbn:ANd9GcQLKCNmZAMxYZY5EgVrwfMKgTJwaqbi8yjGbw&usqp=CAU",
      "parse": false
    },
    {
      "name": "Rakuten Spotlight (UK)",
      "url": "https://rakuten-spotlight-1-eu.rakuten.wurl.tv/playlist.m3u8",
      "pic": "https://encrypted-tbn0.gstatic.com/images?q=tbn:ANd9GcQLKCNmZAMxYZY5EgVrwfMKgTJwaqbi8yjGbw&usqp=CAU",
      "parse": false
    },
    {
      "name": "Rakuten Spotlight (UK-PLEX)",
      "url": "https://rakuten-spotlight-1-gb.plex.wurl.tv/playlist.m3u8",
      "pic": "https://encrypted-tbn0.gstatic.com/images?q=tbn:ANd9GcQLKCNmZAMxYZY5EgVrwfMKgTJwaqbi8yjGbw&usqp=CAU",
      "parse": false
    },
    {
      "name": "RedBox PAC 12 Insider",
      "url": "https://pac12-redbox.amagi.tv/hls/amagi_hls_data_pac-12AAA-pac12-redbox/CDN/playlist.m3u8",
      "pic": "https://encrypted-tbn0.gstatic.com/images?q=tbn:ANd9GcTp8WKhpHTZoLYtP6x6QThDEu0Q9nPIE_z7pg&usqp=CAU",
      "parse": false
    },
    {
      "name": "STIRR MavTV",
      "url": "https://mavtv-1.sinclair.wurl.com/manifest/playlist.m3u8",
      "pic": "https://encrypted-tbn0.gstatic.com/images?q=tbn:ANd9GcT71IK54XkrswO7TEKnFKClKiGjmxT4QyG2aA&usqp=CAU",
      "parse": false
    },
    {
      "name": "STIRR Sports TV Plus",
      "url": "https://dai.google.com/linear/hls/event/9FKrAqCfRvGfn3tPbVFO-g/master.m3u8",
      "pic": "https://encrypted-tbn0.gstatic.com/images?q=tbn:ANd9GcT71IK54XkrswO7TEKnFKClKiGjmxT4QyG2aA&usqp=CAU",
      "parse": false
    },
    {
      "name": "STIRR Stadium",
      "url": "http://stadium.sinclair.wurl.com/manifest/playlist.m3u8",
      "pic": "https://encrypted-tbn0.gstatic.com/images?q=tbn:ANd9GcT71IK54XkrswO7TEKnFKClKiGjmxT4QyG2aA&usqp=CAU",
      "parse": false
    },
    {
      "name": "STIRR Whistle Sports",
      "url": "https://dai.google.com/linear/hls/event/Wu11mwhnTKGNhwZimEK6Jg/master.m3u8",
      "pic": "https://encrypted-tbn0.gstatic.com/images?q=tbn:ANd9GcT71IK54XkrswO7TEKnFKClKiGjmxT4QyG2aA&usqp=CAU",
      "parse": false
    },
    {
      "name": "TVS Boxing (360p)",
      "url": "https://rpn1.bozztv.com/36bay2/gusa-tvsboxing/index.m3u8",
      "pic": "https://encrypted-tbn0.gstatic.com/images?q=tbn:ANd9GcQoc8meZQ7olnc4ReSQSv0hyIdsoj517-qmUg&usqp=CAU",
      "parse": false
    },
    {
      "name": "TVS Classic Sports",
      "url": "http://rpn1.bozztv.com/36bay2/gusa-tvs/index.m3u8",
      "pic": "https://encrypted-tbn0.gstatic.com/images?q=tbn:ANd9GcQoc8meZQ7olnc4ReSQSv0hyIdsoj517-qmUg&usqp=CAU",
      "parse": false
    },
    {
      "name": "TVS Sports",
      "url": "https://rpn1.bozztv.com/36bay2/gusa-tvssports/index.m3u8",
      "pic": "https://encrypted-tbn0.gstatic.com/images?q=tbn:ANd9GcQoc8meZQ7olnc4ReSQSv0hyIdsoj517-qmUg&usqp=CAU",
      "parse": false
    },
    {
      "name": "TVS Sports Bureau",
      "url": "https://rpn1.bozztv.com/36bay2/gusa-tvssportsbureau/index.m3u8",
      "pic": "https://encrypted-tbn0.gstatic.com/images?q=tbn:ANd9GcQoc8meZQ7olnc4ReSQSv0hyIdsoj517-qmUg&usqp=CAU",
      "parse": false
    },
    {
      "name": "TVS Tavern (480p)",
      "url": "https://rpn1.bozztv.com/36bay2/gusa-tavern/index.m3u8",
      "pic": "https://encrypted-tbn0.gstatic.com/images?q=tbn:ANd9GcQoc8meZQ7olnc4ReSQSv0hyIdsoj517-qmUg&usqp=CAU",
      "parse": false
    },
    {
      "name": "TVS Turbo (360p)",
      "url": "https://rpn1.bozztv.com/36bay2/gusa-tvsturbo/index.m3u8",
      "pic": "https://encrypted-tbn0.gstatic.com/images?q=tbn:ANd9GcQoc8meZQ7olnc4ReSQSv0hyIdsoj517-qmUg&usqp=CAU",
      "parse": false
    },
    {
      "name": "TVS Women Sports",
      "url": "https://rpn1.bozztv.com/36bay2/gusa-tvswsn/index.m3u8",
      "pic": "https://encrypted-tbn0.gstatic.com/images?q=tbn:ANd9GcQoc8meZQ7olnc4ReSQSv0hyIdsoj517-qmUg&usqp=CAU",
      "parse": false
    },
    {
      "name": "XUMO Hard Knocks",
      "url": "https://dai2.xumo.com/amagi_hls_data_xumo1212A-redboxhardknocksfightingchampionship/CDN/playlist.m3u8",
      "pic": "https://encrypted-tbn0.gstatic.com/images?q=tbn:ANd9GcTr73ageoYl5QbOdX7lx4MvBMWlF7bFoZI__w&usqp=CAU",
      "parse": false
    },
    {
      "name": "XUMO Nitro Circus",
      "url": "https://dai2.xumo.com/amagi_hls_data_xumo1212A-redboxnitrocircus/CDN/playlist.m3u8",
      "pic": "https://encrypted-tbn0.gstatic.com/images?q=tbn:ANd9GcTr73ageoYl5QbOdX7lx4MvBMWlF7bFoZI__w&usqp=CAU",
      "parse": false
    }
  ]
}
