{
  "data": [
    {
      "name": "海绵宝宝 1999-？〘3949681〙",
      "url": "https://live.metshop.top/douyu/3949681",
      "pic": "https://encrypted-tbn0.gstatic.com/images?q=tbn:ANd9GcR8rSSra2C4ZUxa6km5Rodt5Ww2gtcbj82x1Q&usqp=CAU",
      "parse": false
    },
    {
      "name": "海绵宝宝 1999-？〘11922297〙",
      "url": "https://live.metshop.top/douyu/11922297",
      "pic": "https://encrypted-tbn0.gstatic.com/images?q=tbn:ANd9GcR8rSSra2C4ZUxa6km5Rodt5Ww2gtcbj82x1Q&usqp=CAU",
      "parse": false
    },
    {
      "name": "犬夜叉 2000-2010",
      "url": "https://live.metshop.top/douyu/11906591",
      "pic": "https://encrypted-tbn0.gstatic.com/images?q=tbn:ANd9GcSEg2R1aL8tIuH1TcDL7M3e-cRm_-_cV2IULA&usqp=CAU",
      "parse": false
    },
    {
      "name": "灌篮高手 1993-1996（日语中字）",
      "url": "https://live.metshop.top/yy/1382735626",
      "pic": "https://encrypted-tbn0.gstatic.com/images?q=tbn:ANd9GcR0TuCEOnWL2fPN5zQHj9PiDEaRFtyYhNVdXA&usqp=CAU",
      "parse": false
    },
    {
      "name": "Bubble Guppies 2011",
      "url": "https://service-stitcher.clusters.pluto.tv/stitch/hls/channel/5e8b5a4bb7da5c0007e5c9e9/master.m3u8?advertisingId=&appName=web&appStoreUrl=&appVersion=DNT&app_name=&architecture=&buildVersion=&deviceDNT=1&deviceId=5e8b5a4bb7da5c0007e5c9e9&deviceLat=&deviceLon=&deviceMake=web&deviceModel=web&deviceType=web&deviceVersion=DNT&includeExtendedEvents=false&marketingRegion=DE&serverSideAds=false&sid=5c631817-0713-11eb-9df2-0242ac110002&terminate=false&userId=",
      "pic": "https://encrypted-tbn0.gstatic.com/images?q=tbn:ANd9GcS3nn4oD4yp9V-jBqY0c4BdCZ7yDkkbhNRLCw&usqp=CAU",
      "parse": false
    },
    {
      "name": "Garfield",
      "url": "https://service-stitcher.clusters.pluto.tv/v1/stitch/embed/hls/channel/6054ab20a365c70007e4fd44/master.m3u8?deviceId=channel&deviceModel=web&deviceVersion=1.0&appVersion=1.0&deviceType=rokuChannel&deviceMake=rokuChannel&deviceDNT=1&advertisingId=channel&embedPartner=rokuChannel&appName=rokuchannel&is_lat=1&bmodel=bm1&content=channel&platform=web&tags=ROKU_CONTENT_TAGS&coppa=false&content_type=livefeed&rdid=channel&genre=ROKU_ADS_CONTENT_GENRE&content_rating=ROKU_ADS_CONTENT_RATING&studio_id=viacom&channel_id=channel",
      "pic": "https://encrypted-tbn0.gstatic.com/images?q=tbn:ANd9GcSLSlJ0WKLFFIUzTqEbLaTYScWjJjNeST7_aQ&usqp=CAU",
      "parse": false
    },
    {
      "name": "Inspector Gadget",
      "url": "https://service-stitcher.clusters.pluto.tv/stitch/hls/channel/5dbc2d1ce10f0b0009e6cf9e/master.m3u8?advertisingId=&appName=web&appStoreUrl=&appVersion=DNT&app_name=&architecture=&buildVersion=&deviceDNT=1&deviceId=5dbc2d1ce10f0b0009e6cf9e&deviceLat=&deviceLon=&deviceMake=web&deviceModel=web&deviceType=web&deviceVersion=DNT&includeExtendedEvents=false&marketingRegion=DE&serverSideAds=false&sid=efbfa162-0713-11eb-9b92-0242ac110002&terminate=false&userId=",
      "pic": "https://encrypted-tbn0.gstatic.com/images?q=tbn:ANd9GcTX2HiEacCq2ozYcduK2Y58zavKWh76PbaqEw&usqp=CAU",
      "parse": false
    },
    {
      "name": "Little Baby Bum",
      "url": "https://service-stitcher.clusters.pluto.tv/stitch/hls/channel/5eb301b7395671000780d100/master.m3u8?advertisingId=&appName=web&appStoreUrl=&appVersion=DNT&app_name=&architecture=&buildVersion=&deviceDNT=0&deviceId=5eb301b7395671000780d100&deviceLat=&deviceLon=&deviceMake=web&deviceModel=web&deviceType=web&deviceVersion=DNT&includeExtendedEvents=false&marketingRegion=US&serverSideAds=false&sid=995&terminate=false&userId=",
      "pic": "https://encrypted-tbn0.gstatic.com/images?q=tbn:ANd9GcReiqdO4BlmXhJ9TwrvZ4dC-3Kf3CHUrfqRGw&usqp=CAU",
      "parse": false
    },
    {
      "name": "Naruto（火影忍者）2002",
      "url": "https://service-stitcher.clusters.pluto.tv/stitch/hls/channel/5da0c85bd2c9c10009370984/master.m3u8?advertisingId=&appName=web&appStoreUrl=&appVersion=DNT&app_name=&architecture=&buildVersion=&deviceDNT=0&deviceId=5da0c85bd2c9c10009370984&deviceLat=&deviceLon=&deviceMake=web&deviceModel=web&deviceType=web&deviceVersion=DNT&includeExtendedEvents=false&marketingRegion=US&serverSideAds=false&sid=836&terminate=false&userId=",
      "pic": "https://encrypted-tbn0.gstatic.com/images?q=tbn:ANd9GcSYcRDF7z0wlbDWqPO35Aukcgcq04Z9K8UiGw&usqp=CAU",
      "parse": false
    },
    {
      "name": "One Piece（海贼王）1999",
      "url": "https://service-stitcher.clusters.pluto.tv/v1/stitch/embed/hls/channel/5f7790b3ed0c88000720b241/master.m3u8?advertisingId=channel&appName=rokuchannel&appVersion=1.0&bmodel=bm1&channel_id=channel&content=channel&content_rating=ROKU_ADS_CONTENT_RATING&content_type=livefeed&coppa=false&deviceDNT=1&deviceId=channel&deviceMake=rokuChannel&deviceModel=web&deviceType=rokuChannel&deviceVersion=1.0&embedPartner=rokuChannel&genre=ROKU_ADS_CONTENT_GENRE&is_lat=1&platform=web&rdid=channel&studio_id=viacom&tags=ROKU_CONTENT_TAGS&already_redirected=true",
      "pic": "https://encrypted-tbn0.gstatic.com/images?q=tbn:ANd9GcSJfQsHD0OwpnJxsZ0vtTAhmjSTUofZDQAA1g&usqp=CAU",
      "parse": false
    },
    {
      "name": "Sabrina",
      "url": "https://service-stitcher.clusters.pluto.tv/v1/stitch/embed/hls/channel/5d94a5451754e6a4298d1059/master.m3u8?advertisingId=channel&appName=rokuchannel&appVersion=1.0&bmodel=bm1&channel_id=channel&content=channel&content_rating=ROKU_ADS_CONTENT_RATING&content_type=livefeed&coppa=false&deviceDNT=1&deviceId=channel&deviceMake=rokuChannel&deviceModel=web&deviceType=rokuChannel&deviceVersion=1.0&embedPartner=rokuChannel&genre=ROKU_ADS_CONTENT_GENRE&is_lat=1&platform=web&rdid=channel&studio_id=viacom&tags=ROKU_CONTENT_TAGS&already_redirected=true",
      "pic": "https://encrypted-tbn0.gstatic.com/images?q=tbn:ANd9GcSeaMtl9_7nT6QjAUbzvwId5GCcpUg-Ym-4wQ&usqp=CAU",
      "parse": false
    },
    {
      "name": "Teletubbies 1997-2001",
      "url": "https://8f720e1353ce43b8babcd780fe178755.mediatailor.us-east-1.amazonaws.com/v1/master/44f73ba4d03e9607dcd9bebdcb8494d86964f1d8/Samsung-gb_WildBrainPresentsTeletubbies/playlist.m3u8",
      "pic": "https://encrypted-tbn0.gstatic.com/images?q=tbn:ANd9GcQ0gwb20xHm9l8v_9P507NOi-OAJT3LohHaoQ&usqp=CAU",
      "parse": false
    },
    {
      "name": "Totally Turtles (Nickelodeon)",
      "url": "https://service-stitcher.clusters.pluto.tv/stitch/hls/channel/5d0c16d686454ead733d08f8livestitch/master.m3u8?advertisingId=&appName=web&appStoreUrl=&appVersion=DNT&app_name=&architecture=&buildVersion=&deviceDNT=0&deviceId=5d0c16d686454ead733d08f8&deviceLat=&deviceLon=&deviceMake=web&deviceModel=web&deviceType=web&deviceVersion=DNT&includeExtendedEvents=false&marketingRegion=US&serverSideAds=false&sid=983&terminate=false&userId=&profilesFromStream=true",
      "pic": "https://encrypted-tbn0.gstatic.com/images?q=tbn:ANd9GcQDQVhGaHyiXeJl1hL45xfE_LX7RpWt1GNhRA&usqp=CAU",
      "parse": false
    },
    {
      "name": "Yu-Gi-Oh（游戏王）2000",
      "url": "https://service-stitcher.clusters.pluto.tv/v1/stitch/embed/hls/channel/5f4ec10ed9636f00089b8c89/master.m3u8?advertisingId=channel&appName=rokuchannel&appVersion=1.0&bmodel=bm1&channel_id=channel&content=channel&content_rating=ROKU_ADS_CONTENT_RATING&content_type=livefeed&coppa=false&deviceDNT=1&deviceId=channel&deviceMake=rokuChannel&deviceModel=web&deviceType=rokuChannel&deviceVersion=1.0&embedPartner=rokuChannel&genre=ROKU_ADS_CONTENT_GENRE&is_lat=1&platform=web&rdid=channel&studio_id=viacom&tags=ROKU_CONTENT_TAGS&already_redirected=true",
      "pic": "https://encrypted-tbn0.gstatic.com/images?q=tbn:ANd9GcRzcHpXmt0AOjykm6YJtYKO02Oq0rJMibARMw&usqp=CAU",
      "parse": false
    },
    {
      "name": "Aghapy Kids",
      "url": "https://5b622f07944df.streamlock.net/aghapykids.tv/aghapykids2/playlist.m3u8",
      "pic": "https://encrypted-tbn0.gstatic.com/images?q=tbn:ANd9GcRYVRB2M29gZxoF0QbtGzpSR-MD0O9_iTESQA&usqp=CAU",
      "parse": false
    },
    {
      "name": "Beano TV",
      "url": "https://a7b60a6853d843dd9105acfa8d6e74c7.mediatailor.us-east-1.amazonaws.com/v1/master/44f73ba4d03e9607dcd9bebdcb8494d86964f1d8/Samsung-gb_BeanoTV/playlist.m3u8",
      "pic": "https://encrypted-tbn0.gstatic.com/images?q=tbn:ANd9GcRYVRB2M29gZxoF0QbtGzpSR-MD0O9_iTESQA&usqp=CAU",
      "parse": false
    },
    {
      "name": "Camp Spoopy (576p)",
      "url": "https://stream.ads.ottera.tv/playlist.m3u8?network_id=269",
      "pic": "https://encrypted-tbn0.gstatic.com/images?q=tbn:ANd9GcRYVRB2M29gZxoF0QbtGzpSR-MD0O9_iTESQA&usqp=CAU",
      "parse": false
    },
    {
      "name": "Cocoro",
      "url": "https://4ea7abcc97144832b81dc50c6e8d6330.mediatailor.us-east-1.amazonaws.com/v1/master/44f73ba4d03e9607dcd9bebdcb8494d86964f1d8/Roku_Cocoro/playlist.m3u8",
      "pic": "https://encrypted-tbn0.gstatic.com/images?q=tbn:ANd9GcRYVRB2M29gZxoF0QbtGzpSR-MD0O9_iTESQA&usqp=CAU",
      "parse": false
    },
    {
      "name": "Happy Kids",
      "url": "https://happykids-roku.amagi.tv/playlist.m3u8",
      "pic": "https://encrypted-tbn0.gstatic.com/images?q=tbn:ANd9GcRYVRB2M29gZxoF0QbtGzpSR-MD0O9_iTESQA&usqp=CAU",
      "parse": false
    },
    {
      "name": "Happy Kids Junior",
      "url": "https://happykidsjunior-vizio.amagi.tv/playlist.m3u8",
      "pic": "https://encrypted-tbn0.gstatic.com/images?q=tbn:ANd9GcRYVRB2M29gZxoF0QbtGzpSR-MD0O9_iTESQA&usqp=CAU",
      "parse": false
    },
    {
      "name": "Kartoon Channel (New Zealand)",
      "url": "https://cdn-apse1-prod.tsv2.amagi.tv/linear/amg01076-lightningintern-kartoonchannel-samsungnz/playlist.m3u8",
      "pic": "https://encrypted-tbn0.gstatic.com/images?q=tbn:ANd9GcRYVRB2M29gZxoF0QbtGzpSR-MD0O9_iTESQA&usqp=CAU",
      "parse": false
    },
    {
      "name": "Kiddiwinks (South Africa)",
      "url": "https://origin3.afxp.telemedia.co.za/PremiumFree/kiddiwinks/playlist.m3u8",
      "pic": "https://encrypted-tbn0.gstatic.com/images?q=tbn:ANd9GcRYVRB2M29gZxoF0QbtGzpSR-MD0O9_iTESQA&usqp=CAU",
      "parse": false
    },
    {
      "name": "Kidoodle TV (Canada)",
      "url": "https://kidoodletv-kdtv-1-ca.samsung.wurl.tv/playlist.m3u8",
      "pic": "https://encrypted-tbn0.gstatic.com/images?q=tbn:ANd9GcRYVRB2M29gZxoF0QbtGzpSR-MD0O9_iTESQA&usqp=CAU",
      "parse": false
    },
    {
      "name": "Kids Flix",
      "url": "https://stream-us-east-1.getpublica.com/playlist.m3u8?network_id=50",
      "pic": "https://encrypted-tbn0.gstatic.com/images?q=tbn:ANd9GcRYVRB2M29gZxoF0QbtGzpSR-MD0O9_iTESQA&usqp=CAU",
      "parse": false
    },
    {
      "name": "LEGO Channels",
      "url": "https://legochannel-roku.amagi.tv/playlist.m3u8",
      "pic": "https://encrypted-tbn0.gstatic.com/images?q=tbn:ANd9GcRYVRB2M29gZxoF0QbtGzpSR-MD0O9_iTESQA&usqp=CAU",
      "parse": false
    },
    {
      "name": "LEGO Kids TV",
      "url": "http://stitcher-ipv4.pluto.tv/v1/stitch/embed/hls/channel/60fb01a24795a6000762fe83/master.m3u8?deviceType=samsung-tvplus&deviceMake=samsung&deviceModel=samsung&deviceVersion=unknown&appVersion=unknown&deviceLat=0&deviceLon=0&deviceDNT=%7BTARGETOPT%7D&deviceId=%7BPSID%7D&advertisingId=%7BPSID%7D&us_privacy=1YNY&samsung_app_domain=%7BAPP_DOMAIN%7D&samsung_app_name=%7BAPP_NAME%7D&profileLimit=&profileFloor=&embedPartner=samsung-tvplus",
      "pic": "https://encrypted-tbn0.gstatic.com/images?q=tbn:ANd9GcRYVRB2M29gZxoF0QbtGzpSR-MD0O9_iTESQA&usqp=CAU",
      "parse": false
    },
    {
      "name": "Moonbug Kids",
      "url": "https://moonbug-rokuus.amagi.tv/playlist.m3u8",
      "pic": "https://encrypted-tbn0.gstatic.com/images?q=tbn:ANd9GcRYVRB2M29gZxoF0QbtGzpSR-MD0O9_iTESQA&usqp=CAU",
      "parse": false
    },
    {
      "name": "My Kidz (Indonesia)",
      "url": "http://210.210.155.35:80/uq2663/h/h191/index.m3u8",
      "pic": "https://encrypted-tbn0.gstatic.com/images?q=tbn:ANd9GcRYVRB2M29gZxoF0QbtGzpSR-MD0O9_iTESQA&usqp=CAU",
      "parse": false
    },
    {
      "name": "PBS Kids",
      "url": "https://2-fss-2.streamhoster.com/pl_140/amlst:200914-1298290/playlist.m3u8",
      "pic": "https://encrypted-tbn0.gstatic.com/images?q=tbn:ANd9GcRYVRB2M29gZxoF0QbtGzpSR-MD0O9_iTESQA&usqp=CAU",
      "parse": false
    },
    {
      "name": "Pinkfong Baby Shark",
      "url": "https://fc2f8d2d3cec45bb9187e8de15532838.mediatailor.us-east-1.amazonaws.com/v1/master/44f73ba4d03e9607dcd9bebdcb8494d86964f1d8/Roku_BabySharkTV/playlist.m3u8",
      "pic": "https://encrypted-tbn0.gstatic.com/images?q=tbn:ANd9GcRYVRB2M29gZxoF0QbtGzpSR-MD0O9_iTESQA&usqp=CAU",
      "parse": false
    },
    {
      "name": "Play Works (720p)",
      "url": "https://b12eca572da7423284734ca3a6242ea2.mediatailor.us-east-1.amazonaws.com/v1/master/44f73ba4d03e9607dcd9bebdcb8494d86964f1d8/Plex_PlayWorks/playlist.m3u8",
      "pic": "https://encrypted-tbn0.gstatic.com/images?q=tbn:ANd9GcRYVRB2M29gZxoF0QbtGzpSR-MD0O9_iTESQA&usqp=CAU",
      "parse": false
    },
    {
      "name": "Retro Cartoon",
      "url": "https://stmv1.srvif.com/retrotv/retrotv/playlist-1080p.m3u8",
      "pic": "https://encrypted-tbn0.gstatic.com/images?q=tbn:ANd9GcRYVRB2M29gZxoF0QbtGzpSR-MD0O9_iTESQA&usqp=CAU",
      "parse": false
    },
    {
      "name": "Retro Crush",
      "url": "https://cdn-uw2-prod.tsv2.amagi.tv/linear/amg01201-cinedigmenterta-retrocrush-lgus/playlist.m3u8",
      "pic": "https://encrypted-tbn0.gstatic.com/images?q=tbn:ANd9GcRYVRB2M29gZxoF0QbtGzpSR-MD0O9_iTESQA&usqp=CAU",
      "parse": false
    },
    {
      "name": "Ryan and Friends",
      "url": "https://cdn-apse1-prod.tsv2.amagi.tv/linear/amg00286-pocketwatch-ryanandfriends-samsungnz/playlist.m3u8",
      "pic": "https://encrypted-tbn0.gstatic.com/images?q=tbn:ANd9GcRYVRB2M29gZxoF0QbtGzpSR-MD0O9_iTESQA&usqp=CAU",
      "parse": false
    },
    {
      "name": "Smile (540p)",
      "url": "https://api.new.livestream.com/accounts/27460990/events/8266916/live.m3u8",
      "pic": "https://encrypted-tbn0.gstatic.com/images?q=tbn:ANd9GcRYVRB2M29gZxoF0QbtGzpSR-MD0O9_iTESQA&usqp=CAU",
      "parse": false
    },
    {
      "name": "TG",
      "url": "https://otteravision-tg.ottera.tv/live/master.m3u8?channel=tg_tg_us",
      "pic": "https://encrypted-tbn0.gstatic.com/images?q=tbn:ANd9GcRYVRB2M29gZxoF0QbtGzpSR-MD0O9_iTESQA&usqp=CAU",
      "parse": false
    },
    {
      "name": "TG Junior",
      "url": "https://stream-us-east-1.getpublica.com/playlist.m3u8?network_id=31",
      "pic": "https://encrypted-tbn0.gstatic.com/images?q=tbn:ANd9GcRYVRB2M29gZxoF0QbtGzpSR-MD0O9_iTESQA&usqp=CAU",
      "parse": false
    },
    {
      "name": "TG Toon Googles",
      "url": "https://stream-us-east-1.getpublica.com/playlist.m3u8?network_id=37",
      "pic": "https://encrypted-tbn0.gstatic.com/images?q=tbn:ANd9GcRYVRB2M29gZxoF0QbtGzpSR-MD0O9_iTESQA&usqp=CAU",
      "parse": false
    },
    {
      "name": "Toon Googles",
      "url": "https://stream-us-east-1.getpublica.com/playlist.m3u8?network_id=36&live=1&app_bundle=com.plexapp.desktop&did=df8e1a36-847d-5096-86a7-3803ed330ede&app_domain=app.plex.tv&app_name=plex&h=691&w=1224&content_title=MorUy57ijWhGe4ixZb_T&content_series=5f123330eca6a20040b328e8&custom4=plex&gdpr=1&device_make=Windows&device_model=Firefox&coppa=1&us_privacy=1---&checkedby:iptvcat.com",
      "pic": "https://encrypted-tbn0.gstatic.com/images?q=tbn:ANd9GcRYVRB2M29gZxoF0QbtGzpSR-MD0O9_iTESQA&usqp=CAU",
      "parse": false
    },
    {
      "name": "Toonami Aftermath East (480p)",
      "url": "http://api.toonamiaftermath.com:3000/est/playlist.m3u8",
      "pic": "https://encrypted-tbn0.gstatic.com/images?q=tbn:ANd9GcRYVRB2M29gZxoF0QbtGzpSR-MD0O9_iTESQA&usqp=CAU",
      "parse": false
    },
    {
      "name": "Toonami Aftermath West (480p)",
      "url": "http://api.toonamiaftermath.com:3000/pst/playlist.m3u8",
      "pic": "https://encrypted-tbn0.gstatic.com/images?q=tbn:ANd9GcRYVRB2M29gZxoF0QbtGzpSR-MD0O9_iTESQA&usqp=CAU",
      "parse": false
    },
    {
      "name": "Zoo Moo (New Zealand)",
      "url": "https://cdn-apse1-prod.tsv2.amagi.tv/linear/amg01553-blueantmediaasi-zoomoonz-samsungnz/playlist.m3u8",
      "pic": "https://encrypted-tbn0.gstatic.com/images?q=tbn:ANd9GcRYVRB2M29gZxoF0QbtGzpSR-MD0O9_iTESQA&usqp=CAU",
      "parse": false
    },
    {
      "name": "AS Aqua Teen Hunger Force",
      "url": "https://adultswim-vodlive.cdn.turner.com/live/aqua-teen/stream.m3u8",
      "pic": "https://encrypted-tbn0.gstatic.com/images?q=tbn:ANd9GcTyE3clRuB3Mo45qxercFLpCuHDruEQl0JQvw&usqp=CAU",
      "parse": false
    },
    {
      "name": "AS Daily Animated",
      "url": "https://adultswim-vodlive.cdn.turner.com/live/daily_animated_1/stream.m3u8",
      "pic": "https://encrypted-tbn0.gstatic.com/images?q=tbn:ANd9GcTyE3clRuB3Mo45qxercFLpCuHDruEQl0JQvw&usqp=CAU",
      "parse": false
    },
    {
      "name": "AS Home Movies",
      "url": "https://adultswim-vodlive.cdn.turner.com/live/test-2/stream.m3u8",
      "pic": "https://encrypted-tbn0.gstatic.com/images?q=tbn:ANd9GcTyE3clRuB3Mo45qxercFLpCuHDruEQl0JQvw&usqp=CAU",
      "parse": false
    },
    {
      "name": "AS Metalocalypse",
      "url": "http://adultswim-vodlive.cdn.turner.com/live/metalocalypse/stream.m3u8",
      "pic": "https://encrypted-tbn0.gstatic.com/images?q=tbn:ANd9GcTyE3clRuB3Mo45qxercFLpCuHDruEQl0JQvw&usqp=CAU",
      "parse": false
    },
    {
      "name": "AS Primal",
      "url": "https://adultswim-vodlive.cdn.turner.com/live/primal/stream.m3u8",
      "pic": "https://encrypted-tbn0.gstatic.com/images?q=tbn:ANd9GcTyE3clRuB3Mo45qxercFLpCuHDruEQl0JQvw&usqp=CAU",
      "parse": false
    },
    {
      "name": "AS Rick and Morty",
      "url": "https://adultswim-vodlive.cdn.turner.com/live/rick-and-morty/stream_de.m3u8",
      "pic": "https://encrypted-tbn0.gstatic.com/images?q=tbn:ANd9GcTyE3clRuB3Mo45qxercFLpCuHDruEQl0JQvw&usqp=CAU",
      "parse": false
    },
    {
      "name": "AS Robot Chicken",
      "url": "https://adultswim-vodlive.cdn.turner.com/live/robot-chicken/stream_de.m3u8",
      "pic": "https://encrypted-tbn0.gstatic.com/images?q=tbn:ANd9GcTyE3clRuB3Mo45qxercFLpCuHDruEQl0JQvw&usqp=CAU",
      "parse": false
    },
    {
      "name": "AS Samurai Jack",
      "url": "https://adultswim-vodlive.cdn.turner.com/live/samurai-jack/stream_de.m3u8",
      "pic": "https://encrypted-tbn0.gstatic.com/images?q=tbn:ANd9GcTyE3clRuB3Mo45qxercFLpCuHDruEQl0JQvw&usqp=CAU",
      "parse": false
    },
    {
      "name": "AS Squidbillies",
      "url": "https://adultswim-vodlive.cdn.turner.com/live/squidbillies/stream.m3u8",
      "pic": "https://encrypted-tbn0.gstatic.com/images?q=tbn:ANd9GcTyE3clRuB3Mo45qxercFLpCuHDruEQl0JQvw&usqp=CAU",
      "parse": false
    },
    {
      "name": "AS Superjail!",
      "url": "https://adultswim-vodlive.cdn.turner.com/live/superjail/stream.m3u8",
      "pic": "https://encrypted-tbn0.gstatic.com/images?q=tbn:ANd9GcTyE3clRuB3Mo45qxercFLpCuHDruEQl0JQvw&usqp=CAU",
      "parse": false
    },
    {
      "name": "AS The Venture Bros",
      "url": "https://adultswim-vodlive.cdn.turner.com/live/venture-bros/stream_de.m3u8",
      "pic": "https://encrypted-tbn0.gstatic.com/images?q=tbn:ANd9GcTyE3clRuB3Mo45qxercFLpCuHDruEQl0JQvw&usqp=CAU",
      "parse": false
    },
    {
      "name": "AS Toonami",
      "url": "https://adultswim-vodlive.cdn.turner.com/live/toonami/stream.m3u8",
      "pic": "https://encrypted-tbn0.gstatic.com/images?q=tbn:ANd9GcTyE3clRuB3Mo45qxercFLpCuHDruEQl0JQvw&usqp=CAU",
      "parse": false
    },
    {
      "name": "Bumblebee Lego Toons",
      "url": "https://stitcheraws.unreel.me/wse-node02.powr.com/live/5bf22549d5eeee0f5a4094ba/playlist.m3u8",
      "pic": "https://encrypted-tbn0.gstatic.com/images?q=tbn:ANd9GcRohN2sbpPHRpeKzNQGn4AH0mcSZbnOYC5qdg&usqp=CAU",
      "parse": false
    },
    {
      "name": "Pluto After School Cartoons",
      "url": "https://service-stitcher.clusters.pluto.tv/v1/stitch/embed/hls/channel/56171fafada51f8004c4b40f/master.m3u8?advertisingId=channel&appName=rokuchannel&appVersion=1.0&bmodel=bm1&channel_id=channel&content=channel&content_rating=ROKU_ADS_CONTENT_RATING&content_type=livefeed&coppa=false&deviceDNT=1&deviceId=channel&deviceMake=rokuChannel&deviceModel=web&deviceType=rokuChannel&deviceVersion=1.0&embedPartner=rokuChannel&genre=ROKU_ADS_CONTENT_GENRE&is_lat=1&platform=web&rdid=channel&studio_id=viacom&tags=ROKU_CONTENT_TAGS&already_redirected=true",
      "pic": "https://encrypted-tbn0.gstatic.com/images?q=tbn:ANd9GcQ8eE1A4ns7O24spCrmqcxJjLiMRVCWSZvmjA&usqp=CAU",
      "parse": false
    },
    {
      "name": "Pluto Anime All Ages",
      "url": "http://service-stitcher.clusters.pluto.tv/v1/stitch/embed/hls/channel/5be4c6311843b56328bce619/master.m3u8?advertisingId=91a6ae51-6f9d-4fbb-adb0-bdfffa44693e&appVersion=unknown&deviceDNT=0&deviceId=91a6ae51-6f9d-4fbb-adb0-bdfffa44693e&deviceLat=0&deviceLon=0&deviceMake=samsung&deviceModel=samsung&deviceType=samsung-tvplus&deviceUA=samsung/SM-T720/10&deviceVersion=unknown&embedPartner=samsung-tvplus&profileFloor=&profileLimit=&samsung_app_domain=https://play.google.com/store/apps/details?id=com.samsung.android.tvplus&samsung_app_name=Mobile+TV+Plus&us_privacy=1YNY",
      "pic": "https://encrypted-tbn0.gstatic.com/images?q=tbn:ANd9GcQ8eE1A4ns7O24spCrmqcxJjLiMRVCWSZvmjA&usqp=CAU",
      "parse": false
    },
    {
      "name": "Pluto Anime All Day (UK)",
      "url": "https://service-stitcher.clusters.pluto.tv/v1/stitch/embed/hls/channel/5c363ac9e41be30cb6054c7c/master.m3u8?advertisingId=channel&appName=rokuchannel&appVersion=1.0&bmodel=bm1&channel_id=channel&content=channel&content_rating=ROKU_ADS_CONTENT_RATING&content_type=livefeed&coppa=false&deviceDNT=1&deviceId=channel&deviceMake=rokuChannel&deviceModel=web&deviceType=rokuChannel&deviceVersion=1.0&embedPartner=rokuChannel&genre=ROKU_ADS_CONTENT_GENRE&is_lat=1&platform=web&rdid=channel&studio_id=viacom&tags=ROKU_CONTENT_TAGS&already_redirected=true",
      "pic": "https://encrypted-tbn0.gstatic.com/images?q=tbn:ANd9GcQ8eE1A4ns7O24spCrmqcxJjLiMRVCWSZvmjA&usqp=CAU",
      "parse": false
    },
    {
      "name": "Pluto Anime All Day (US)",
      "url": "https://service-stitcher.clusters.pluto.tv/v1/stitch/embed/hls/channel/5812b7d3249444e05d09cc49/master.m3u8?advertisingId=channel&appName=rokuchannel&appVersion=1.0&bmodel=bm1&channel_id=channel&content=channel&content_rating=ROKU_ADS_CONTENT_RATING&content_type=livefeed&coppa=false&deviceDNT=1&deviceId=channel&deviceMake=rokuChannel&deviceModel=web&deviceType=rokuChannel&deviceVersion=1.0&embedPartner=rokuChannel&genre=ROKU_ADS_CONTENT_GENRE&is_lat=1&platform=web&rdid=channel&studio_id=viacom&tags=ROKU_CONTENT_TAGS&already_redirected=true",
      "pic": "https://encrypted-tbn0.gstatic.com/images?q=tbn:ANd9GcQ8eE1A4ns7O24spCrmqcxJjLiMRVCWSZvmjA&usqp=CAU",
      "parse": false
    },
    {
      "name": "Pluto Baby Shark",
      "url": "http://stitcher-ipv4.pluto.tv/v1/stitch/embed/hls/channel/60faffc3fbbc120007fc4376/master.m3u8?deviceType=samsung-tvplus&deviceMake=samsung&deviceModel=samsung&deviceVersion=unknown&appVersion=unknown&deviceLat=0&deviceLon=0&deviceDNT=%7BTARGETOPT%7D&deviceId=%7BPSID%7D&advertisingId=%7BPSID%7D&us_privacy=1YNY&samsung_app_domain=%7BAPP_DOMAIN%7D&samsung_app_name=%7BAPP_NAME%7D&profileLimit=&profileFloor=&embedPartner=samsung-tvplus",
      "pic": "https://encrypted-tbn0.gstatic.com/images?q=tbn:ANd9GcQ8eE1A4ns7O24spCrmqcxJjLiMRVCWSZvmjA&usqp=CAU",
      "parse": false
    },
    {
      "name": "Pluto BBC Kids",
      "url": "http://stitcher-ipv4.pluto.tv/v1/stitch/embed/hls/channel/60fb00b4b6455d0007493b0b/master.m3u8?deviceType=samsung-tvplus&deviceMake=samsung&deviceModel=samsung&deviceVersion=unknown&appVersion=unknown&deviceLat=0&deviceLon=0&deviceDNT=%7BTARGETOPT%7D&deviceId=%7BPSID%7D&advertisingId=%7BPSID%7D&us_privacy=1YNY&samsung_app_domain=%7BAPP_DOMAIN%7D&samsung_app_name=%7BAPP_NAME%7D&profileLimit=&profileFloor=&embedPartner=samsung-tvplus",
      "pic": "https://encrypted-tbn0.gstatic.com/images?q=tbn:ANd9GcQ8eE1A4ns7O24spCrmqcxJjLiMRVCWSZvmjA&usqp=CAU",
      "parse": false
    },
    {
      "name": "Pluto Cartoon Network",
      "url": "https://service-stitcher.clusters.pluto.tv/v1/stitch/embed/hls/channel/56171fafada51f8004c4b40f/master.m3u8?deviceId=channel&deviceModel=web&deviceVersion=1.0&appVersion=1.0&deviceType=rokuChannel&deviceMake=rokuChannel&deviceDNT=1&advertisingId=channel&embedPartner=rokuChannel&appName=rokuchannel&is_lat=1&bmodel=bm1&content=channel&platform=web&tags=ROKU_CONTENT_TAGS&coppa=false&content_type=livefeed&rdid=channel&genre=ROKU_ADS_CONTENT_GENRE&content_rating=ROKU_ADS_CONTENT_RATING&studio_id=viacom&channel_id=channel",
      "pic": "https://encrypted-tbn0.gstatic.com/images?q=tbn:ANd9GcQ8eE1A4ns7O24spCrmqcxJjLiMRVCWSZvmjA&usqp=CAU",
      "parse": false
    },
    {
      "name": "Pluto Classic Toons TV [Not 24/7]",
      "url": "https://service-stitcher.clusters.pluto.tv/v1/stitch/embed/hls/channel/562ea53fa9060c5a7d463e74/master.m3u8?advertisingId=channel&appName=rokuchannel&appVersion=1.0&bmodel=bm1&channel_id=channel&content=channel&content_rating=ROKU_ADS_CONTENT_RATING&content_type=livefeed&coppa=false&deviceDNT=1&deviceId=channel&deviceMake=rokuChannel&deviceModel=web&deviceType=rokuChannel&deviceVersion=1.0&embedPartner=rokuChannel&genre=ROKU_ADS_CONTENT_GENRE&is_lat=1&platform=web&rdid=channel&studio_id=viacom&tags=ROKU_CONTENT_TAGS&already_redirected=true",
      "pic": "https://encrypted-tbn0.gstatic.com/images?q=tbn:ANd9GcQ8eE1A4ns7O24spCrmqcxJjLiMRVCWSZvmjA&usqp=CAU",
      "parse": false
    },
    {
      "name": "Pluto Comedy Central Animation",
      "url": "https://service-stitcher.clusters.pluto.tv/v1/stitch/embed/hls/channel/5f99e24636d67d0007a94e6d/master.m3u8?advertisingId=channel&appName=rokuchannel&appVersion=1.0&bmodel=bm1&channel_id=channel&content=channel&content_rating=ROKU_ADS_CONTENT_RATING&content_type=livefeed&coppa=false&deviceDNT=1&deviceId=channel&deviceMake=rokuChannel&deviceModel=web&deviceType=rokuChannel&deviceVersion=1.0&embedPartner=rokuChannel&genre=ROKU_ADS_CONTENT_GENRE&is_lat=1&platform=web&rdid=channel&studio_id=viacom&tags=ROKU_CONTENT_TAGS&already_redirected=true",
      "pic": "https://encrypted-tbn0.gstatic.com/images?q=tbn:ANd9GcQ8eE1A4ns7O24spCrmqcxJjLiMRVCWSZvmjA&usqp=CAU",
      "parse": false
    },
    {
      "name": "Pluto Dora TV",
      "url": "http://stitcher-ipv4.pluto.tv/v1/stitch/embed/hls/channel/5d14fb6c84dd37df3b4290c5/master.m3u8?deviceType=samsung-tvplus&deviceMake=samsung&deviceModel=samsung&deviceVersion=unknown&appVersion=unknown&deviceLat=0&deviceLon=0&deviceDNT=%7BTARGETOPT%7D&deviceId=%7BPSID%7D&advertisingId=%7BPSID%7D&us_privacy=1YNY&samsung_app_domain=%7BAPP_DOMAIN%7D&samsung_app_name=%7BAPP_NAME%7D&profileLimit=&profileFloor=&embedPartner=samsung-tvplus",
      "pic": "https://encrypted-tbn0.gstatic.com/images?q=tbn:ANd9GcQ8eE1A4ns7O24spCrmqcxJjLiMRVCWSZvmjA&usqp=CAU",
      "parse": false
    },
    {
      "name": "Pluto Family",
      "url": "https://service-stitcher.clusters.pluto.tv/v1/stitch/embed/hls/channel/5dc3fc6b9133f500099c7d98/master.m3u8?advertisingId=channel&appName=rokuchannel&appVersion=1.0&bmodel=bm1&channel_id=channel&content=channel&content_rating=ROKU_ADS_CONTENT_RATING&content_type=livefeed&coppa=false&deviceDNT=1&deviceId=channel&deviceMake=rokuChannel&deviceModel=web&deviceType=rokuChannel&deviceVersion=1.0&embedPartner=rokuChannel&genre=ROKU_ADS_CONTENT_GENRE&is_lat=1&platform=web&rdid=channel&studio_id=viacom&tags=ROKU_CONTENT_TAGS&already_redirected=true",
      "pic": "https://encrypted-tbn0.gstatic.com/images?q=tbn:ANd9GcQ8eE1A4ns7O24spCrmqcxJjLiMRVCWSZvmjA&usqp=CAU",
      "parse": false
    },
    {
      "name": "Pluto Find Out Why",
      "url": "http://stitcher-ipv4.pluto.tv/v1/stitch/embed/hls/channel/60faf9368c7ad900082bc9a8/master.m3u8?deviceType=samsung-tvplus&deviceMake=samsung&deviceModel=samsung&deviceVersion=unknown&appVersion=unknown&deviceLat=0&deviceLon=0&deviceDNT=%7BTARGETOPT%7D&deviceId=%7BPSID%7D&advertisingId=%7BPSID%7D&us_privacy=1YNY&samsung_app_domain=%7BAPP_DOMAIN%7D&samsung_app_name=%7BAPP_NAME%7D&profileLimit=&profileFloor=&embedPartner=samsung-tvplus",
      "pic": "https://encrypted-tbn0.gstatic.com/images?q=tbn:ANd9GcQ8eE1A4ns7O24spCrmqcxJjLiMRVCWSZvmjA&usqp=CAU",
      "parse": false
    },
    {
      "name": "Pluto Forever Kids",
      "url": "http://stitcher-ipv4.pluto.tv/v1/stitch/embed/hls/channel/56171fafada51f8004c4b40f/master.m3u8?deviceType=samsung-tvplus&deviceMake=samsung&deviceModel=samsung&deviceVersion=unknown&appVersion=unknown&deviceLat=0&deviceLon=0&deviceDNT=%7BTARGETOPT%7D&deviceId=%7BPSID%7D&advertisingId=%7BPSID%7D&us_privacy=1YNY&samsung_app_domain=%7BAPP_DOMAIN%7D&samsung_app_name=%7BAPP_NAME%7D&profileLimit=&profileFloor=&embedPartner=samsung-tvplus",
      "pic": "https://encrypted-tbn0.gstatic.com/images?q=tbn:ANd9GcQ8eE1A4ns7O24spCrmqcxJjLiMRVCWSZvmjA&usqp=CAU",
      "parse": false
    },
    {
      "name": "Pluto Kids Animation",
      "url": "https://service-stitcher.clusters.pluto.tv/stitch/hls/channel/5db0ad56edc89300090d2ebb/master.m3u8?advertisingId=&appName=web&appStoreUrl=&appVersion=DNT&app_name=&architecture=&buildVersion=&deviceDNT=0&deviceId=5db0ad56edc89300090d2ebb&deviceLat=&deviceLon=&deviceMake=web&deviceModel=web&deviceType=web&deviceVersion=DNT&includeExtendedEvents=false&marketingRegion=US&serverSideAds=false&sid=976&terminate=false&userId=",
      "pic": "https://encrypted-tbn0.gstatic.com/images?q=tbn:ANd9GcQ8eE1A4ns7O24spCrmqcxJjLiMRVCWSZvmjA&usqp=CAU",
      "parse": false
    },
    {
      "name": "Pluto Kids Movie Club",
      "url": "http://stitcher-ipv4.pluto.tv/v1/stitch/embed/hls/channel/5db0ad56edc89300090d2ebb/master.m3u8?deviceType=samsung-tvplus&deviceMake=samsung&deviceModel=samsung&deviceVersion=unknown&appVersion=unknown&deviceLat=0&deviceLon=0&deviceDNT=%7BTARGETOPT%7D&deviceId=%7BPSID%7D&advertisingId=%7BPSID%7D&us_privacy=1YNY&samsung_app_domain=%7BAPP_DOMAIN%7D&samsung_app_name=%7BAPP_NAME%7D&profileLimit=&profileFloor=&embedPartner=samsung-tvplus",
      "pic": "https://encrypted-tbn0.gstatic.com/images?q=tbn:ANd9GcQ8eE1A4ns7O24spCrmqcxJjLiMRVCWSZvmjA&usqp=CAU",
      "parse": false
    },
    {
      "name": "Pluto Nick",
      "url": "https://siloh.pluto.tv/lilo/production/Nick/01/master.m3u8",
      "pic": "https://encrypted-tbn0.gstatic.com/images?q=tbn:ANd9GcQ8eE1A4ns7O24spCrmqcxJjLiMRVCWSZvmjA&usqp=CAU",
      "parse": false
    },
    {
      "name": "Pluto Nick Jr.",
      "url": "https://siloh.pluto.tv/lilo/production/Nick/04/master_4.m3u8",
      "pic": "https://encrypted-tbn0.gstatic.com/images?q=tbn:ANd9GcQ8eE1A4ns7O24spCrmqcxJjLiMRVCWSZvmjA&usqp=CAU",
      "parse": false
    },
    {
      "name": "Pluto Nick Jr. Dora TV",
      "url": "https://siloh.pluto.tv/lilo/production/Nick/03/master_3.m3u8",
      "pic": "https://encrypted-tbn0.gstatic.com/images?q=tbn:ANd9GcQ8eE1A4ns7O24spCrmqcxJjLiMRVCWSZvmjA&usqp=CAU",
      "parse": false
    },
    {
      "name": "Pluto Nickelodeon Ninja Turtles",
      "url": "https://siloh.pluto.tv/lilo/production/Nick/02/master_2.m3u8",
      "pic": "https://encrypted-tbn0.gstatic.com/images?q=tbn:ANd9GcQ8eE1A4ns7O24spCrmqcxJjLiMRVCWSZvmjA&usqp=CAU",
      "parse": false
    },
    {
      "name": "Pluto Rainbow Squad",
      "url": "http://stitcher-ipv4.pluto.tv/v1/stitch/embed/hls/channel/60fb028c2e6a0c00075275a5/master.m3u8?deviceType=samsung-tvplus&deviceMake=samsung&deviceModel=samsung&deviceVersion=unknown&appVersion=unknown&deviceLat=0&deviceLon=0&deviceDNT=%7BTARGETOPT%7D&deviceId=%7BPSID%7D&advertisingId=%7BPSID%7D&us_privacy=1YNY&samsung_app_domain=%7BAPP_DOMAIN%7D&samsung_app_name=%7BAPP_NAME%7D&profileLimit=&profileFloor=&embedPartner=samsung-tvplus",
      "pic": "https://encrypted-tbn0.gstatic.com/images?q=tbn:ANd9GcQ8eE1A4ns7O24spCrmqcxJjLiMRVCWSZvmjA&usqp=CAU",
      "parse": false
    },
    {
      "name": "Pluto Retro Toons",
      "url": "https://service-stitcher.clusters.pluto.tv/v1/stitch/embed/hls/channel/5c5c2b9d8002db3c3e0b1c6d/master.m3u8?advertisingId=channel&appName=rokuchannel&appVersion=1.0&bmodel=bm1&channel_id=channel&content=channel&content_rating=ROKU_ADS_CONTENT_RATING&content_type=livefeed&coppa=false&deviceDNT=1&deviceId=channel&deviceMake=rokuChannel&deviceModel=web&deviceType=rokuChannel&deviceVersion=1.0&embedPartner=rokuChannel&genre=ROKU_ADS_CONTENT_GENRE&is_lat=1&platform=web&rdid=channel&studio_id=viacom&tags=ROKU_CONTENT_TAGS&already_redirected=true",
      "pic": "https://encrypted-tbn0.gstatic.com/images?q=tbn:ANd9GcQ8eE1A4ns7O24spCrmqcxJjLiMRVCWSZvmjA&usqp=CAU",
      "parse": false
    },
    {
      "name": "Pluto Team Spirit",
      "url": "http://stitcher-ipv4.pluto.tv/v1/stitch/embed/hls/channel/60f9ebb06f0b3d000746fbdb/master.m3u8?deviceType=samsung-tvplus&deviceMake=samsung&deviceModel=samsung&deviceVersion=unknown&appVersion=unknown&deviceLat=0&deviceLon=0&deviceDNT=%7BTARGETOPT%7D&deviceId=%7BPSID%7D&advertisingId=%7BPSID%7D&us_privacy=1YNY&samsung_app_domain=%7BAPP_DOMAIN%7D&samsung_app_name=%7BAPP_NAME%7D&profileLimit=&profileFloor=&embedPartner=samsung-tvplus",
      "pic": "https://encrypted-tbn0.gstatic.com/images?q=tbn:ANd9GcQ8eE1A4ns7O24spCrmqcxJjLiMRVCWSZvmjA&usqp=CAU",
      "parse": false
    },
    {
      "name": "Pluto Toku SHOUT Su",
      "url": "http://service-stitcher.clusters.pluto.tv/stitch/hls/channel/5c3f8f12a93c2d61b9990a4e/master.m3u8?advertisingId=&appName=web&appStoreUrl=&appVersion=DNT&app_name=&architecture=&buildVersion=&deviceDNT=0&deviceId=5c3f8f12a93c2d61b9990a4e&deviceLat=&deviceLon=&deviceMake=web&deviceModel=web&deviceType=web&deviceVersion=DNT&includeExtendedEvents=false&marketingRegion=US&serverSideAds=false&sid=848&terminate=false&userId=",
      "pic": "https://encrypted-tbn0.gstatic.com/images?q=tbn:ANd9GcQ8eE1A4ns7O24spCrmqcxJjLiMRVCWSZvmjA&usqp=CAU",
      "parse": false
    },
    {
      "name": "Rakuten Family (Denmark)",
      "url": "https://rakuten-family-10-dk.samsung.wurl.tv/playlist.m3u8",
      "pic": "https://encrypted-tbn0.gstatic.com/images?q=tbn:ANd9GcQLKCNmZAMxYZY5EgVrwfMKgTJwaqbi8yjGbw&usqp=CAU",
      "parse": false
    },
    {
      "name": "Rakuten Family (Denmark★PLEX)",
      "url": "https://rakuten-family-10-dk.plex.wurl.tv/playlist.m3u8",
      "pic": "https://encrypted-tbn0.gstatic.com/images?q=tbn:ANd9GcQLKCNmZAMxYZY5EgVrwfMKgTJwaqbi8yjGbw&usqp=CAU",
      "parse": false
    },
    {
      "name": "Rakuten Family (Ireland)",
      "url": "https://rakuten-family-13-ie.samsung.wurl.tv/playlist.m3u8",
      "pic": "https://encrypted-tbn0.gstatic.com/images?q=tbn:ANd9GcQLKCNmZAMxYZY5EgVrwfMKgTJwaqbi8yjGbw&usqp=CAU",
      "parse": false
    },
    {
      "name": "Rakuten Family (Netherlands)",
      "url": "https://rakuten-family-8-nl.samsung.wurl.tv/playlist.m3u8",
      "pic": "https://encrypted-tbn0.gstatic.com/images?q=tbn:ANd9GcQLKCNmZAMxYZY5EgVrwfMKgTJwaqbi8yjGbw&usqp=CAU",
      "parse": false
    },
    {
      "name": "Rakuten Family (Netherlands★PLEX)",
      "url": "https://rakuten-family-8-nl.plex.wurl.tv/playlist.m3u8",
      "pic": "https://encrypted-tbn0.gstatic.com/images?q=tbn:ANd9GcQLKCNmZAMxYZY5EgVrwfMKgTJwaqbi8yjGbw&usqp=CAU",
      "parse": false
    },
    {
      "name": "Rakuten Family (Sweden)",
      "url": "https://rakuten-family-9-se.samsung.wurl.tv/playlist.m3u8",
      "pic": "https://encrypted-tbn0.gstatic.com/images?q=tbn:ANd9GcQLKCNmZAMxYZY5EgVrwfMKgTJwaqbi8yjGbw&usqp=CAU",
      "parse": false
    },
    {
      "name": "Rakuten Family (Sweden★PLEX)",
      "url": "https://rakuten-family-9-se.plex.wurl.tv/playlist.m3u8",
      "pic": "https://encrypted-tbn0.gstatic.com/images?q=tbn:ANd9GcQLKCNmZAMxYZY5EgVrwfMKgTJwaqbi8yjGbw&usqp=CAU",
      "parse": false
    },
    {
      "name": "Rakuten Family (UK)",
      "url": "https://rakuten-family-1-eu.rakuten.wurl.tv/playlist.m3u8",
      "pic": "https://encrypted-tbn0.gstatic.com/images?q=tbn:ANd9GcQLKCNmZAMxYZY5EgVrwfMKgTJwaqbi8yjGbw&usqp=CAU",
      "parse": false
    },
    {
      "name": "Rakuten Family (UK★PLEX)",
      "url": "https://rakuten-family-1-gb.plex.wurl.tv/playlist.m3u8",
      "pic": "https://encrypted-tbn0.gstatic.com/images?q=tbn:ANd9GcQLKCNmZAMxYZY5EgVrwfMKgTJwaqbi8yjGbw&usqp=CAU",
      "parse": false
    },
    {
      "name": "STIRR CONtv",
      "url": "https://contv-tcl.amagi.tv/playlist.m3u8",
      "pic": "https://encrypted-tbn0.gstatic.com/images?q=tbn:ANd9GcT71IK54XkrswO7TEKnFKClKiGjmxT4QyG2aA&usqp=CAU",
      "parse": false
    },
    {
      "name": "STIRR CONtv Anime",
      "url": "https://contvanime-tcl.amagi.tv/playlist.m3u8",
      "pic": "https://encrypted-tbn0.gstatic.com/images?q=tbn:ANd9GcT71IK54XkrswO7TEKnFKClKiGjmxT4QyG2aA&usqp=CAU",
      "parse": false
    },
    {
      "name": "TVS Pinball Network (480p)",
      "url": "https://rpn1.bozztv.com/36bay2/gusa-TVSCartoonNetwork/index.m3u8",
      "pic": "https://encrypted-tbn0.gstatic.com/images?q=tbn:ANd9GcQoc8meZQ7olnc4ReSQSv0hyIdsoj517-qmUg&usqp=CAU",
      "parse": false
    },
    {
      "name": "XUMO Kabillion",
      "url": "https://dai2.xumo.com/amagi_hls_data_xumo1212A-redboxkabillion/CDN/playlist.m3u8",
      "pic": "https://encrypted-tbn0.gstatic.com/images?q=tbn:ANd9GcTr73ageoYl5QbOdX7lx4MvBMWlF7bFoZI__w&usqp=CAU",
      "parse": false
    },
    {
      "name": "BesTV 童年国漫",
      "url": "http://bp-caster.bestv.com.cn/486/1/video.m3u8",
      "pic": "https://encrypted-tbn0.gstatic.com/images?q=tbn:ANd9GcQmDoq1TinsCfx1vpH-ZHi_9s0muacXfxbxmg&usqp=CAU",
      "parse": false
    }
  ]
}
