{
  "data": [
    {
      "name": "90210 Beverly Hills 1990-2000",
      "url": "https://stitcher-ipv4.pluto.tv/v1/stitch/embed/hls/channel/5f4d83e0a382c00007bc02e7/master.m3u8?advertisingId=channel&appName=rokuchannel&appVersion=1.0&bmodel=bm1&channel_id=channel&content=channel&content_rating=ROKU_ADS_CONTENT_RATING&content_type=livefeed&coppa=false&deviceDNT=1&deviceId=channel&deviceMake=rokuChannel&deviceModel=web&deviceType=rokuChannel&deviceVersion=1.0&embedPartner=rokuChannel&genre=ROKU_ADS_CONTENT_GENRE&is_lat=1&platform=web&rdid=channel&studio_id=viacom&tags=ROKU_CONTENT_TAGS&already_redirected=true",
      "pic": "https://encrypted-tbn0.gstatic.com/images?q=tbn:ANd9GcQbIh7nN7nY5dLXiDNKZUwFuvTQERRN1_Dskg&usqp=CAU",
      "parse": false
    },
    {
      "name": "Alf 1986-1990",
      "url": "https://97bd5884f7a348aa93b50e48d031be0e.mediatailor.us-east-1.amazonaws.com/v1/master/f4e8c53a8367a5b58e20ce054ea3ce25a3e904d3/ONO_ALF/playlist.m3u8",
      "pic": "https://encrypted-tbn0.gstatic.com/images?q=tbn:ANd9GcSd_ClHGxAbhPn8fTrr4eaibj5ndJdCcZ_TJg&usqp=CAU",
      "parse": false
    },
    {
      "name": "Andromeda 2000-2005",
      "url": "https://service-stitcher.clusters.pluto.tv/v1/stitch/embed/hls/channel/5e8db96bccae160007c71eec/master.m3u8?advertisingId=channel&appName=rokuchannel&appVersion=1.0&bmodel=bm1&channel_id=channel&content=channel&content_rating=ROKU_ADS_CONTENT_RATING&content_type=livefeed&coppa=false&deviceDNT=1&deviceId=channel&deviceMake=rokuChannel&deviceModel=web&deviceType=rokuChannel&deviceVersion=1.0&embedPartner=rokuChannel&genre=ROKU_ADS_CONTENT_GENRE&is_lat=1&platform=web&rdid=channel&studio_id=viacom&tags=ROKU_CONTENT_TAGS&already_redirected=true",
      "pic": "https://encrypted-tbn0.gstatic.com/images?q=tbn:ANd9GcTMy7KHkkDUw8OMEqUqOtu2xNtQW72Mkyzrow&usqp=CAU",
      "parse": false
    },
    {
      "name": "Anger Management 2012-2014",
      "url": "https://lnc-anger-management.tubi.video/playlist.m3u8",
      "pic": "https://encrypted-tbn0.gstatic.com/images?q=tbn:ANd9GcSm6nb5ACb7EgbAM_sPwJCNtOinwuE9Z-zk2A&usqp=CAU",
      "parse": false
    },
    {
      "name": "Are We There Yet? 2010-2013",
      "url": "https://lnc-are-we-there-yet.tubi.video/playlist.m3u8",
      "pic": "https://encrypted-tbn0.gstatic.com/images?q=tbn:ANd9GcQqfTK92bGMFSCxtA3CLEB2Q19VSenlKuF46g&usqp=CAU",
      "parse": false
    },
    {
      "name": "Baywatch 1989-2001 (Canada)",
      "url": "https://d22ljxpuae2sin.cloudfront.net/playlist.m3u8",
      "pic": "https://encrypted-tbn0.gstatic.com/images?q=tbn:ANd9GcQR4A1h-quDi4AusK57pO52ivZSA6gB2KQr6A&usqp=CAU",
      "parse": false
    },
    {
      "name": "Baywatch 1989-2001 (US★Pluto)",
      "url": "https://service-stitcher.clusters.pluto.tv/v1/stitch/embed/hls/channel/5d815eb889bca2ce7b746fdd/master.m3u8?advertisingId=channel&appName=rokuchannel&appVersion=1.0&bmodel=bm1&channel_id=channel&content=channel&content_rating=ROKU_ADS_CONTENT_RATING&content_type=livefeed&coppa=false&deviceDNT=1&deviceId=channel&deviceMake=rokuChannel&deviceModel=web&deviceType=rokuChannel&deviceVersion=1.0&embedPartner=rokuChannel&genre=ROKU_ADS_CONTENT_GENRE&is_lat=1&platform=web&rdid=channel&studio_id=viacom&tags=ROKU_CONTENT_TAGS&already_redirected=true",
      "pic": "https://encrypted-tbn0.gstatic.com/images?q=tbn:ANd9GcQOlAAWjFVpNWy9egzIjy1BzNiMyNgQvwiKfg&usqp=CAU",
      "parse": false
    },
    {
      "name": "Baywatch 1989-2001 (US★Tubi)",
      "url": "https://lnc-baywatch.tubi.video/playlist.m3u8",
      "pic": "https://encrypted-tbn0.gstatic.com/images?q=tbn:ANd9GcQOlAAWjFVpNWy9egzIjy1BzNiMyNgQvwiKfg&usqp=CAU",
      "parse": false
    },
    {
      "name": "BBC Silent Witness〘1996-?〙AND New Tricks〘2003-2015〙",
      "url": "https://lnc-bbc-silent-witness-new-tricks.tubi.video/playlist.m3u8",
      "pic": "https://encrypted-tbn0.gstatic.com/images?q=tbn:ANd9GcQMm_3_e7xbrOP6ONh31-P5KvarB57f2zVh4w&usqp=CAU",
      "parse": false
    },
    {
      "name": "Black Jesus 2014-2019",
      "url": "https://adultswim-vodlive.cdn.turner.com/live/black-jesus/stream_de.m3u8",
      "pic": "https://encrypted-tbn0.gstatic.com/images?q=tbn:ANd9GcTFrAjvQmFbWOFY7Z4cszVpgpKr8Wfz95fK_w&usqp=CAU",
      "parse": false
    },
    {
      "name": "CSI 2000-2015",
      "url": "https://service-stitcher.clusters.pluto.tv/stitch/hls/channel/5efbd29e4aa26700076c0d06/master.m3u8?advertisingId=&appName=web&appStoreUrl=&appVersion=DNT&app_name=&architecture=&buildVersion=&deviceDNT=0&deviceId=5efbd29e4aa26700076c0d06&deviceLat=&deviceLon=&deviceMake=web&deviceModel=web&deviceType=web&deviceVersion=DNT&includeExtendedEvents=false&marketingRegion=US&serverSideAds=false&sid=355&terminate=false&userId=",
      "pic": "https://encrypted-tbn0.gstatic.com/images?q=tbn:ANd9GcSb-iGCzEWaHRGfKxjtWTBEJ49_IwaKIFLYFw&usqp=CAU",
      "parse": false
    },
    {
      "name": "Degrassi 2001-2010",
      "url": "https://service-stitcher.clusters.pluto.tv/v1/stitch/embed/hls/channel/5c6eeb85c05dfc257e5a50c4/master.m3u8?advertisingId=channel&appName=rokuchannel&appVersion=1.0&bmodel=bm1&channel_id=channel&content=channel&content_rating=ROKU_ADS_CONTENT_RATING&content_type=livefeed&coppa=false&deviceDNT=1&deviceId=channel&deviceMake=rokuChannel&deviceModel=web&deviceType=rokuChannel&deviceVersion=1.0&embedPartner=rokuChannel&genre=ROKU_ADS_CONTENT_GENRE&is_lat=1&platform=web&rdid=channel&studio_id=viacom&tags=ROKU_CONTENT_TAGS&already_redirected=true",
      "pic": "https://encrypted-tbn0.gstatic.com/images?q=tbn:ANd9GcTxCTG-mn23T3WRJI53GLtcRyDjL0sZjmw6Jg&usqp=CAU",
      "parse": false
    },
    {
      "name": "Degrassi：The Next Generation 2010-2015",
      "url": "https://d365kok94jpr38.cloudfront.net/v1/master/3722c60a815c199d9c0ef36c5b73da68a62b09d1/cc-2xcmoue1get1c/playlist.m3u8",
      "pic": "https://encrypted-tbn0.gstatic.com/images?q=tbn:ANd9GcRICuO0dorqvYezQbS--4y2VNHpvHi0rPWv4w&usqp=CAU",
      "parse": false
    },
    {
      "name": "Doctor Who Classic 1963-1989 (Pluto)",
      "url": "https://service-stitcher.clusters.pluto.tv/v1/stitch/embed/hls/channel/5ce4475cd43850831ca91ce7/master.m3u8?advertisingId=channel&appName=rokuchannel&appVersion=1.0&bmodel=bm1&channel_id=channel&content=channel&content_rating=ROKU_ADS_CONTENT_RATING&content_type=livefeed&coppa=false&deviceDNT=1&deviceId=channel&deviceMake=rokuChannel&deviceModel=web&deviceType=rokuChannel&deviceVersion=1.0&embedPartner=rokuChannel&genre=ROKU_ADS_CONTENT_GENRE&is_lat=1&platform=web&rdid=channel&studio_id=viacom&tags=ROKU_CONTENT_TAGS&already_redirected=true",
      "pic": "https://encrypted-tbn0.gstatic.com/images?q=tbn:ANd9GcRWNQlBHzgb81SThl-5BaO-TMAyt0goMXk7VQ&usqp=CAU",
      "parse": false
    },
    {
      "name": "Doctor Who Classic 1963-1989 (Tubi)",
      "url": "https://lnc-dr-who.tubi.video/playlist.m3u8",
      "pic": "https://encrypted-tbn0.gstatic.com/images?q=tbn:ANd9GcRWNQlBHzgb81SThl-5BaO-TMAyt0goMXk7VQ&usqp=CAU",
      "parse": false
    },
    {
      "name": "Family Ties 1982-1989",
      "url": "https://service-stitcher.clusters.pluto.tv/v1/stitch/embed/hls/channel/5f77939a630f530007dde654/master.m3u8?advertisingId=channel&appName=rokuchannel&appVersion=1.0&bmodel=bm1&channel_id=channel&content=channel&content_rating=ROKU_ADS_CONTENT_RATING&content_type=livefeed&coppa=false&deviceDNT=1&deviceId=channel&deviceMake=rokuChannel&deviceModel=web&deviceType=rokuChannel&deviceVersion=1.0&embedPartner=rokuChannel&genre=ROKU_ADS_CONTENT_GENRE&is_lat=1&platform=web&rdid=channel&studio_id=viacom&tags=ROKU_CONTENT_TAGS&already_redirected=true",
      "pic": "https://encrypted-tbn0.gstatic.com/images?q=tbn:ANd9GcSHNELQnwnQOoF2f4oy-n-G04ad81S9y3aduA&usqp=CAU",
      "parse": false
    },
    {
      "name": "Farscape 1999-2003",
      "url": "https://a8d3367c658948afb1901efdd9babe5b.mediatailor.us-east-1.amazonaws.com/v1/master/f4e8c53a8367a5b58e20ce054ea3ce25a3e904d3/ONO_Farscape/playlist.m3u8",
      "pic": "https://encrypted-tbn0.gstatic.com/images?q=tbn:ANd9GcT-zW0DtN3oCdh_odY3Wf59Ys5HhVOVirPXPg&usqp=CAU",
      "parse": false
    },
    {
      "name": "Happy Days 1974-1984",
      "url": "https://stitcher-ipv4.pluto.tv/v1/stitch/embed/hls/channel/5f7794162a4559000781fc12/master.m3u8?advertisingId=channel&appName=rokuchannel&appVersion=1.0&bmodel=bm1&channel_id=channel&content=channel&content_rating=ROKU_ADS_CONTENT_RATING&content_type=livefeed&coppa=false&deviceDNT=1&deviceId=channel&deviceMake=rokuChannel&deviceModel=web&deviceType=rokuChannel&deviceVersion=1.0&embedPartner=rokuChannel&genre=ROKU_ADS_CONTENT_GENRE&is_lat=1&platform=web&rdid=channel&studio_id=viacom&tags=ROKU_CONTENT_TAGS&already_redirected=true",
      "pic": "https://encrypted-tbn0.gstatic.com/images?q=tbn:ANd9GcRMQzyBLOYcn354xdoA3SN5Ldsm5DdVUGkTqw&usqp=CAU",
      "parse": false
    },
    {
      "name": "Heartland 2007-? (Canada)",
      "url": "https://d76toswjmqqzm.cloudfront.net/playlist.m3u8",
      "pic": "https://encrypted-tbn0.gstatic.com/images?q=tbn:ANd9GcT4QDYdHz46Kcd7fzYkkAG_AwXryvFCHxqFSQ&usqp=CAU",
      "parse": false
    },
    {
      "name": "Heartland 2007-? (US)",
      "url": "https://lnc-heartland.tubi.video/index.m3u8",
      "pic": "https://encrypted-tbn0.gstatic.com/images?q=tbn:ANd9GcT4QDYdHz46Kcd7fzYkkAG_AwXryvFCHxqFSQ&usqp=CAU",
      "parse": false
    },
    {
      "name": "Hunter 1984-1991",
      "url": "https://service-stitcher.clusters.pluto.tv/v1/stitch/embed/hls/channel/5c99f5810c95814ff92512f9/master.m3u8?advertisingId=channel&appName=rokuchannel&appVersion=1.0&bmodel=bm1&channel_id=channel&content=channel&content_rating=ROKU_ADS_CONTENT_RATING&content_type=livefeed&coppa=false&deviceDNT=1&deviceId=channel&deviceMake=rokuChannel&deviceModel=web&deviceType=rokuChannel&deviceVersion=1.0&embedPartner=rokuChannel&genre=ROKU_ADS_CONTENT_GENRE&is_lat=1&platform=web&rdid=channel&studio_id=viacom&tags=ROKU_CONTENT_TAGS&already_redirected=true",
      "pic": "https://encrypted-tbn0.gstatic.com/images?q=tbn:ANd9GcSmQylchIDLbzbperrfON0WaJOH6sUJr0yDuQ&usqp=CAU",
      "parse": false
    },
    {
      "name": "Midsomer Murders 1997-? (Pluto)",
      "url": "https://service-stitcher.clusters.pluto.tv/stitch/hls/channel/5cbf6a868a1bce4a3d52a5e9/master.m3u8?advertisingId=&appName=web&appStoreUrl=&appVersion=DNT&app_name=&architecture=&buildVersion=&deviceDNT=0&deviceId=5cbf6a868a1bce4a3d52a5e9&deviceLat=&deviceLon=&deviceMake=web&deviceModel=web&deviceType=web&deviceVersion=DNT&includeExtendedEvents=false&marketingRegion=US&serverSideAds=false&sid=385&terminate=false&userId=",
      "pic": "https://encrypted-tbn0.gstatic.com/images?q=tbn:ANd9GcRQJj-eBCgoTWLh3mR_2Eyuy7Cvaa6dm0md3w&usqp=CAU",
      "parse": false
    },
    {
      "name": "Midsomer Murders 1997-? (Tubi)",
      "url": "https://lnc-midsomer-murders.tubi.video/playlist.m3u8",
      "pic": "https://encrypted-tbn0.gstatic.com/images?q=tbn:ANd9GcRQJj-eBCgoTWLh3mR_2Eyuy7Cvaa6dm0md3w&usqp=CAU",
      "parse": false
    },
    {
      "name": "Mission Impossible 1966-1973",
      "url": "https://service-stitcher.clusters.pluto.tv/v1/stitch/embed/hls/channel/5f77977bd924d80007eee60c/master.m3u8?advertisingId=channel&appName=rokuchannel&appVersion=1.0&bmodel=bm1&channel_id=channel&content=channel&content_rating=ROKU_ADS_CONTENT_RATING&content_type=livefeed&coppa=false&deviceDNT=1&deviceId=channel&deviceMake=rokuChannel&deviceModel=web&deviceType=rokuChannel&deviceVersion=1.0&embedPartner=rokuChannel&genre=ROKU_ADS_CONTENT_GENRE&is_lat=1&platform=web&rdid=channel&studio_id=viacom&tags=ROKU_CONTENT_TAGS&already_redirected=true",
      "pic": "https://encrypted-tbn0.gstatic.com/images?q=tbn:ANd9GcST2hV5BrRocvJgigZYp51H0sw8jbOCm9rDaA&usqp=CAU",
      "parse": false
    },
    {
      "name": "Sherlock Holmes 1954",
      "url": "https://service-stitcher.clusters.pluto.tv/v1/stitch/embed/hls/channel/5dc2c00abfed110009d97243/master.m3u8?advertisingId=channel&appName=rokuchannel&appVersion=1.0&bmodel=bm1&channel_id=channel&content=channel&content_rating=ROKU_ADS_CONTENT_RATING&content_type=livefeed&coppa=false&deviceDNT=1&deviceId=channel&deviceMake=rokuChannel&deviceModel=web&deviceType=rokuChannel&deviceVersion=1.0&embedPartner=rokuChannel&genre=ROKU_ADS_CONTENT_GENRE&is_lat=1&platform=web&rdid=channel&studio_id=viacom&tags=ROKU_CONTENT_TAGS&already_redirected=true",
      "pic": "https://encrypted-tbn0.gstatic.com/images?q=tbn:ANd9GcT6FhkfHg1jrr_1HUmHunUcbD_J_uefYVeyrw&usqp=CAU",
      "parse": false
    },
    {
      "name": "Star Trek 1966-?",
      "url": "https://service-stitcher.clusters.pluto.tv/v1/stitch/embed/hls/channel/5efbd39f8c4ce900075d7698/master.m3u8?advertisingId=channel&appName=rokuchannel&appVersion=1.0&bmodel=bm1&channel_id=channel&content=channel&content_rating=ROKU_ADS_CONTENT_RATING&content_type=livefeed&coppa=false&deviceDNT=1&deviceId=channel&deviceMake=rokuChannel&deviceModel=web&deviceType=rokuChannel&deviceVersion=1.0&embedPartner=rokuChannel&genre=ROKU_ADS_CONTENT_GENRE&is_lat=1&platform=web&rdid=channel&studio_id=viacom&tags=ROKU_CONTENT_TAGS&already_redirected=true",
      "pic": "https://encrypted-tbn0.gstatic.com/images?q=tbn:ANd9GcSI8fEoZlT5nRTgh8ymQXiwtpBU4hrq9Aqm3A&usqp=CAU",
      "parse": false
    },
    {
      "name": "The Addams Family 1964-1966",
      "url": "https://service-stitcher.clusters.pluto.tv/v1/stitch/embed/hls/channel/5d81607ab737153ea3c1c80e/master.m3u8?advertisingId=channel&appName=rokuchannel&appVersion=1.0&bmodel=bm1&channel_id=channel&content=channel&content_rating=ROKU_ADS_CONTENT_RATING&content_type=livefeed&coppa=false&deviceDNT=1&deviceId=channel&deviceMake=rokuChannel&deviceModel=web&deviceType=rokuChannel&deviceVersion=1.0&embedPartner=rokuChannel&genre=ROKU_ADS_CONTENT_GENRE&is_lat=1&platform=web&rdid=channel&studio_id=viacom&tags=ROKU_CONTENT_TAGS&already_redirected=true",
      "pic": "https://encrypted-tbn0.gstatic.com/images?q=tbn:ANd9GcTQnxbaxTkyyjWLSXR1Y6h1DehsrJ3nJLBLgw&usqp=CAU",
      "parse": false
    },
    {
      "name": "The Carol Burnett Show 1967-1978",
      "url": "https://carolburnett-roku.amagi.tv/playlist.m3u8",
      "pic": "https://encrypted-tbn0.gstatic.com/images?q=tbn:ANd9GcTG6Ykk_24rccyYitk33supSiD0o99T24zzNQ&usqp=CAU",
      "parse": false
    },
    {
      "name": "The Love Boat 1977-1986",
      "url": "https://service-stitcher.clusters.pluto.tv/v1/stitch/embed/hls/channel/5f7794a788d29000079d2f07/master.m3u8?advertisingId=channel&appName=rokuchannel&appVersion=1.0&bmodel=bm1&channel_id=channel&content=channel&content_rating=ROKU_ADS_CONTENT_RATING&content_type=livefeed&coppa=false&deviceDNT=1&deviceId=channel&deviceMake=rokuChannel&deviceModel=web&deviceType=rokuChannel&deviceVersion=1.0&embedPartner=rokuChannel&genre=ROKU_ADS_CONTENT_GENRE&is_lat=1&platform=web&rdid=channel&studio_id=viacom&tags=ROKU_CONTENT_TAGS&already_redirected=true",
      "pic": "https://encrypted-tbn0.gstatic.com/images?q=tbn:ANd9GcTOzST7D1emrZVNVCyNH9wqgI1o-ZISg79Ehg&usqp=CAU",
      "parse": false
    },
    {
      "name": "The Rifleman 1958-1963 (FilmRise)",
      "url": "https://lnc-rifleman-filmrise.tubi.video/index.m3u8",
      "pic": "https://encrypted-tbn0.gstatic.com/images?q=tbn:ANd9GcQbhqNHhWNJdUu8wZOtwflTtv4RtWXQKucppg&usqp=CAU",
      "parse": false
    },
    {
      "name": "The Rifleman 1958-1963 (Pluto)",
      "url": "https://service-stitcher.clusters.pluto.tv/v1/stitch/embed/hls/channel/5e825550e758c700077b0aef/master.m3u8?advertisingId=channel&appName=rokuchannel&appVersion=1.0&bmodel=bm1&channel_id=channel&content=channel&content_rating=ROKU_ADS_CONTENT_RATING&content_type=livefeed&coppa=false&deviceDNT=1&deviceId=channel&deviceMake=rokuChannel&deviceModel=web&deviceType=rokuChannel&deviceVersion=1.0&embedPartner=rokuChannel&genre=ROKU_ADS_CONTENT_GENRE&is_lat=1&platform=web&rdid=channel&studio_id=viacom&tags=ROKU_CONTENT_TAGS&already_redirected=true",
      "pic": "https://encrypted-tbn0.gstatic.com/images?q=tbn:ANd9GcQbhqNHhWNJdUu8wZOtwflTtv4RtWXQKucppg&usqp=CAU",
      "parse": false
    },
    {
      "name": "Three's Company 1977-1984",
      "url": "https://service-stitcher.clusters.pluto.tv/v1/stitch/embed/hls/channel/5ef3977e5d773400077de284/master.m3u8?advertisingId=channel&appName=rokuchannel&appVersion=1.0&bmodel=bm1&channel_id=channel&content=channel&content_rating=ROKU_ADS_CONTENT_RATING&content_type=livefeed&coppa=false&deviceDNT=1&deviceId=channel&deviceMake=rokuChannel&deviceModel=web&deviceType=rokuChannel&deviceVersion=1.0&embedPartner=rokuChannel&genre=ROKU_ADS_CONTENT_GENRE&is_lat=1&platform=web&rdid=channel&studio_id=viacom&tags=ROKU_CONTENT_TAGS&already_redirected=true",
      "pic": "https://encrypted-tbn0.gstatic.com/images?q=tbn:ANd9GcRbm7K07ibq1PSL9AUaMaacmvqI2tHqzuM_xw&usqp=CAU",
      "parse": false
    },
    {
      "name": "Your Pretty Face Is Going to Hell 2013-2019",
      "url": "https://adultswim-vodlive.cdn.turner.com/live/ypf/stream_de.m3u8",
      "pic": "https://encrypted-tbn0.gstatic.com/images?q=tbn:ANd9GcQJRgSlvEDVDpr24RXEr8d0TIoxDhTrgP_i8w&usqp=CAU",
      "parse": false
    },
    {
      "name": "大秦帝国（裂变、纵横、崛起）2009－2017",
      "url": "https://live.metshop.top/douyu/6582435",
      "pic": "https://encrypted-tbn0.gstatic.com/images?q=tbn:ANd9GcR9J7RE1ugGnS75z32yrmNmbnaQHsHmBd_N3g&usqp=CAU",
      "parse": false
    },
    {
      "name": "雍正王朝 1999",
      "url": "https://live.metshop.top/yy/1356043620",
      "pic": "https://encrypted-tbn0.gstatic.com/images?q=tbn:ANd9GcSJzelFtbWLZhAl3enlESekpMWaMd_7HWaVtA&usqp=CAU",
      "parse": false
    },
    {
      "name": "康熙王朝 2001",
      "url": "https://live.metshop.top/douyu/9650836",
      "pic": "https://encrypted-tbn0.gstatic.com/images?q=tbn:ANd9GcTpWWZosqSI15t5-Od4qzBlNxzexCdPp4u8GQ&usqp=CAU",
      "parse": false
    },
    {
      "name": "康熙微服私访记 1997-2003",
      "url": "https://live.metshop.top/douyu/7550220",
      "pic": "https://encrypted-tbn0.gstatic.com/images?q=tbn:ANd9GcTzrDHULcBtCOVUx3SqNl7lJO8AKtLUqFPTjQ&usqp=CAU",
      "parse": false
    },
    {
      "name": "铁齿铜牙纪晓岚 1999-2008",
      "url": "https://live.metshop.top/douyu/9071554",
      "pic": "https://encrypted-tbn0.gstatic.com/images?q=tbn:ANd9GcS_uGalOYfEJTwr0WPb0gR4lOEuYcckce_INQ&usqp=CAU",
      "parse": false
    },
    {
      "name": "仙剑奇侠传 2005",
      "url": "https://live.metshop.top/yy/1382749903",
      "pic": "https://encrypted-tbn0.gstatic.com/images?q=tbn:ANd9GcReKXq-mvQ0T70KY-cdApGi0ecVY1YCckfR_A&usqp=CAU",
      "parse": false
    },
    {
      "name": "Electric Now",
      "url": "https://stream.ads.ottera.tv/playlist.m3u8?network_id=53",
      "pic": "https://encrypted-tbn0.gstatic.com/images?q=tbn:ANd9GcRYVRB2M29gZxoF0QbtGzpSR-MD0O9_iTESQA&usqp=CAU",
      "parse": false
    },
    {
      "name": "FilmRise Sci-Fi (Finland)",
      "url": "https://d39g1vxj2ef6in.cloudfront.net/v1/manifest/3fec3e5cac39a52b2132f9c66c83dae043dc17d4/prod-rakuten-stitched/d658fce8-d72e-4407-ba5b-14b823553af5/5.m3u8",
      "pic": "https://encrypted-tbn0.gstatic.com/images?q=tbn:ANd9GcRYVRB2M29gZxoF0QbtGzpSR-MD0O9_iTESQA&usqp=CAU",
      "parse": false
    },
    {
      "name": "ion",
      "url": "https://scripps-ion-1-us.samsung.wurl.tv/playlist.m3u8",
      "pic": "https://encrypted-tbn0.gstatic.com/images?q=tbn:ANd9GcRYVRB2M29gZxoF0QbtGzpSR-MD0O9_iTESQA&usqp=CAU",
      "parse": false
    },
    {
      "name": "ion MYSTERY",
      "url": "https://scripps-ionmystery-1-us.xumo.wurl.tv/playlist.m3u8",
      "pic": "https://encrypted-tbn0.gstatic.com/images?q=tbn:ANd9GcRYVRB2M29gZxoF0QbtGzpSR-MD0O9_iTESQA&usqp=CAU",
      "parse": false
    },
    {
      "name": "ion PLUS",
      "url": "https://ion-plus.samsung.wurl.com/manifest/playlist.m3u8",
      "pic": "https://encrypted-tbn0.gstatic.com/images?q=tbn:ANd9GcRYVRB2M29gZxoF0QbtGzpSR-MD0O9_iTESQA&usqp=CAU",
      "parse": false
    },
    {
      "name": "KBS World",
      "url": "https://kbsworld-ott.akamaized.net:443/hls/live/2002341/kbsworld/01.m3u8",
      "pic": "https://encrypted-tbn0.gstatic.com/images?q=tbn:ANd9GcRYVRB2M29gZxoF0QbtGzpSR-MD0O9_iTESQA&usqp=CAU",
      "parse": false
    },
    {
      "name": "MHz Choice (Canada)",
      "url": "https://mhz-samsung-linear-ca.samsung.wurl.tv/playlist.m3u8",
      "pic": "https://encrypted-tbn0.gstatic.com/images?q=tbn:ANd9GcRYVRB2M29gZxoF0QbtGzpSR-MD0O9_iTESQA&usqp=CAU",
      "parse": false
    },
    {
      "name": "AS Williams Stream",
      "url": "http://adultswim-vodlive.cdn.turner.com/live/williams-stream/stream_html5.m3u8",
      "pic": "https://encrypted-tbn0.gstatic.com/images?q=tbn:ANd9GcTyE3clRuB3Mo45qxercFLpCuHDruEQl0JQvw&usqp=CAU",
      "parse": false
    },
    {
      "name": "Pluto BET",
      "url": "http://service-stitcher.clusters.pluto.tv/stitch/hls/channel/5ca670f6593a5d78f0e85aed/master.m3u8?advertisingId=&appName=web&appStoreUrl=&appVersion=DNT&app_name=&architecture=&buildVersion=&deviceDNT=0&deviceId=5ca670f6593a5d78f0e85aed&deviceLat=&deviceLon=&deviceMake=web&deviceModel=web&deviceType=web&deviceVersion=DNT&includeExtendedEvents=false&marketingRegion=US&serverSideAds=false&sid=174&terminate=false&userId=",
      "pic": "https://encrypted-tbn0.gstatic.com/images?q=tbn:ANd9GcQ8eE1A4ns7O24spCrmqcxJjLiMRVCWSZvmjA&usqp=CAU",
      "parse": false
    },
    {
      "name": "Pluto Kevin Hart's LOL!",
      "url": "https://service-stitcher.clusters.pluto.tv/stitch/hls/channel/5af09e645126c2157123f9eb/master.m3u8?advertisingId=&appName=web&appStoreUrl=&appVersion=DNT&app_name=&architecture=&buildVersion=&deviceDNT=0&deviceId=5af09e645126c2157123f9eb&deviceLat=&deviceLon=&deviceMake=web&deviceModel=web&deviceType=web&deviceVersion=DNT&includeExtendedEvents=false&marketingRegion=US&serverSideAds=false&sid=462&terminate=false&userId=",
      "pic": "https://encrypted-tbn0.gstatic.com/images?q=tbn:ANd9GcQ8eE1A4ns7O24spCrmqcxJjLiMRVCWSZvmjA&usqp=CAU",
      "parse": false
    },
    {
      "name": "Pluto Toku SHOUT Su",
      "url": "https://service-stitcher.clusters.pluto.tv/v1/stitch/embed/hls/channel/5c3f8f12a93c2d61b9990a4e/master.m3u8?advertisingId=channel&appName=rokuchannel&appVersion=1.0&bmodel=bm1&channel_id=channel&content=channel&content_rating=ROKU_ADS_CONTENT_RATING&content_type=livefeed&coppa=false&deviceDNT=1&deviceId=channel&deviceMake=rokuChannel&deviceModel=web&deviceType=rokuChannel&deviceVersion=1.0&embedPartner=rokuChannel&genre=ROKU_ADS_CONTENT_GENRE&is_lat=1&platform=web&rdid=channel&studio_id=viacom&tags=ROKU_CONTENT_TAGS&already_redirected=true",
      "pic": "https://encrypted-tbn0.gstatic.com/images?q=tbn:ANd9GcQ8eE1A4ns7O24spCrmqcxJjLiMRVCWSZvmjA&usqp=CAU",
      "parse": false
    },
    {
      "name": "Pluto TV Land Sitcoms",
      "url": "https://service-stitcher.clusters.pluto.tv/v1/stitch/embed/hls/channel/5c2d64ffbdf11b71587184b8/master.m3u8?advertisingId=channel&appName=rokuchannel&appVersion=1.0&bmodel=bm1&channel_id=channel&content=channel&content_rating=ROKU_ADS_CONTENT_RATING&content_type=livefeed&coppa=false&deviceDNT=1&deviceId=channel&deviceMake=rokuChannel&deviceModel=web&deviceType=rokuChannel&deviceVersion=1.0&embedPartner=rokuChannel&genre=ROKU_ADS_CONTENT_GENRE&is_lat=1&platform=web&rdid=channel&studio_id=viacom&tags=ROKU_CONTENT_TAGS&already_redirected=true",
      "pic": "https://encrypted-tbn0.gstatic.com/images?q=tbn:ANd9GcQ8eE1A4ns7O24spCrmqcxJjLiMRVCWSZvmjA&usqp=CAU",
      "parse": false
    },
    {
      "name": "STIRR Charge! [2100-1500]",
      "url": "https://dai.google.com/linear/hls/event/e1QjWFRNSR2YFYGsPbkfgg/master.m3u8",
      "pic": "https://encrypted-tbn0.gstatic.com/images?q=tbn:ANd9GcT71IK54XkrswO7TEKnFKClKiGjmxT4QyG2aA&usqp=CAU",
      "parse": false
    },
    {
      "name": "STIRR Comet [2100-1500]",
      "url": "https://dai.google.com/linear/hls/event/83L2OqtGSZ6lbWt8ODomWg/master.m3u8",
      "pic": "https://encrypted-tbn0.gstatic.com/images?q=tbn:ANd9GcT71IK54XkrswO7TEKnFKClKiGjmxT4QyG2aA&usqp=CAU",
      "parse": false
    },
    {
      "name": "STIRR Electric Now",
      "url": "https://dai.google.com/linear/hls/event/KsvJAc81Qoewj6opYso6Fw/master.m3u8",
      "pic": "https://encrypted-tbn0.gstatic.com/images?q=tbn:ANd9GcT71IK54XkrswO7TEKnFKClKiGjmxT4QyG2aA&usqp=CAU",
      "parse": false
    },
    {
      "name": "STIRR Shout! Factory TV",
      "url": "https://dai.google.com/linear/hls/event/JX5KKhKKRPqchP3LfXD-1A/master.m3u8",
      "pic": "https://encrypted-tbn0.gstatic.com/images?q=tbn:ANd9GcT71IK54XkrswO7TEKnFKClKiGjmxT4QyG2aA&usqp=CAU",
      "parse": false
    },
    {
      "name": "XUMO Crackle",
      "url": "http://crackle-xumo.amagi.tv/playlist.m3u8",
      "pic": "https://encrypted-tbn0.gstatic.com/images?q=tbn:ANd9GcTr73ageoYl5QbOdX7lx4MvBMWlF7bFoZI__w&usqp=CAU",
      "parse": false
    },
    {
      "name": "중화TV 곡주부인",
      "url": "https://d18izuz3xw10qm.cloudfront.net/v1/master/3722c60a815c199d9c0ef36c5b73da68a62b09d1/cc-7d2zn3pthct37-ssai-prd/68bf80a2_aec4_494d_b2ef_63779ed40809/hls/playlist.m3u8?",
      "pic": "https://encrypted-tbn0.gstatic.com/images?q=tbn:ANd9GcSoRTka5zPxyEXgzCelF7zYFIU-3nbqP08tzA&usqp=CAU",
      "parse": false
    },
    {
      "name": "중화TV 장가행",
      "url": "https://d27qq4sc9v1h7c.cloudfront.net/v1/master/3722c60a815c199d9c0ef36c5b73da68a62b09d1/cc-dxfwub7u3zl2a-ssai-prd/328d5389_0716_4717_979f_372036a0d322/hls/playlist.m3u8?",
      "pic": "https://encrypted-tbn0.gstatic.com/images?q=tbn:ANd9GcSoRTka5zPxyEXgzCelF7zYFIU-3nbqP08tzA&usqp=CAU",
      "parse": false
    }
  ]
}
