{
  "data": [
    {
      "name": "4FUN TV (Poland★576p) [Not 24/7]",
      "url": "https://stream.4fun.tv:8888/hls/4f.m3u8",
      "pic": "https://encrypted-tbn0.gstatic.com/images?q=tbn:ANd9GcTAVJBacCXMEwF_m_39Z8DgNbyLJNQAPRJXkQ&usqp=CAU",
      "parse": false
    },
    {
      "name": "9XM (480p)",
      "url": "https://d2q8p4pe5spbak.cloudfront.net/bpk-tv/9XM/9XM.isml/index.m3u8",
      "pic": "https://encrypted-tbn0.gstatic.com/images?q=tbn:ANd9GcTAVJBacCXMEwF_m_39Z8DgNbyLJNQAPRJXkQ&usqp=CAU",
      "parse": false
    },
    {
      "name": "26 歌 (Japan)",
      "url": "https://stream01.willfonk.com/live_playlist.m3u8?cid=CS329&r=FHD&ccode=JP&m=d0:20:20:04:35:cc&t=0d6938cb3dcf4b79848bc1753a59daf1",
      "pic": "https://encrypted-tbn0.gstatic.com/images?q=tbn:ANd9GcTAVJBacCXMEwF_m_39Z8DgNbyLJNQAPRJXkQ&usqp=CAU",
      "parse": false
    },
    {
      "name": "30A Music",
      "url": "https://30a-tv.com/music.m3u8",
      "pic": "https://encrypted-tbn0.gstatic.com/images?q=tbn:ANd9GcTAVJBacCXMEwF_m_39Z8DgNbyLJNQAPRJXkQ&usqp=CAU",
      "parse": false
    },
    {
      "name": "88 Stereo 49.3TVD (Costa Rica)",
      "url": "http://k3.usastreams.com:1935/CableLatino/88stereo/chunklist_w1223558379.m3u8",
      "pic": "https://encrypted-tbn0.gstatic.com/images?q=tbn:ANd9GcTAVJBacCXMEwF_m_39Z8DgNbyLJNQAPRJXkQ&usqp=CAU",
      "parse": false
    },
    {
      "name": "A Son de Salsa (720p) [Not 24/7]",
      "url": "https://cloud01.mipaneltv.xyz/asondesalsa/asondesalsa/playlist.m3u8",
      "pic": "https://encrypted-tbn0.gstatic.com/images?q=tbn:ANd9GcTAVJBacCXMEwF_m_39Z8DgNbyLJNQAPRJXkQ&usqp=CAU",
      "parse": false
    },
    {
      "name": "A2i Music (Senegal)",
      "url": "https://stream.sen-gt.com/A2iMusic/myStream/playlist.m3u8",
      "pic": "https://encrypted-tbn0.gstatic.com/images?q=tbn:ANd9GcTAVJBacCXMEwF_m_39Z8DgNbyLJNQAPRJXkQ&usqp=CAU",
      "parse": false
    },
    {
      "name": "Activa TV (Spain)",
      "url": "https://streamtv.mediasector.es/hls/activatv/index.m3u8",
      "pic": "https://encrypted-tbn0.gstatic.com/images?q=tbn:ANd9GcTAVJBacCXMEwF_m_39Z8DgNbyLJNQAPRJXkQ&usqp=CAU",
      "parse": false
    },
    {
      "name": "AFR Afrobeats (Congo)",
      "url": "https://stream.ecable.tv/afrobeats/tracks-v1a1/index.m3u8",
      "pic": "https://encrypted-tbn0.gstatic.com/images?q=tbn:ANd9GcTAVJBacCXMEwF_m_39Z8DgNbyLJNQAPRJXkQ&usqp=CAU",
      "parse": false
    },
    {
      "name": "AlbKanale Music TV (Albania)",
      "url": "https://albportal.net/albkanalemusic.m3u8",
      "pic": "https://encrypted-tbn0.gstatic.com/images?q=tbn:ANd9GcTAVJBacCXMEwF_m_39Z8DgNbyLJNQAPRJXkQ&usqp=CAU",
      "parse": false
    },
    {
      "name": "Alegria TV (Bolivia)",
      "url": "https://593b04c4c5670.streamlock.net/8192/8192/playlist.m3u8",
      "pic": "https://encrypted-tbn0.gstatic.com/images?q=tbn:ANd9GcTAVJBacCXMEwF_m_39Z8DgNbyLJNQAPRJXkQ&usqp=CAU",
      "parse": false
    },
    {
      "name": "AMP",
      "url": "https://ampmedia.secure.footprint.net/egress/bhandler/ampmedia/streamb/manifest.m3u8",
      "pic": "https://encrypted-tbn0.gstatic.com/images?q=tbn:ANd9GcTAVJBacCXMEwF_m_39Z8DgNbyLJNQAPRJXkQ&usqp=CAU",
      "parse": false
    },
    {
      "name": "arabica (Lebanon)",
      "url": "http://istream.binarywaves.com:8081/hls/arabica/playlist.m3u8",
      "pic": "https://encrypted-tbn0.gstatic.com/images?q=tbn:ANd9GcTAVJBacCXMEwF_m_39Z8DgNbyLJNQAPRJXkQ&usqp=CAU",
      "parse": false
    },
    {
      "name": "Asiri TV (Peru) [Not 24/7]",
      "url": "https://a.jsrdn.com/broadcast/22693_4rGhgrBU/-0800/hi/c.m3u8",
      "pic": "https://encrypted-tbn0.gstatic.com/images?q=tbn:ANd9GcTAVJBacCXMEwF_m_39Z8DgNbyLJNQAPRJXkQ&usqp=CAU",
      "parse": false
    },
    {
      "name": "Atomic TV (Romania)",
      "url": "https://atomic.streamnet.ro/atomictv.m3u8",
      "pic": "https://encrypted-tbn0.gstatic.com/images?q=tbn:ANd9GcTAVJBacCXMEwF_m_39Z8DgNbyLJNQAPRJXkQ&usqp=CAU",
      "parse": false
    },
    {
      "name": "AZ Star (Canada★Persian)",
      "url": "http://live.livestreamtv.ca/azstar/smil:azstar.smil/playlist.m3u8",
      "pic": "https://encrypted-tbn0.gstatic.com/images?q=tbn:ANd9GcTAVJBacCXMEwF_m_39Z8DgNbyLJNQAPRJXkQ&usqp=CAU",
      "parse": false
    },
    {
      "name": "B1 TV (Bosnia and Herzegovina) [Not 24/7]",
      "url": "http://proxy.bihnet.net:88/live/b1tv.m3u8",
      "pic": "https://encrypted-tbn0.gstatic.com/images?q=tbn:ANd9GcTAVJBacCXMEwF_m_39Z8DgNbyLJNQAPRJXkQ&usqp=CAU",
      "parse": false
    },
    {
      "name": "Baraza TV (Greece)",
      "url": "https://eco.streams.ovh/BarazaTV/BarazarazaTV/BarazaTV/playlist.m3u8",
      "pic": "https://encrypted-tbn0.gstatic.com/images?q=tbn:ANd9GcTAVJBacCXMEwF_m_39Z8DgNbyLJNQAPRJXkQ&usqp=CAU",
      "parse": false
    },
    {
      "name": "BesTV 音乐厅",
      "url": "http://bp-caster.bestv.com.cn/469/1/video.m3u8",
      "pic": "https://encrypted-tbn0.gstatic.com/images?q=tbn:ANd9GcTAVJBacCXMEwF_m_39Z8DgNbyLJNQAPRJXkQ&usqp=CAU",
      "parse": false
    },
    {
      "name": "Blue Mountain TV",
      "url": "https://1189614805.rsc.cdn77.org/hls/bmt.m3u8",
      "pic": "https://encrypted-tbn0.gstatic.com/images?q=tbn:ANd9GcTAVJBacCXMEwF_m_39Z8DgNbyLJNQAPRJXkQ&usqp=CAU",
      "parse": false
    },
    {
      "name": "Bom Channel (Italy)",
      "url": "https://5f22d76e220e1.streamlock.net/BOMCHANNEL/BOMCHANNEL/playlist.m3u8",
      "pic": "https://encrypted-tbn0.gstatic.com/images?q=tbn:ANd9GcTAVJBacCXMEwF_m_39Z8DgNbyLJNQAPRJXkQ&usqp=CAU",
      "parse": false
    },
    {
      "name": "Bonce TV (Curaçao★480p) [Not 24/7]",
      "url": "https://seswa.bonce.tv/hls/bonceswa.m3u8",
      "pic": "https://encrypted-tbn0.gstatic.com/images?q=tbn:ANd9GcTAVJBacCXMEwF_m_39Z8DgNbyLJNQAPRJXkQ&usqp=CAU",
      "parse": false
    },
    {
      "name": "Box Hits (UK★576p)",
      "url": "https://csm-e-boxplus.tls1.yospace.com/csm/extlive/boxplus01,boxhits-alldev.m3u8?yo.up=http://boxtv-origin-elb.cds1.yospace.com/uploads/boxhits/",
      "pic": "https://encrypted-tbn0.gstatic.com/images?q=tbn:ANd9GcTAVJBacCXMEwF_m_39Z8DgNbyLJNQAPRJXkQ&usqp=CAU",
      "parse": false
    },
    {
      "name": "Brit Asia TV (US Eastern)",
      "url": "https://a.jsrdn.com/broadcast/22693_4rGhgrBU/-0500/c.m3u8",
      "pic": "https://encrypted-tbn0.gstatic.com/images?q=tbn:ANd9GcTAVJBacCXMEwF_m_39Z8DgNbyLJNQAPRJXkQ&usqp=CAU",
      "parse": false
    },
    {
      "name": "Brit Asia TV (US Pacific)",
      "url": "https://a.jsrdn.com/broadcast/22693_4rGhgrBU/-0800/c.m3u8",
      "pic": "https://encrypted-tbn0.gstatic.com/images?q=tbn:ANd9GcTAVJBacCXMEwF_m_39Z8DgNbyLJNQAPRJXkQ&usqp=CAU",
      "parse": false
    },
    {
      "name": "Cadena Élite (Spain)",
      "url": "https://cloudvideo.servers10.com:8081/8004/index.m3u8",
      "pic": "https://encrypted-tbn0.gstatic.com/images?q=tbn:ANd9GcTAVJBacCXMEwF_m_39Z8DgNbyLJNQAPRJXkQ&usqp=CAU",
      "parse": false
    },
    {
      "name": "Cafe 24",
      "url": "https://srvx1.selftv.video/cafe/live/playlist.m3u8",
      "pic": "https://encrypted-tbn0.gstatic.com/images?q=tbn:ANd9GcTAVJBacCXMEwF_m_39Z8DgNbyLJNQAPRJXkQ&usqp=CAU",
      "parse": false
    },
    {
      "name": "Caltex Music (Iran) [Not 24/7]",
      "url": "https://vid1.caltexmusic.com/hls/caltextv.m3u8",
      "pic": "https://encrypted-tbn0.gstatic.com/images?q=tbn:ANd9GcTAVJBacCXMEwF_m_39Z8DgNbyLJNQAPRJXkQ&usqp=CAU",
      "parse": false
    },
    {
      "name": "Can",
      "url": "http://canbroadcast.com:7000/canlican/tv.m3u8",
      "pic": "https://encrypted-tbn0.gstatic.com/images?q=tbn:ANd9GcTAVJBacCXMEwF_m_39Z8DgNbyLJNQAPRJXkQ&usqp=CAU",
      "parse": false
    },
    {
      "name": "Canal i (Venezuela)",
      "url": "https://vcp.myplaytv.com/canali/canali/playlist.m3u8",
      "pic": "https://encrypted-tbn0.gstatic.com/images?q=tbn:ANd9GcTAVJBacCXMEwF_m_39Z8DgNbyLJNQAPRJXkQ&usqp=CAU",
      "parse": false
    },
    {
      "name": "Canal Nubeh TV (Venezuela)",
      "url": "https://vcp.myplaytv.com/nubehtv/nubehtv/chunklist_w1913044177.m3u8",
      "pic": "https://encrypted-tbn0.gstatic.com/images?q=tbn:ANd9GcTAVJBacCXMEwF_m_39Z8DgNbyLJNQAPRJXkQ&usqp=CAU",
      "parse": false
    },
    {
      "name": "CCTV-11 戏曲",
      "url": "http://ottrrs.hl.chinamobile.com/PLTV/88888888/224/3221225597/index.m3u8",
      "pic": "https://encrypted-tbn0.gstatic.com/images?q=tbn:ANd9GcTAVJBacCXMEwF_m_39Z8DgNbyLJNQAPRJXkQ&usqp=CAU",
      "parse": false
    },
    {
      "name": "CCTV-15 音乐",
      "url": "http://ottrrs.hl.chinamobile.com/PLTV/88888888/224/3221225601/index.m3u8",
      "pic": "https://encrypted-tbn0.gstatic.com/images?q=tbn:ANd9GcTAVJBacCXMEwF_m_39Z8DgNbyLJNQAPRJXkQ&usqp=CAU",
      "parse": false
    },
    {
      "name": "CCTV 风云音乐",
      "url": "http://58.205.220.58:8088/tlivectfree-cdn.ysp.cctv.cn/ysp/2012514103.m3u8",
      "pic": "https://encrypted-tbn0.gstatic.com/images?q=tbn:ANd9GcTAVJBacCXMEwF_m_39Z8DgNbyLJNQAPRJXkQ&usqp=CAU",
      "parse": false
    },
    {
      "name": "Choice (Greece) [Not 24/7]",
      "url": "https://vod.streams.ovh:3528/stream/play.m3u8",
      "pic": "https://encrypted-tbn0.gstatic.com/images?q=tbn:ANd9GcTAVJBacCXMEwF_m_39Z8DgNbyLJNQAPRJXkQ&usqp=CAU",
      "parse": false
    },
    {
      "name": "Clubbing TV (New Zealand)",
      "url": "https://clubbingtv-samsungnz.amagi.tv/playlist.m3u8",
      "pic": "https://encrypted-tbn0.gstatic.com/images?q=tbn:ANd9GcTAVJBacCXMEwF_m_39Z8DgNbyLJNQAPRJXkQ&usqp=CAU",
      "parse": false
    },
    {
      "name": "CMC (California Music Channel)",
      "url": "https://cmc-ono.amagi.tv/playlist.m3u8",
      "pic": "https://encrypted-tbn0.gstatic.com/images?q=tbn:ANd9GcTAVJBacCXMEwF_m_39Z8DgNbyLJNQAPRJXkQ&usqp=CAU",
      "parse": false
    },
    {
      "name": "CMC-USA",
      "url": "https://cmctv.ios.internapcdn.net/cmctv_vitalstream_com/live_1/CMCU-92/playlist.m3u8",
      "pic": "https://encrypted-tbn0.gstatic.com/images?q=tbn:ANd9GcTAVJBacCXMEwF_m_39Z8DgNbyLJNQAPRJXkQ&usqp=CAU",
      "parse": false
    },
    {
      "name": "Company TV (Italy)",
      "url": "https://5929b138b139d.streamlock.net/CompanyTV/smil:CompanyTV.smil/master.m3u8",
      "pic": "https://encrypted-tbn0.gstatic.com/images?q=tbn:ANd9GcTAVJBacCXMEwF_m_39Z8DgNbyLJNQAPRJXkQ&usqp=CAU",
      "parse": false
    },
    {
      "name": "Conecta TV (Mexico)",
      "url": "http://204.12.211.210:1935/conectatv/conectatv/playlist.m3u8",
      "pic": "https://encrypted-tbn0.gstatic.com/images?q=tbn:ANd9GcTAVJBacCXMEwF_m_39Z8DgNbyLJNQAPRJXkQ&usqp=CAU",
      "parse": false
    },
    {
      "name": "Congo Planet TV Pop",
      "url": "https://radio.congoplanet.com/Congo_Planet_TV_Pop.sdp/Congo_Planet_TV_Pop/playlist.m3u8",
      "pic": "https://encrypted-tbn0.gstatic.com/images?q=tbn:ANd9GcTAVJBacCXMEwF_m_39Z8DgNbyLJNQAPRJXkQ&usqp=CAU",
      "parse": false
    },
    {
      "name": "Dance",
      "url": "https://livelist01.yowi.tv/lista/57cf2f51b07ff21988a7a6f0270a66d41086d4a4/master.m3u8",
      "pic": "https://encrypted-tbn0.gstatic.com/images?q=tbn:ANd9GcTAVJBacCXMEwF_m_39Z8DgNbyLJNQAPRJXkQ&usqp=CAU",
      "parse": false
    },
    {
      "name": "DBM",
      "url": "http://dbmtv.vedge.infomaniak.com/livecast/dbmtv/playlist.m3u8",
      "pic": "https://encrypted-tbn0.gstatic.com/images?q=tbn:ANd9GcTAVJBacCXMEwF_m_39Z8DgNbyLJNQAPRJXkQ&usqp=CAU",
      "parse": false
    },
    {
      "name": "DeepHouse District (Netherlands)",
      "url": "https://eu-nl-012.worldcast.tv/dancetelevisiontwo/dancetelevisiontwo.m3u8",
      "pic": "https://encrypted-tbn0.gstatic.com/images?q=tbn:ANd9GcTAVJBacCXMEwF_m_39Z8DgNbyLJNQAPRJXkQ&usqp=CAU",
      "parse": false
    },
    {
      "name": "diez TV",
      "url": "https://streaming.cloud.innovasur.es/mmj/index.m3u8",
      "pic": "https://encrypted-tbn0.gstatic.com/images?q=tbn:ANd9GcTAVJBacCXMEwF_m_39Z8DgNbyLJNQAPRJXkQ&usqp=CAU",
      "parse": false
    },
    {
      "name": "DSTV (Dance Star TV)",
      "url": "https://vcndstv.teleosmedia.com/stream/dstv/dstv/seglist_720p.m3u8",
      "pic": "https://encrypted-tbn0.gstatic.com/images?q=tbn:ANd9GcTAVJBacCXMEwF_m_39Z8DgNbyLJNQAPRJXkQ&usqp=CAU",
      "parse": false
    },
    {
      "name": "Ellas TV",
      "url": "http://ellastv.gotdns.com:88/freetv/promo/index.m3u8",
      "pic": "https://encrypted-tbn0.gstatic.com/images?q=tbn:ANd9GcTAVJBacCXMEwF_m_39Z8DgNbyLJNQAPRJXkQ&usqp=CAU",
      "parse": false
    },
    {
      "name": "Euro Indie Music Chart TV (Italy)",
      "url": "http://178.33.224.197:1935/euroindiemusic/euroindiemusic/playlist.m3u8",
      "pic": "https://encrypted-tbn0.gstatic.com/images?q=tbn:ANd9GcTAVJBacCXMEwF_m_39Z8DgNbyLJNQAPRJXkQ&usqp=CAU",
      "parse": false
    },
    {
      "name": "Eurodance 90 (Russia)",
      "url": "https://eurodance90.catcast.tv/content/36987/index.m3u8",
      "pic": "https://encrypted-tbn0.gstatic.com/images?q=tbn:ANd9GcTAVJBacCXMEwF_m_39Z8DgNbyLJNQAPRJXkQ&usqp=CAU",
      "parse": false
    },
    {
      "name": "Farra Play (Paraguay)",
      "url": "http://159.203.148.226/live/farra.m3u8",
      "pic": "https://encrypted-tbn0.gstatic.com/images?q=tbn:ANd9GcTAVJBacCXMEwF_m_39Z8DgNbyLJNQAPRJXkQ&usqp=CAU",
      "parse": false
    },
    {
      "name": "Fox TV (Greece)",
      "url": "http://live.streams.ovh:1935/foxtv/foxtv/playlist.m3u8",
      "pic": "https://encrypted-tbn0.gstatic.com/images?q=tbn:ANd9GcTAVJBacCXMEwF_m_39Z8DgNbyLJNQAPRJXkQ&usqp=CAU",
      "parse": false
    },
    {
      "name": "Fun Radio",
      "url": "https://livevideo.infomaniak.com/streaming/livecast/funradiovisionhd/playlist.m3u8",
      "pic": "https://encrypted-tbn0.gstatic.com/images?q=tbn:ANd9GcTAVJBacCXMEwF_m_39Z8DgNbyLJNQAPRJXkQ&usqp=CAU",
      "parse": false
    },
    {
      "name": "Generations TV (France★576p)",
      "url": "https://edge.vedge.infomaniak.com/livecast/ik:generation-tv/manifest.m3u8",
      "pic": "https://encrypted-tbn0.gstatic.com/images?q=tbn:ANd9GcTAVJBacCXMEwF_m_39Z8DgNbyLJNQAPRJXkQ&usqp=CAU",
      "parse": false
    },
    {
      "name": "Glas Drine (Bosnia and Herzegovina)",
      "url": "http://glasdrine.cutuk.net:8081/433ssdsw/GlasDrineSD/playlist.m3u8",
      "pic": "https://encrypted-tbn0.gstatic.com/images?q=tbn:ANd9GcTAVJBacCXMEwF_m_39Z8DgNbyLJNQAPRJXkQ&usqp=CAU",
      "parse": false
    },
    {
      "name": "IDJ Video (Greece★480p) [Not 24/7]",
      "url": "http://web.onair-radio.eu:1935/Alpha-Host/Alpha-Host/playlist.m3u8",
      "pic": "https://encrypted-tbn0.gstatic.com/images?q=tbn:ANd9GcTAVJBacCXMEwF_m_39Z8DgNbyLJNQAPRJXkQ&usqp=CAU",
      "parse": false
    },
    {
      "name": "Italianissimo (Venezuela)",
      "url": "https://vcp.myplaytv.com/italianissimo/italianissimo/playlist.m3u8",
      "pic": "https://encrypted-tbn0.gstatic.com/images?q=tbn:ANd9GcTAVJBacCXMEwF_m_39Z8DgNbyLJNQAPRJXkQ&usqp=CAU",
      "parse": false
    },
    {
      "name": "J-Pop",
      "url": "https://stream01.willfonk.com/live_playlist.m3u8?cid=CS325&r=FHD&ccode=JP&m=d0:20:20:04:35:cc&t=0d6938cb3dcf4b79848bc1753a59daf1",
      "pic": "https://encrypted-tbn0.gstatic.com/images?q=tbn:ANd9GcTAVJBacCXMEwF_m_39Z8DgNbyLJNQAPRJXkQ&usqp=CAU",
      "parse": false
    },
    {
      "name": "JAWHARA TV (720p) [Not 24/7]",
      "url": "https://streaming.toutech.net/live/jtv/index.m3u8",
      "pic": "https://encrypted-tbn0.gstatic.com/images?q=tbn:ANd9GcTAVJBacCXMEwF_m_39Z8DgNbyLJNQAPRJXkQ&usqp=CAU",
      "parse": false
    },
    {
      "name": "Juice TV (New Zealand)",
      "url": "https://juicex.nz/hls/mystream.m3u8",
      "pic": "https://encrypted-tbn0.gstatic.com/images?q=tbn:ANd9GcTAVJBacCXMEwF_m_39Z8DgNbyLJNQAPRJXkQ&usqp=CAU",
      "parse": false
    },
    {
      "name": "K-Pop",
      "url": "https://raw.githubusercontent.com/etag2000/IPTV/YTlive/kpop.m3u8",
      "pic": "https://encrypted-tbn0.gstatic.com/images?q=tbn:ANd9GcTAVJBacCXMEwF_m_39Z8DgNbyLJNQAPRJXkQ&usqp=CAU",
      "parse": false
    },
    {
      "name": "K-Pop (Brazil)",
      "url": "https://srv1.zcast.com.br/kpoptv/kpoptv/.m3u8",
      "pic": "https://encrypted-tbn0.gstatic.com/images?q=tbn:ANd9GcTAVJBacCXMEwF_m_39Z8DgNbyLJNQAPRJXkQ&usqp=CAU",
      "parse": false
    },
    {
      "name": "K-Pop (Korea)",
      "url": "http://live.kytv.co.kr:8080/hls/stream.m3u8",
      "pic": "https://encrypted-tbn0.gstatic.com/images?q=tbn:ANd9GcTAVJBacCXMEwF_m_39Z8DgNbyLJNQAPRJXkQ&usqp=CAU",
      "parse": false
    },
    {
      "name": "Kadak Hits (India) [Not 24/7]",
      "url": "https://live.hungama.com/linear/kadak-hits/playlist.m3u8s/kerrang/",
      "pic": "https://encrypted-tbn0.gstatic.com/images?q=tbn:ANd9GcTAVJBacCXMEwF_m_39Z8DgNbyLJNQAPRJXkQ&usqp=CAU",
      "parse": false
    },
    {
      "name": "Kerrang (UK★576p)",
      "url": "https://csm-e-boxplus.tls1.yospace.com/csm/extlive/boxplus01,kerrang-alldev.m3u8?yo.up=http://boxtv-origin-elb.cds1.yospace.com/uploads/kerrang/",
      "pic": "https://encrypted-tbn0.gstatic.com/images?q=tbn:ANd9GcTAVJBacCXMEwF_m_39Z8DgNbyLJNQAPRJXkQ&usqp=CAU",
      "parse": false
    },
    {
      "name": "Kiss Kiss TV (Italy)",
      "url": "https://58f12ffd2447a.streamlock.net/KKMulti/livestream/playlist.m3u8",
      "pic": "https://encrypted-tbn0.gstatic.com/images?q=tbn:ANd9GcTAVJBacCXMEwF_m_39Z8DgNbyLJNQAPRJXkQ&usqp=CAU",
      "parse": false
    },
    {
      "name": "Kiss TV (Romania)",
      "url": "https://tv.broadcasting.ro/memfs/a629c031-2170-4ee9-a36d-87a891aa3131.m3u8",
      "pic": "https://encrypted-tbn0.gstatic.com/images?q=tbn:ANd9GcTAVJBacCXMEwF_m_39Z8DgNbyLJNQAPRJXkQ&usqp=CAU",
      "parse": false
    },
    {
      "name": "KMTV Now (Korea)",
      "url": "https://kmtvnow-samsung-us.plex.wurl.tv/playlist.m3u8",
      "pic": "https://encrypted-tbn0.gstatic.com/images?q=tbn:ANd9GcTAVJBacCXMEwF_m_39Z8DgNbyLJNQAPRJXkQ&usqp=CAU",
      "parse": false
    },
    {
      "name": "Kordia TV (New Zealand)",
      "url": "https://ptvlive.kordia.net.nz/out/v1/3fc2254c865a457c8d7fbbce227a2aae/index.m3u8",
      "pic": "https://encrypted-tbn0.gstatic.com/images?q=tbn:ANd9GcTAVJBacCXMEwF_m_39Z8DgNbyLJNQAPRJXkQ&usqp=CAU",
      "parse": false
    },
    {
      "name": "kroneHit",
      "url": "https://bitcdn-kronehit.bitmovin.com/v2/hls/chunklist_b628000.m3u8",
      "pic": "https://encrypted-tbn0.gstatic.com/images?q=tbn:ANd9GcTAVJBacCXMEwF_m_39Z8DgNbyLJNQAPRJXkQ&usqp=CAU",
      "parse": false
    },
    {
      "name": "Kuriakos Music (Portugal)",
      "url": "http://195.23.211.179:1935/kmusic/smil:kmusic.smil/playlist.m3u8",
      "pic": "https://encrypted-tbn0.gstatic.com/images?q=tbn:ANd9GcTAVJBacCXMEwF_m_39Z8DgNbyLJNQAPRJXkQ&usqp=CAU",
      "parse": false
    },
    {
      "name": "La Voz de Tucuman (Argentina)",
      "url": "https://srv1.zcast.com.br/lavozdetucuman/lavozdetucuman/playlist.m3u8",
      "pic": "https://encrypted-tbn0.gstatic.com/images?q=tbn:ANd9GcTAVJBacCXMEwF_m_39Z8DgNbyLJNQAPRJXkQ&usqp=CAU",
      "parse": false
    },
    {
      "name": "M2 (Ukraine)",
      "url": "http://live.m2.tv/hls3/stream.m3u8",
      "pic": "https://encrypted-tbn0.gstatic.com/images?q=tbn:ANd9GcTAVJBacCXMEwF_m_39Z8DgNbyLJNQAPRJXkQ&usqp=CAU",
      "parse": false
    },
    {
      "name": "Magenta Musik (Germany)",
      "url": "https://streaming.magenta-musik-360.de/csm/573870/magentamusik1/index.m3u8",
      "pic": "https://encrypted-tbn0.gstatic.com/images?q=tbn:ANd9GcTAVJBacCXMEwF_m_39Z8DgNbyLJNQAPRJXkQ&usqp=CAU",
      "parse": false
    },
    {
      "name": "Magic TV (Greece)",
      "url": "https://itv.streams.ovh/magictv/magictv/playlist.m3u8",
      "pic": "https://encrypted-tbn0.gstatic.com/images?q=tbn:ANd9GcTAVJBacCXMEwF_m_39Z8DgNbyLJNQAPRJXkQ&usqp=CAU",
      "parse": false
    },
    {
      "name": "Magic TV (Romania)",
      "url": "https://tv.broadcasting.ro/memfs/925f90db-5c88-4190-a53d-5163cdffe6f4.m3u8",
      "pic": "https://encrypted-tbn0.gstatic.com/images?q=tbn:ANd9GcTAVJBacCXMEwF_m_39Z8DgNbyLJNQAPRJXkQ&usqp=CAU",
      "parse": false
    },
    {
      "name": "MIGU 音乐 (China) [Not 24/7]",
      "url": "http://[2409:8087:1a01:df::4077]/PLTV/88888888/224/3221225904/index.m3u8",
      "pic": "https://encrypted-tbn0.gstatic.com/images?q=tbn:ANd9GcTAVJBacCXMEwF_m_39Z8DgNbyLJNQAPRJXkQ&usqp=CAU",
      "parse": false
    },
    {
      "name": "Metal TV (Russia) [Not 24/7]",
      "url": "https://v2.catcast.tv/content/33816/index.m3u8",
      "pic": "https://encrypted-tbn0.gstatic.com/images?q=tbn:ANd9GcTAVJBacCXMEwF_m_39Z8DgNbyLJNQAPRJXkQ&usqp=CAU",
      "parse": false
    },
    {
      "name": "Mision ELTV (Dominican Republic)",
      "url": "https://tunzilla.com/http://abielito.ddns.net:8080/live/misioneltv/index.m3u8",
      "pic": "https://encrypted-tbn0.gstatic.com/images?q=tbn:ANd9GcTAVJBacCXMEwF_m_39Z8DgNbyLJNQAPRJXkQ&usqp=CAU",
      "parse": false
    },
    {
      "name": "Molahits TV (Spain)",
      "url": "http://ventdelnord.tv:8080/mola/directe.m3u8",
      "pic": "https://encrypted-tbn0.gstatic.com/images?q=tbn:ANd9GcTAVJBacCXMEwF_m_39Z8DgNbyLJNQAPRJXkQ&usqp=CAU",
      "parse": false
    },
    {
      "name": "MTV (Japan)",
      "url": "https://stream01.willfonk.com/live_playlist.m3u8?cid=CS325&r=FHD&ccode=JP&m=d0:20:20:04:35:cc&t=0d6938cb3dcf4b79848bc1753a59daf1",
      "pic": "https://encrypted-tbn0.gstatic.com/images?q=tbn:ANd9GcTAVJBacCXMEwF_m_39Z8DgNbyLJNQAPRJXkQ&usqp=CAU",
      "parse": false
    },
    {
      "name": "MTV (Portugal)",
      "url": "https://cloudvideo.servers10.com:8081/8108/index.m3u8",
      "pic": "https://encrypted-tbn0.gstatic.com/images?q=tbn:ANd9GcTAVJBacCXMEwF_m_39Z8DgNbyLJNQAPRJXkQ&usqp=CAU",
      "parse": false
    },
    {
      "name": "Multi Show",
      "url": "http://23.237.10.66:16124",
      "pic": "https://encrypted-tbn0.gstatic.com/images?q=tbn:ANd9GcTAVJBacCXMEwF_m_39Z8DgNbyLJNQAPRJXkQ&usqp=CAU",
      "parse": false
    },
    {
      "name": "Mun2TV (Dominican Republic)",
      "url": "https://play.amelbasoluciones.co:3309/live/mun2tvlive.m3u8",
      "pic": "https://encrypted-tbn0.gstatic.com/images?q=tbn:ANd9GcTAVJBacCXMEwF_m_39Z8DgNbyLJNQAPRJXkQ&usqp=CAU",
      "parse": false
    },
    {
      "name": "Music Box Gold (Russia)",
      "url": "http://musictv.mediacdn.ru/cdn/musicboxgold/playlist_sdmid.m3u8",
      "pic": "https://encrypted-tbn0.gstatic.com/images?q=tbn:ANd9GcTAVJBacCXMEwF_m_39Z8DgNbyLJNQAPRJXkQ&usqp=CAU",
      "parse": false
    },
    {
      "name": "Music City Arts",
      "url": "https://pegstudio.dyndns.tv/live-11/live/live.m3u8",
      "pic": "https://encrypted-tbn0.gstatic.com/images?q=tbn:ANd9GcTAVJBacCXMEwF_m_39Z8DgNbyLJNQAPRJXkQ&usqp=CAU",
      "parse": false
    },
    {
      "name": "Music Reload (Cyprus)",
      "url": "http://web.onair-radio.eu:1935/video/video/playlist.m3u8",
      "pic": "https://encrypted-tbn0.gstatic.com/images?q=tbn:ANd9GcTAVJBacCXMEwF_m_39Z8DgNbyLJNQAPRJXkQ&usqp=CAU",
      "parse": false
    },
    {
      "name": "Music Top (Argentina)",
      "url": "http://live-edge01.telecentro.net.ar/live/smil:musictop.smil/chunklist_w767435128_b2028000_sleng.m3u8",
      "pic": "https://encrypted-tbn0.gstatic.com/images?q=tbn:ANd9GcTAVJBacCXMEwF_m_39Z8DgNbyLJNQAPRJXkQ&usqp=CAU",
      "parse": false
    },
    {
      "name": "MyTV Plus Dresden (Germany)",
      "url": "https://mytvplus.iptv-playoutcenter.de/mytvplus/mytvplus.stream_1/playlist.m3u8",
      "pic": "https://encrypted-tbn0.gstatic.com/images?q=tbn:ANd9GcTAVJBacCXMEwF_m_39Z8DgNbyLJNQAPRJXkQ&usqp=CAU",
      "parse": false
    },
    {
      "name": "Navahang (Iran)",
      "url": "http://51.210.227.130/hls/stream.m3u8",
      "pic": "https://encrypted-tbn0.gstatic.com/images?q=tbn:ANd9GcTAVJBacCXMEwF_m_39Z8DgNbyLJNQAPRJXkQ&usqp=CAU",
      "parse": false
    },
    {
      "name": "Netlink Broadcaster (720p)",
      "url": "http://netlink.netlinkbroadcaster.com/hls/test.m3u8",
      "pic": "https://encrypted-tbn0.gstatic.com/images?q=tbn:ANd9GcTAVJBacCXMEwF_m_39Z8DgNbyLJNQAPRJXkQ&usqp=CAU",
      "parse": false
    },
    {
      "name": "Newfoundland Television (Canada★480p)",
      "url": "https://2-fss-1.streamhoster.com/pl_122/201748-1431018-1/playlist.m3u8",
      "pic": "https://encrypted-tbn0.gstatic.com/images?q=tbn:ANd9GcTAVJBacCXMEwF_m_39Z8DgNbyLJNQAPRJXkQ&usqp=CAU",
      "parse": false
    },
    {
      "name": "Nicoya TV (Costa Rica)",
      "url": "https://59ef525c24caa.streamlock.net/nicoyatv/nicoyatv/playlist.m3u8",
      "pic": "https://encrypted-tbn0.gstatic.com/images?q=tbn:ANd9GcTAVJBacCXMEwF_m_39Z8DgNbyLJNQAPRJXkQ&usqp=CAU",
      "parse": false
    },
    {
      "name": "Nos Païs (Curacao) [Not 24/7]",
      "url": "http://highvolume04.streampartner.nl/nos_pais_24_7/nos_pais_24_7/playlist.m3u8",
      "pic": "https://encrypted-tbn0.gstatic.com/images?q=tbn:ANd9GcTAVJBacCXMEwF_m_39Z8DgNbyLJNQAPRJXkQ&usqp=CAU",
      "parse": false
    },
    {
      "name": "Now 70s (New Zealand)",
      "url": "https://lightning-now70s-samsungnz.amagi.tv/playlist.m3u8",
      "pic": "https://encrypted-tbn0.gstatic.com/images?q=tbn:ANd9GcTAVJBacCXMEwF_m_39Z8DgNbyLJNQAPRJXkQ&usqp=CAU",
      "parse": false
    },
    {
      "name": "Now 80s (New Zealand)",
      "url": "https://lightning-now80s-samsungnz.amagi.tv/playlist.m3u8",
      "pic": "https://encrypted-tbn0.gstatic.com/images?q=tbn:ANd9GcTAVJBacCXMEwF_m_39Z8DgNbyLJNQAPRJXkQ&usqp=CAU",
      "parse": false
    },
    {
      "name": "Now 90s (New Zealand)",
      "url": "https://lightning-now90s-samsungnz.amagi.tv/playlist.m3u8",
      "pic": "https://encrypted-tbn0.gstatic.com/images?q=tbn:ANd9GcTAVJBacCXMEwF_m_39Z8DgNbyLJNQAPRJXkQ&usqp=CAU",
      "parse": false
    },
    {
      "name": "NR1 (Number One)",
      "url": "https://mn-nl.mncdn.com/blutv_nr12/live_720p2000000kbps/index.m3u8",
      "pic": "https://encrypted-tbn0.gstatic.com/images?q=tbn:ANd9GcTAVJBacCXMEwF_m_39Z8DgNbyLJNQAPRJXkQ&usqp=CAU",
      "parse": false
    },
    {
      "name": "NRG91 (Greece)",
      "url": "http://tv.nrg91.gr:1935/onweb/live/master.m3u8",
      "pic": "https://encrypted-tbn0.gstatic.com/images?q=tbn:ANd9GcTAVJBacCXMEwF_m_39Z8DgNbyLJNQAPRJXkQ&usqp=CAU",
      "parse": false
    },
    {
      "name": "Óčko (Czech)",
      "url": "https://ocko-live.ssl.cdn.cra.cz/channels/ocko/playlist/cze/live_hq.m3u8",
      "pic": "https://encrypted-tbn0.gstatic.com/images?q=tbn:ANd9GcTAVJBacCXMEwF_m_39Z8DgNbyLJNQAPRJXkQ&usqp=CAU",
      "parse": false
    },
    {
      "name": "Óčko Expres (Czech)",
      "url": "http://ocko-live.ssl.cdn.cra.cz/channels/ocko_expres/playlist/cze/live_hq.m3u8",
      "pic": "https://encrypted-tbn0.gstatic.com/images?q=tbn:ANd9GcTAVJBacCXMEwF_m_39Z8DgNbyLJNQAPRJXkQ&usqp=CAU",
      "parse": false
    },
    {
      "name": "Óčko Gold (Czech)",
      "url": "https://ocko-live-dash.ssl.cdn.cra.cz/cra_live2/ocko_gold.stream.1.smil/manifest.m3u8",
      "pic": "https://encrypted-tbn0.gstatic.com/images?q=tbn:ANd9GcTAVJBacCXMEwF_m_39Z8DgNbyLJNQAPRJXkQ&usqp=CAU",
      "parse": false
    },
    {
      "name": "Oldies Hits (Costa Rica)",
      "url": "https://video01.logicahost.com.br/oldieshits/oldieshits/chunklist_w794351848.m3u8",
      "pic": "https://encrypted-tbn0.gstatic.com/images?q=tbn:ANd9GcTAVJBacCXMEwF_m_39Z8DgNbyLJNQAPRJXkQ&usqp=CAU",
      "parse": false
    },
    {
      "name": "One TV (Switzerland★360p)",
      "url": "https://edge.vedge.infomaniak.com/livecast/ik:onefmmd/manifest.m3u8",
      "pic": "https://encrypted-tbn0.gstatic.com/images?q=tbn:ANd9GcTAVJBacCXMEwF_m_39Z8DgNbyLJNQAPRJXkQ&usqp=CAU",
      "parse": false
    },
    {
      "name": "otpaha",
      "url": "http://live.stranafm.cdnvideo.ru/stranafm/stranafm_hd.sdp/chunklist.m3u8",
      "pic": "https://encrypted-tbn0.gstatic.com/images?q=tbn:ANd9GcTAVJBacCXMEwF_m_39Z8DgNbyLJNQAPRJXkQ&usqp=CAU",
      "parse": false
    },
    {
      "name": "Oxigeno TV (Venezuela)",
      "url": "https://vcp.myplaytv.com/oxigenotv/oxigenotv/playlist.m3u8",
      "pic": "https://encrypted-tbn0.gstatic.com/images?q=tbn:ANd9GcTAVJBacCXMEwF_m_39Z8DgNbyLJNQAPRJXkQ&usqp=CAU",
      "parse": false
    },
    {
      "name": "Party Tyme Karaoke",
      "url": "https://stream-us-east-1.getpublica.com/playlist.m3u8?network_id=64",
      "pic": "https://encrypted-tbn0.gstatic.com/images?q=tbn:ANd9GcTAVJBacCXMEwF_m_39Z8DgNbyLJNQAPRJXkQ&usqp=CAU",
      "parse": false
    },
    {
      "name": "Pequeradio (Peru)",
      "url": "https://stmv.panel.grupolimalive.com/peruvian/peruvian/playlist.m3u8",
      "pic": "https://encrypted-tbn0.gstatic.com/images?q=tbn:ANd9GcTAVJBacCXMEwF_m_39Z8DgNbyLJNQAPRJXkQ&usqp=CAU",
      "parse": false
    },
    {
      "name": "Persiana Music (Iran)",
      "url": "http://51.210.199.24/hls/stream.m3u8",
      "pic": "https://encrypted-tbn0.gstatic.com/images?q=tbn:ANd9GcTAVJBacCXMEwF_m_39Z8DgNbyLJNQAPRJXkQ&usqp=CAU",
      "parse": false
    },
    {
      "name": "Persiana Nostalgia (Iran)",
      "url": "http://51.210.199.20/hls/stream.m3u8",
      "pic": "https://encrypted-tbn0.gstatic.com/images?q=tbn:ANd9GcTAVJBacCXMEwF_m_39Z8DgNbyLJNQAPRJXkQ&usqp=CAU",
      "parse": false
    },
    {
      "name": "PlanetaTV Music (Chile)",
      "url": "https://scl.edge.grupoz.cl/music/live/playlist.m3u8",
      "pic": "https://encrypted-tbn0.gstatic.com/images?q=tbn:ANd9GcTAVJBacCXMEwF_m_39Z8DgNbyLJNQAPRJXkQ&usqp=CAU",
      "parse": false
    },
    {
      "name": "PMC (Iran)",
      "url": "https://hls.pmchd.live/hls/stream.m3u8",
      "pic": "https://encrypted-tbn0.gstatic.com/images?q=tbn:ANd9GcTAVJBacCXMEwF_m_39Z8DgNbyLJNQAPRJXkQ&usqp=CAU",
      "parse": false
    },
    {
      "name": "PMC Royale (Iran) [Not 24/7]",
      "url": "http://51.210.199.29/hls/stream.m3u8",
      "pic": "https://encrypted-tbn0.gstatic.com/images?q=tbn:ANd9GcTAVJBacCXMEwF_m_39Z8DgNbyLJNQAPRJXkQ&usqp=CAU",
      "parse": false
    },
    {
      "name": "Polo TV (Italy)",
      "url": "http://54.39.17.6:8080/polotv/playlist.m3u8",
      "pic": "https://encrypted-tbn0.gstatic.com/images?q=tbn:ANd9GcTAVJBacCXMEwF_m_39Z8DgNbyLJNQAPRJXkQ&usqp=CAU",
      "parse": false
    },
    {
      "name": "Pop TV (Chile)",
      "url": "https://v4.tustreaming.cl/poptv/playlist.m3u8",
      "pic": "https://encrypted-tbn0.gstatic.com/images?q=tbn:ANd9GcTAVJBacCXMEwF_m_39Z8DgNbyLJNQAPRJXkQ&usqp=CAU",
      "parse": false
    },
    {
      "name": "Pop TV (Mexico)",
      "url": "https://5ca3e84a76d30.streamlock.net/gpacifico3/smil:obregon.smil/chunklist_w1489788315_b978000_sleng.m3u8",
      "pic": "https://encrypted-tbn0.gstatic.com/images?q=tbn:ANd9GcTAVJBacCXMEwF_m_39Z8DgNbyLJNQAPRJXkQ&usqp=CAU",
      "parse": false
    },
    {
      "name": "Portalfoxmix (Chile)",
      "url": "http://tv.portalfoxmix.club:1935/portalfoxmix/portalfoxmix/playlist.m3u8",
      "pic": "https://encrypted-tbn0.gstatic.com/images?q=tbn:ANd9GcTAVJBacCXMEwF_m_39Z8DgNbyLJNQAPRJXkQ&usqp=CAU",
      "parse": false
    },
    {
      "name": "Power (Argentina)",
      "url": "https://wowza.telpin.com.ar:1935/live-powerTV/power.stream/playlist.m3u8",
      "pic": "https://encrypted-tbn0.gstatic.com/images?q=tbn:ANd9GcTAVJBacCXMEwF_m_39Z8DgNbyLJNQAPRJXkQ&usqp=CAU",
      "parse": false
    },
    {
      "name": "Power HD (Turkey)",
      "url": "https://livetv.powerapp.com.tr/powerTV/powerhd.smil/playlist.m3u8",
      "pic": "https://encrypted-tbn0.gstatic.com/images?q=tbn:ANd9GcTAVJBacCXMEwF_m_39Z8DgNbyLJNQAPRJXkQ&usqp=CAU",
      "parse": false
    },
    {
      "name": "PTV Linares",
      "url": "https://streamer.zapitv.com/ptv-linarez/tracks-v1a1/mono.m3u8",
      "pic": "https://encrypted-tbn0.gstatic.com/images?q=tbn:ANd9GcTAVJBacCXMEwF_m_39Z8DgNbyLJNQAPRJXkQ&usqp=CAU",
      "parse": false
    },
    {
      "name": "Pulse TV",
      "url": "https://cdn-apse1-prod.tsv2.amagi.tv/linear/amg01076-lightningintern-pulse-samsungnz/playlist.m3u8",
      "pic": "https://encrypted-tbn0.gstatic.com/images?q=tbn:ANd9GcTAVJBacCXMEwF_m_39Z8DgNbyLJNQAPRJXkQ&usqp=CAU",
      "parse": false
    },
    {
      "name": "Q-Music (Belgium)",
      "url": "https://dpp-qmusicnl-live.akamaized.net/streamx/QmusicNL.m3u8",
      "pic": "https://encrypted-tbn0.gstatic.com/images?q=tbn:ANd9GcTAVJBacCXMEwF_m_39Z8DgNbyLJNQAPRJXkQ&usqp=CAU",
      "parse": false
    },
    {
      "name": "QwestTV Jazz & Beyond",
      "url": "https://siloh.pluto.tv/lilo/production/QwestJazz/master.m3u8",
      "pic": "https://encrypted-tbn0.gstatic.com/images?q=tbn:ANd9GcTAVJBacCXMEwF_m_39Z8DgNbyLJNQAPRJXkQ&usqp=CAU",
      "parse": false
    },
    {
      "name": "Radio 538 (Netherlands)",
      "url": "https://radio538.prd1.talpatvcdn.nl/22e9bbf9616547d7bc162c993009c533/index.m3u8",
      "pic": "https://encrypted-tbn0.gstatic.com/images?q=tbn:ANd9GcTAVJBacCXMEwF_m_39Z8DgNbyLJNQAPRJXkQ&usqp=CAU",
      "parse": false
    },
    {
      "name": "Radio Javan (RJTV)",
      "url": "https://stream.rjtv.stream/live/smil:rjtv.smil/playlist.m3u8",
      "pic": "https://encrypted-tbn0.gstatic.com/images?q=tbn:ANd9GcTAVJBacCXMEwF_m_39Z8DgNbyLJNQAPRJXkQ&usqp=CAU",
      "parse": false
    },
    {
      "name": "Radio PROS (Belgium) [Not 24/7]",
      "url": "https://558bd16067b67.streamlock.net/radiopros/livestream/chunklist_w2014501819.m3u8",
      "pic": "https://encrypted-tbn0.gstatic.com/images?q=tbn:ANd9GcTAVJBacCXMEwF_m_39Z8DgNbyLJNQAPRJXkQ&usqp=CAU",
      "parse": false
    },
    {
      "name": "Radio Stereo 5 TV",
      "url": "https://stream1.aswifi.it/stereo5/live/index.m3u8",
      "pic": "https://encrypted-tbn0.gstatic.com/images?q=tbn:ANd9GcTAVJBacCXMEwF_m_39Z8DgNbyLJNQAPRJXkQ&usqp=CAU",
      "parse": false
    },
    {
      "name": "Radio Studio Delta TV (Italy)",
      "url": "https://5ce9406b73c33.streamlock.net/RSD/ngrp:livestream_all/playlist.m3u8",
      "pic": "https://encrypted-tbn0.gstatic.com/images?q=tbn:ANd9GcTAVJBacCXMEwF_m_39Z8DgNbyLJNQAPRJXkQ&usqp=CAU",
      "parse": false
    },
    {
      "name": "RBD TV (Argentina)",
      "url": "https://59537faa0729a.streamlock.net/rbdvideo/rbdvideo/chunklist_w1014102205.m3u8",
      "pic": "https://encrypted-tbn0.gstatic.com/images?q=tbn:ANd9GcTAVJBacCXMEwF_m_39Z8DgNbyLJNQAPRJXkQ&usqp=CAU",
      "parse": false
    },
    {
      "name": "RCK TV (Chile)",
      "url": "https://mediacpstreamchile.com:1936/ricardoaravena/ricardoaravena/playlist.m3u8",
      "pic": "https://encrypted-tbn0.gstatic.com/images?q=tbn:ANd9GcTAVJBacCXMEwF_m_39Z8DgNbyLJNQAPRJXkQ&usqp=CAU",
      "parse": false
    },
    {
      "name": "Recuerdos Retro (Chile)",
      "url": "https://593b04c4c5670.streamlock.net/8002/8002/playlist.m3u8",
      "pic": "https://encrypted-tbn0.gstatic.com/images?q=tbn:ANd9GcTAVJBacCXMEwF_m_39Z8DgNbyLJNQAPRJXkQ&usqp=CAU",
      "parse": false
    },
    {
      "name": "Reload Radio (Cyprus)",
      "url": "http://web.onair-radio.eu:1935/video/video/playlist.m3u8",
      "pic": "https://encrypted-tbn0.gstatic.com/images?q=tbn:ANd9GcTAVJBacCXMEwF_m_39Z8DgNbyLJNQAPRJXkQ&usqp=CAU",
      "parse": false
    },
    {
      "name": "Retro (Czech)",
      "url": "http://stream.mediawork.cz/retrotv/retrotvHQ1/playlist.m3u8",
      "pic": "https://encrypted-tbn0.gstatic.com/images?q=tbn:ANd9GcTAVJBacCXMEwF_m_39Z8DgNbyLJNQAPRJXkQ&usqp=CAU",
      "parse": false
    },
    {
      "name": "Retro Plus ① (Chile)",
      "url": "https://59f1cbe63db89.streamlock.net:1443/retroplustv/_definst_/retroplustv/playlist.m3u8",
      "pic": "https://encrypted-tbn0.gstatic.com/images?q=tbn:ANd9GcTAVJBacCXMEwF_m_39Z8DgNbyLJNQAPRJXkQ&usqp=CAU",
      "parse": false
    },
    {
      "name": "Retro Plus ② (Chile)",
      "url": "https://59f1cbe63db89.streamlock.net:1443/retroplussenal2/_definst_/retroplussenal2/playlist.m3u8",
      "pic": "https://encrypted-tbn0.gstatic.com/images?q=tbn:ANd9GcTAVJBacCXMEwF_m_39Z8DgNbyLJNQAPRJXkQ&usqp=CAU",
      "parse": false
    },
    {
      "name": "Retro Recuerdos",
      "url": "https://593b04c4c5670.streamlock.net/8002/8002/playlist.m3u8",
      "pic": "https://encrypted-tbn0.gstatic.com/images?q=tbn:ANd9GcTAVJBacCXMEwF_m_39Z8DgNbyLJNQAPRJXkQ&usqp=CAU",
      "parse": false
    },
    {
      "name": "Retro TV (KCKS-LD9)",
      "url": "https://cdn.igocast.com/channel9_hls/channel9_master.m3u8",
      "pic": "https://encrypted-tbn0.gstatic.com/images?q=tbn:ANd9GcTAVJBacCXMEwF_m_39Z8DgNbyLJNQAPRJXkQ&usqp=CAU",
      "parse": false
    },
    {
      "name": "Rock TV (Romania)",
      "url": "https://tv.broadcasting.ro/memfs/85c83a80-4f71-4f2d-a8d6-43f676896bcb.m3u8",
      "pic": "https://encrypted-tbn0.gstatic.com/images?q=tbn:ANd9GcTAVJBacCXMEwF_m_39Z8DgNbyLJNQAPRJXkQ&usqp=CAU",
      "parse": false
    },
    {
      "name": "Romantica TV (Chile)",
      "url": "https://jireh-2-hls-video-us-isp.dps.live/hls-video/931b584451fa6dd1313ee66efbfd5802e3f3bcea/romanticatv/romanticatv.smil/romanticatv/livestream2/chunks.m3u8?dpssid=b21130325766359a4d3950e7&sid=ba5t1l1xb216142802306359a4d549bbe",
      "pic": "https://encrypted-tbn0.gstatic.com/images?q=tbn:ANd9GcTAVJBacCXMEwF_m_39Z8DgNbyLJNQAPRJXkQ&usqp=CAU",
      "parse": false
    },
    {
      "name": "Rotana Music (Saudi Arabia)",
      "url": "https://rotanastudios-rotanamusic-1-eu.xiaomi.wurl.tv/playlist.m3u8",
      "pic": "https://encrypted-tbn0.gstatic.com/images?q=tbn:ANd9GcTAVJBacCXMEwF_m_39Z8DgNbyLJNQAPRJXkQ&usqp=CAU",
      "parse": false
    },
    {
      "name": "Rough TV (Switzerland)",
      "url": "http://edge14.vedge.infomaniak.com/livecast/event.stream/playlist.m3u8",
      "pic": "https://encrypted-tbn0.gstatic.com/images?q=tbn:ANd9GcTAVJBacCXMEwF_m_39Z8DgNbyLJNQAPRJXkQ&usqp=CAU",
      "parse": false
    },
    {
      "name": "RTP",
      "url": "https://flash2.xdevel.com/rtptv/rtptv/playlist.m3u8",
      "pic": "https://encrypted-tbn0.gstatic.com/images?q=tbn:ANd9GcTAVJBacCXMEwF_m_39Z8DgNbyLJNQAPRJXkQ&usqp=CAU",
      "parse": false
    },
    {
      "name": "RTV Arberia Muzike 4 (Albania)",
      "url": "http://rtvarberia4.flashmediacast.com:1935/RtvArberia4/livestream/playlist.m3u8",
      "pic": "https://encrypted-tbn0.gstatic.com/images?q=tbn:ANd9GcTAVJBacCXMEwF_m_39Z8DgNbyLJNQAPRJXkQ&usqp=CAU",
      "parse": false
    },
    {
      "name": "SKY folk (Macedonia)",
      "url": "https://skyfolk.mk/live.m3u8",
      "pic": "https://encrypted-tbn0.gstatic.com/images?q=tbn:ANd9GcTAVJBacCXMEwF_m_39Z8DgNbyLJNQAPRJXkQ&usqp=CAU",
      "parse": false
    },
    {
      "name": "Solo Báilalo (Chile)",
      "url": "https://5ff3d9babae13.streamlock.net/8000/8000/playlist.m3u8",
      "pic": "https://encrypted-tbn0.gstatic.com/images?q=tbn:ANd9GcTAVJBacCXMEwF_m_39Z8DgNbyLJNQAPRJXkQ&usqp=CAU",
      "parse": false
    },
    {
      "name": "Sonus FM (Germany)",
      "url": "http://www.sonus.fm:1935/public/stream_720p/chunklist_w514335426.m3u8",
      "pic": "https://encrypted-tbn0.gstatic.com/images?q=tbn:ANd9GcTAVJBacCXMEwF_m_39Z8DgNbyLJNQAPRJXkQ&usqp=CAU",
      "parse": false
    },
    {
      "name": "Spektra TV (Spain)",
      "url": "https://cloudvideo.servers10.com:8081/8136/index.m3u8",
      "pic": "https://encrypted-tbn0.gstatic.com/images?q=tbn:ANd9GcTAVJBacCXMEwF_m_39Z8DgNbyLJNQAPRJXkQ&usqp=CAU",
      "parse": false
    },
    {
      "name": "Spirit TV (720p) [Not 24/7]",
      "url": "https://cdnlive.myspirit.tv/LS-ATL-43240-2/index.m3u8",
      "pic": "https://encrypted-tbn0.gstatic.com/images?q=tbn:ANd9GcTAVJBacCXMEwF_m_39Z8DgNbyLJNQAPRJXkQ&usqp=CAU",
      "parse": false
    },
    {
      "name": "Spotlight TV (UK)",
      "url": "https://securecontributions.sechls01.visionip.tv/live/securecontributions-securecontributions-spotlighttv-hsslive-25f-SD/chunklist.m3u8",
      "pic": "https://encrypted-tbn0.gstatic.com/images?q=tbn:ANd9GcTAVJBacCXMEwF_m_39Z8DgNbyLJNQAPRJXkQ&usqp=CAU",
      "parse": false
    },
    {
      "name": "STZ TV (Spain)",
      "url": "https://cloudvideo.servers10.com:8081/stztelebista/index.m3u8",
      "pic": "https://encrypted-tbn0.gstatic.com/images?q=tbn:ANd9GcTAVJBacCXMEwF_m_39Z8DgNbyLJNQAPRJXkQ&usqp=CAU",
      "parse": false
    },
    {
      "name": "Super Six (Italy)",
      "url": "https://5db313b643fd8.streamlock.net/SUPERSIXLombardia/SUPERSIXLombardia/playlist.m3u8",
      "pic": "https://encrypted-tbn0.gstatic.com/images?q=tbn:ANd9GcTAVJBacCXMEwF_m_39Z8DgNbyLJNQAPRJXkQ&usqp=CAU",
      "parse": false
    },
    {
      "name": "Super TV Media",
      "url": "https://mirtv.club/live/mirtv/index.m3u8",
      "pic": "https://encrypted-tbn0.gstatic.com/images?q=tbn:ANd9GcTAVJBacCXMEwF_m_39Z8DgNbyLJNQAPRJXkQ&usqp=CAU",
      "parse": false
    },
    {
      "name": "Tea TV2",
      "url": "https://livefta.malimarcdn.com/ftaedge00/teatv2.sdp/playlist.m3u8",
      "pic": "https://encrypted-tbn0.gstatic.com/images?q=tbn:ANd9GcTAVJBacCXMEwF_m_39Z8DgNbyLJNQAPRJXkQ&usqp=CAU",
      "parse": false
    },
    {
      "name": "The Box (UK)",
      "url": "https://csm-e-boxplus.tls1.yospace.com/csm/extlive/boxplus01,thebox-alldev.m3u8?yo.up=http://boxtv-origin-elb.cds1.yospace.com/uploads/thebox/",
      "pic": "https://encrypted-tbn0.gstatic.com/images?q=tbn:ANd9GcTAVJBacCXMEwF_m_39Z8DgNbyLJNQAPRJXkQ&usqp=CAU",
      "parse": false
    },
    {
      "name": "The Breeze (New Zealand)",
      "url": "https://livestreamdirect-breezetv.mediaworks.nz/breezetv.m3u8",
      "pic": "https://encrypted-tbn0.gstatic.com/images?q=tbn:ANd9GcTAVJBacCXMEwF_m_39Z8DgNbyLJNQAPRJXkQ&usqp=CAU",
      "parse": false
    },
    {
      "name": "The Edge TV (New Zealand)",
      "url": "https://livestreamdirect-edgetv.mediaworks.nz/edgetv.m3u8",
      "pic": "https://encrypted-tbn0.gstatic.com/images?q=tbn:ANd9GcTAVJBacCXMEwF_m_39Z8DgNbyLJNQAPRJXkQ&usqp=CAU",
      "parse": false
    },
    {
      "name": "The Heartland Network",
      "url": "https://bcovlive-a.akamaihd.net/1ad942d15d9643bea6d199b729e79e48/us-east-1/6183977686001/playlist.m3u8",
      "pic": "https://encrypted-tbn0.gstatic.com/images?q=tbn:ANd9GcTAVJBacCXMEwF_m_39Z8DgNbyLJNQAPRJXkQ&usqp=CAU",
      "parse": false
    },
    {
      "name": "The Retro Channel",
      "url": "https://5fd5567570c0e.streamlock.net/theretrochannel/stream/playlist.m3u8",
      "pic": "https://encrypted-tbn0.gstatic.com/images?q=tbn:ANd9GcTAVJBacCXMEwF_m_39Z8DgNbyLJNQAPRJXkQ&usqp=CAU",
      "parse": false
    },
    {
      "name": "Thrakinettv",
      "url": "https://cdn.onestreaming.com/thrakinettv/thrakinettv/playlist.m3u8",
      "pic": "https://encrypted-tbn0.gstatic.com/images?q=tbn:ANd9GcTAVJBacCXMEwF_m_39Z8DgNbyLJNQAPRJXkQ&usqp=CAU",
      "parse": false
    },
    {
      "name": "Tilemousiki (Greece★480p) [Not 24/7]",
      "url": "http://wpso.com:1936/hls/music1.m3u8",
      "pic": "https://encrypted-tbn0.gstatic.com/images?q=tbn:ANd9GcTAVJBacCXMEwF_m_39Z8DgNbyLJNQAPRJXkQ&usqp=CAU",
      "parse": false
    },
    {
      "name": "Trace Urban (Australia)",
      "url": "https://lightning-traceurban-samsungau.amagi.tv/playlist1080p.m3u8",
      "pic": "https://encrypted-tbn0.gstatic.com/images?q=tbn:ANd9GcTAVJBacCXMEwF_m_39Z8DgNbyLJNQAPRJXkQ&usqp=CAU",
      "parse": false
    },
    {
      "name": "Trace Urban (New Zealand)",
      "url": "https://cdn-apse1-prod.tsv2.amagi.tv/linear/amg01076-lightningintern-traceurban-samsungnz/playlist.m3u8",
      "pic": "https://encrypted-tbn0.gstatic.com/images?q=tbn:ANd9GcTAVJBacCXMEwF_m_39Z8DgNbyLJNQAPRJXkQ&usqp=CAU",
      "parse": false
    },
    {
      "name": "Tropical Moon Somos Cultura TV",
      "url": "https://srv.panelcast.net/somosculturatv/somosculturatv/playlist.m3u8",
      "pic": "https://encrypted-tbn0.gstatic.com/images?q=tbn:ANd9GcTAVJBacCXMEwF_m_39Z8DgNbyLJNQAPRJXkQ&usqp=CAU",
      "parse": false
    },
    {
      "name": "Tropical Moon TV",
      "url": "https://srv.panelcast.net/musictv/musictv/playlist.m3u8",
      "pic": "https://encrypted-tbn0.gstatic.com/images?q=tbn:ANd9GcTAVJBacCXMEwF_m_39Z8DgNbyLJNQAPRJXkQ&usqp=CAU",
      "parse": false
    },
    {
      "name": "Tropical Moon Urban TV",
      "url": "https://srv.panelcast.net/urbantvnetott/urbantvnetott/playlist.m3u8",
      "pic": "https://encrypted-tbn0.gstatic.com/images?q=tbn:ANd9GcTAVJBacCXMEwF_m_39Z8DgNbyLJNQAPRJXkQ&usqp=CAU",
      "parse": false
    },
    {
      "name": "TRT Muzik (Turkey)",
      "url": "https://tv-trtmuzik.medya.trt.com.tr/master.m3u8",
      "pic": "https://encrypted-tbn0.gstatic.com/images?q=tbn:ANd9GcTAVJBacCXMEwF_m_39Z8DgNbyLJNQAPRJXkQ&usqp=CAU",
      "parse": false
    },
    {
      "name": "TVfaces Online (Peru)",
      "url": "https://tvdatta.com:3211/stream/play.m3u8",
      "pic": "https://encrypted-tbn0.gstatic.com/images?q=tbn:ANd9GcTAVJBacCXMEwF_m_39Z8DgNbyLJNQAPRJXkQ&usqp=CAU",
      "parse": false
    },
    {
      "name": "TV Destak (360p)",
      "url": "https://59f2354c05961.streamlock.net:1443/pascoal/_definst_/pascoal/playlist.m3u8",
      "pic": "https://encrypted-tbn0.gstatic.com/images?q=tbn:ANd9GcTAVJBacCXMEwF_m_39Z8DgNbyLJNQAPRJXkQ&usqp=CAU",
      "parse": false
    },
    {
      "name": "U Channel (Indonesia) [Not 24/7]",
      "url": "http://210.210.155.35/x6bnqe/s/s73/index2.m3u8",
      "pic": "https://encrypted-tbn0.gstatic.com/images?q=tbn:ANd9GcTAVJBacCXMEwF_m_39Z8DgNbyLJNQAPRJXkQ&usqp=CAU",
      "parse": false
    },
    {
      "name": "V Classic TV (Chile)",
      "url": "https://5eaccbab48461.streamlock.net:1936/8112/8112/playlist.m3u8",
      "pic": "https://encrypted-tbn0.gstatic.com/images?q=tbn:ANd9GcTAVJBacCXMEwF_m_39Z8DgNbyLJNQAPRJXkQ&usqp=CAU",
      "parse": false
    },
    {
      "name": "V2Beat (UK)",
      "url": "https://abr.de1se01.v2beat.live/playlist.m3u8",
      "pic": "https://encrypted-tbn0.gstatic.com/images?q=tbn:ANd9GcTAVJBacCXMEwF_m_39Z8DgNbyLJNQAPRJXkQ&usqp=CAU",
      "parse": false
    },
    {
      "name": "VAM Vid's & More (Curacao)",
      "url": "https://cur.watch/api/get_stream/vam/streann/playlist.m3u8",
      "pic": "https://encrypted-tbn0.gstatic.com/images?q=tbn:ANd9GcTAVJBacCXMEwF_m_39Z8DgNbyLJNQAPRJXkQ&usqp=CAU",
      "parse": false
    },
    {
      "name": "VC Online (Chile)",
      "url": "https://593b04c4c5670.streamlock.net/8068/8068/playlist.m3u8",
      "pic": "https://encrypted-tbn0.gstatic.com/images?q=tbn:ANd9GcTAVJBacCXMEwF_m_39Z8DgNbyLJNQAPRJXkQ&usqp=CAU",
      "parse": false
    },
    {
      "name": "VEVO Hip Hop",
      "url": "https://5dcc6a54d90e8c5dc4345c16-s-4.ssai.zype.com/5dcc6a54d90e8c5dc4345c16-s-4/manifest.m3u8",
      "pic": "https://encrypted-tbn0.gstatic.com/images?q=tbn:ANd9GcTAVJBacCXMEwF_m_39Z8DgNbyLJNQAPRJXkQ&usqp=CAU",
      "parse": false
    },
    {
      "name": "VEVO Latino",
      "url": "https://5dcc6a9f1621dc5dd511ca14-s-5.ssai.zype.com/5dcc6a9f1621dc5dd511ca14-s-5/manifest.m3u8",
      "pic": "https://encrypted-tbn0.gstatic.com/images?q=tbn:ANd9GcTAVJBacCXMEwF_m_39Z8DgNbyLJNQAPRJXkQ&usqp=CAU",
      "parse": false
    },
    {
      "name": "VEVO Pop Europe (UK)",
      "url": "https://5f3491c50b093e00015a3c4c-samsung.eu.ssai.zype.com/5f3491c50b093e00015a3c4c_samsung_eu/manifest.m3u8",
      "pic": "https://encrypted-tbn0.gstatic.com/images?q=tbn:ANd9GcTAVJBacCXMEwF_m_39Z8DgNbyLJNQAPRJXkQ&usqp=CAU",
      "parse": false
    },
    {
      "name": "VH1",
      "url": "https://content.uplynk.com/channel/36953f5b6546464590d2fcd954bc89cf.m3u8",
      "pic": "https://encrypted-tbn0.gstatic.com/images?q=tbn:ANd9GcTAVJBacCXMEwF_m_39Z8DgNbyLJNQAPRJXkQ&usqp=CAU",
      "parse": false
    },
    {
      "name": "ViwixTV Music (Chile)",
      "url": "https://s2.tvdatta.com:3548/hybrid/play.m3u8",
      "pic": "https://encrypted-tbn0.gstatic.com/images?q=tbn:ANd9GcTAVJBacCXMEwF_m_39Z8DgNbyLJNQAPRJXkQ&usqp=CAU",
      "parse": false
    },
    {
      "name": "VM Latino (Costa Rica) [Not 24/7]",
      "url": "https://593b04c4c5670.streamlock.net/8068/8068/playlist.m3u8",
      "pic": "https://encrypted-tbn0.gstatic.com/images?q=tbn:ANd9GcTAVJBacCXMEwF_m_39Z8DgNbyLJNQAPRJXkQ&usqp=CAU",
      "parse": false
    },
    {
      "name": "Vuemme (Italy)",
      "url": "https://5db313b643fd8.streamlock.net/Vuemme/Vuemme/playlist.m3u8",
      "pic": "https://encrypted-tbn0.gstatic.com/images?q=tbn:ANd9GcTAVJBacCXMEwF_m_39Z8DgNbyLJNQAPRJXkQ&usqp=CAU",
      "parse": false
    },
    {
      "name": "WOWOW ライブ (Japan)",
      "url": "https://stream01.willfonk.com/live_playlist.m3u8?cid=BS192&r=FHD&ccode=JP&m=d0:20:20:04:35:cc&t=0d6938cb3dcf4b79848bc1753a59daf1",
      "pic": "https://encrypted-tbn0.gstatic.com/images?q=tbn:ANd9GcTAVJBacCXMEwF_m_39Z8DgNbyLJNQAPRJXkQ&usqp=CAU",
      "parse": false
    },
    {
      "name": "XITE (Germany)",
      "url": "https://xite-samsung-de.amagi.tv/playlist.m3u8",
      "pic": "https://encrypted-tbn0.gstatic.com/images?q=tbn:ANd9GcTAVJBacCXMEwF_m_39Z8DgNbyLJNQAPRJXkQ&usqp=CAU",
      "parse": false
    },
    {
      "name": "XITE (Netherlands) [Not 24/7]",
      "url": "https://ms2.mx-cd.net/tv/226-1855782/XITE_NL.smil/playlist.m3u8",
      "pic": "https://encrypted-tbn0.gstatic.com/images?q=tbn:ANd9GcTAVJBacCXMEwF_m_39Z8DgNbyLJNQAPRJXkQ&usqp=CAU",
      "parse": false
    },
    {
      "name": "Zapping Music (Chile)",
      "url": "https://zmlive.zappingtv.com/zm-free/zm.smil/chunklist_live1_b4131600_sles.m3u8",
      "pic": "https://encrypted-tbn0.gstatic.com/images?q=tbn:ANd9GcTAVJBacCXMEwF_m_39Z8DgNbyLJNQAPRJXkQ&usqp=CAU",
      "parse": false
    },
    {
      "name": "Zerouno TV (Italy)",
      "url": "http://5db313b643fd8.streamlock.net:1935/ZerounoTV/ZerounoTV/playlist.m3u8",
      "pic": "https://encrypted-tbn0.gstatic.com/images?q=tbn:ANd9GcTAVJBacCXMEwF_m_39Z8DgNbyLJNQAPRJXkQ&usqp=CAU",
      "parse": false
    },
    {
      "name": "Pluto CMT Equal Play",
      "url": "https://service-stitcher.clusters.pluto.tv/v1/stitch/embed/hls/channel/5f68f53eb1e5800007390bf8/master.m3u8?advertisingId=channel&appName=rokuchannel&appVersion=1.0&bmodel=bm1&channel_id=channel&content=channel&content_rating=ROKU_ADS_CONTENT_RATING&content_type=livefeed&coppa=false&deviceDNT=1&deviceId=channel&deviceMake=rokuChannel&deviceModel=web&deviceType=rokuChannel&deviceVersion=1.0&embedPartner=rokuChannel&genre=ROKU_ADS_CONTENT_GENRE&is_lat=1&platform=web&rdid=channel&studio_id=viacom&tags=ROKU_CONTENT_TAGS&already_redirected=true",
      "pic": "https://encrypted-tbn0.gstatic.com/images?q=tbn:ANd9GcQ8eE1A4ns7O24spCrmqcxJjLiMRVCWSZvmjA&usqp=CAU",
      "parse": false
    },
    {
      "name": "Pluto CMT Music",
      "url": "http://pluto-live.plutotv.net/egress/chandler/pluto01/live/VIACBS08/master.m3u8",
      "pic": "https://encrypted-tbn0.gstatic.com/images?q=tbn:ANd9GcQ8eE1A4ns7O24spCrmqcxJjLiMRVCWSZvmjA&usqp=CAU",
      "parse": false
    },
    {
      "name": "Pluto Live in Concert",
      "url": "http://service-stitcher.clusters.pluto.tv/stitch/hls/channel/6080411af03506000759916e/master.m3u8?appName=web&appVersion=unknown&clientTime=0&deviceDNT=0&deviceId=35fbb571-e986-11eb-a0af-c3b401f46211&deviceMake=Chrome&deviceModel=web&deviceType=web&deviceVersion=unknown&includeExtendedEvents=false&serverSideAds=false&sid=9c6d294f-660b-47ef-bc20-1961faf21c6a",
      "pic": "https://encrypted-tbn0.gstatic.com/images?q=tbn:ANd9GcQ8eE1A4ns7O24spCrmqcxJjLiMRVCWSZvmjA&usqp=CAU",
      "parse": false
    },
    {
      "name": "Pluto Live Music Replay",
      "url": "https://service-stitcher.clusters.pluto.tv/stitch/hls/channel/5873fc21cad696fb37aa9054/master.m3u8?advertisingId=&appName=web&appStoreUrl=&appVersion=DNT&app_name=&architecture=&buildVersion=&deviceDNT=0&deviceId=5873fc21cad696fb37aa9054&deviceLat=&deviceLon=&deviceMake=web&deviceModel=web&deviceType=web&deviceVersion=DNT&includeExtendedEvents=false&marketingRegion=US&serverSideAds=false&sid=855&terminate=false&userId=",
      "pic": "https://encrypted-tbn0.gstatic.com/images?q=tbn:ANd9GcQ8eE1A4ns7O24spCrmqcxJjLiMRVCWSZvmjA&usqp=CAU",
      "parse": false
    },
    {
      "name": "Pluto MTV Biggest Pop",
      "url": "http://pluto-live.plutotv.net/egress/chandler/pluto01/live/VIACBS02/master.m3u8",
      "pic": "https://encrypted-tbn0.gstatic.com/images?q=tbn:ANd9GcQ8eE1A4ns7O24spCrmqcxJjLiMRVCWSZvmjA&usqp=CAU",
      "parse": false
    },
    {
      "name": "Pluto MTV Block Party",
      "url": "http://pluto-live.plutotv.net/egress/chandler/pluto01/live/VIACBS03/master.m3u8",
      "pic": "https://encrypted-tbn0.gstatic.com/images?q=tbn:ANd9GcQ8eE1A4ns7O24spCrmqcxJjLiMRVCWSZvmjA&usqp=CAU",
      "parse": false
    },
    {
      "name": "Pluto MTV En Vivo (Mexico)",
      "url": "https://service-stitcher.clusters.pluto.tv/v1/stitch/embed/hls/channel/6130d6f3f3f7bb0007dbd092/master.m3u8?advertisingId=channel&appName=rokuchannel&appVersion=1.0&bmodel=bm1&content=channel&content_rating=ROKU_ADS_CONTENT_RATING&content_type=livefeed&coppa=false&deviceDNT=1&deviceId=channel&deviceMake=rokuChannel&deviceModel=web&deviceType=rokuChannel&deviceVersion=1.0&embedPartner=rokuChannel&is_lat=1&platform=web&rdid=channel&tags=ROKU_CONTENT_TAGS&already_redirected=true",
      "pic": "https://encrypted-tbn0.gstatic.com/images?q=tbn:ANd9GcQ8eE1A4ns7O24spCrmqcxJjLiMRVCWSZvmjA&usqp=CAU",
      "parse": false
    },
    {
      "name": "Pluto MTV Love Music",
      "url": "https://service-stitcher.clusters.pluto.tv/v1/stitch/embed/hls/channel/600ae79fa46e17000794e84c/master.m3u8?advertisingId=channel&appName=rokuchannel&appVersion=1.0&bmodel=bm1&content=channel&content_rating=ROKU_ADS_CONTENT_RATING&content_type=livefeed&coppa=false&deviceDNT=1&deviceId=channel&deviceMake=rokuChannel&deviceModel=web&deviceType=rokuChannel&deviceVersion=1.0&embedPartner=rokuChannel&is_lat=1&platform=web&rdid=channel&tags=ROKU_CONTENT_TAGS&already_redirected=true",
      "pic": "https://encrypted-tbn0.gstatic.com/images?q=tbn:ANd9GcQ8eE1A4ns7O24spCrmqcxJjLiMRVCWSZvmjA&usqp=CAU",
      "parse": false
    },
    {
      "name": "Pluto MTV Spankin' New",
      "url": "http://pluto-live.plutotv.net/egress/chandler/pluto01/live/VIACBS07/master.m3u8",
      "pic": "https://encrypted-tbn0.gstatic.com/images?q=tbn:ANd9GcQ8eE1A4ns7O24spCrmqcxJjLiMRVCWSZvmjA&usqp=CAU",
      "parse": false
    },
    {
      "name": "Pluto MTV Unplugged",
      "url": "https://service-stitcher.clusters.pluto.tv/v1/stitch/embed/hls/channel/5f98471110cca20007d39f76/master.m3u8?advertisingId=channel&appName=rokuchannel&appVersion=1.0&bmodel=bm1&channel_id=channel&content=channel&content_rating=ROKU_ADS_CONTENT_RATING&content_type=livefeed&coppa=false&deviceDNT=1&deviceId=channel&deviceMake=rokuChannel&deviceModel=web&deviceType=rokuChannel&deviceVersion=1.0&embedPartner=rokuChannel&genre=ROKU_ADS_CONTENT_GENRE&is_lat=1&platform=web&rdid=channel&studio_id=viacom&tags=ROKU_CONTENT_TAGS&already_redirected=true",
      "pic": "https://encrypted-tbn0.gstatic.com/images?q=tbn:ANd9GcQ8eE1A4ns7O24spCrmqcxJjLiMRVCWSZvmjA&usqp=CAU",
      "parse": false
    },
    {
      "name": "Pluto MTV Yo!",
      "url": "http://pluto-live.plutotv.net/egress/chandler/pluto01/live/VIACBS01/master_2400.m3u8",
      "pic": "https://encrypted-tbn0.gstatic.com/images?q=tbn:ANd9GcQ8eE1A4ns7O24spCrmqcxJjLiMRVCWSZvmjA&usqp=CAU",
      "parse": false
    },
    {
      "name": "Pluto Qwest Jazz",
      "url": "https://siloh.pluto.tv/lilo/production/QwestJazz/master.m3u8",
      "pic": "https://encrypted-tbn0.gstatic.com/images?q=tbn:ANd9GcQ8eE1A4ns7O24spCrmqcxJjLiMRVCWSZvmjA&usqp=CAU",
      "parse": false
    },
    {
      "name": "Pluto Shows por Stingray (Brazil)",
      "url": "http://stitcher-ipv4.pluto.tv/v1/stitch/embed/hls/channel/604b91e0692f770007d9f33f/master.m3u8?advertisingId={PSID}&appVersion=unknown&deviceDNT={TARGETOPT}&deviceId={PSID}&deviceLat=0&deviceLon=0&deviceMake=samsung&deviceModel=samsung&deviceType=samsung-tvplus&deviceVersion=unknown&embedPartner=samsung-tvplus&profileFloor=&profileLimit=&samsung_app_domain={APP_DOMAIN}&samsung_app_name={APP_NAME}&us_privacy=1YNY",
      "pic": "https://encrypted-tbn0.gstatic.com/images?q=tbn:ANd9GcQ8eE1A4ns7O24spCrmqcxJjLiMRVCWSZvmjA&usqp=CAU",
      "parse": false
    },
    {
      "name": "Pluto Slow TV",
      "url": "https://service-stitcher.clusters.pluto.tv/stitch/hls/channel/5317bfebff98025b3200ff99/master.m3u8?advertisingId=&appName=web&appStoreUrl=&appVersion=DNT&app_name=&architecture=&buildVersion=&deviceDNT=0&deviceId=5317bfebff98025b3200ff99&deviceLat=&deviceLon=&deviceMake=web&deviceModel=web&deviceType=web&deviceVersion=DNT&includeExtendedEvents=false&marketingRegion=US&serverSideAds=false&sid=696&terminate=false&userId=",
      "pic": "https://encrypted-tbn0.gstatic.com/images?q=tbn:ANd9GcQ8eE1A4ns7O24spCrmqcxJjLiMRVCWSZvmjA&usqp=CAU",
      "parse": false
    },
    {
      "name": "Pluto Stingray Qello",
      "url": "https://siloh.pluto.tv/lilo/production/Qello/ES/master.m3u8",
      "pic": "https://encrypted-tbn0.gstatic.com/images?q=tbn:ANd9GcQ8eE1A4ns7O24spCrmqcxJjLiMRVCWSZvmjA&usqp=CAU",
      "parse": false
    },
    {
      "name": "Pluto The Story of Beatclub",
      "url": "https://service-stitcher.clusters.pluto.tv/stitch/hls/channel/5f982c3420de4100070a545e/master.m3u8?advertisingId=&appName=web&appStoreUrl=&appVersion=DNT&app_name=&architecture=&buildVersion=&deviceDNT=1&deviceId=5f982c3420de4100070a545e&deviceLat=&deviceLon=&deviceMake=web&deviceModel=web&deviceType=web&deviceVersion=DNT&includeExtendedEvents=false&marketingRegion=DE&serverSideAds=false&sid=09ab0f67-3401-11eb-a786-0242ac110002&terminate=false&userId=",
      "pic": "https://encrypted-tbn0.gstatic.com/images?q=tbn:ANd9GcQ8eE1A4ns7O24spCrmqcxJjLiMRVCWSZvmjA&usqp=CAU",
      "parse": false
    },
    {
      "name": "Sluhay (Belarus) [Not 24/7]",
      "url": "https://sluhay.by/live/Ch045pub/index.m3u8",
      "pic": "https://encrypted-tbn0.gstatic.com/images?q=tbn:ANd9GcRIWGOOeFXQErKMyLyTEJfsFMYnphLOk0FYng&usqp=CAU",
      "parse": false
    },
    {
      "name": "Sluhay Aillion (Belarus) [Not 24/7]",
      "url": "https://sluhay.by/live/Ch149pub/index.m3u8",
      "pic": "https://encrypted-tbn0.gstatic.com/images?q=tbn:ANd9GcRIWGOOeFXQErKMyLyTEJfsFMYnphLOk0FYng&usqp=CAU",
      "parse": false
    },
    {
      "name": "Sluhay Among Your God (Belarus) [Not 24/7]",
      "url": "https://sluhay.by/live/Ch086pub/index.m3u8",
      "pic": "https://encrypted-tbn0.gstatic.com/images?q=tbn:ANd9GcRIWGOOeFXQErKMyLyTEJfsFMYnphLOk0FYng&usqp=CAU",
      "parse": false
    },
    {
      "name": "Sluhay Christ (Belarus) [Not 24/7]",
      "url": "https://sluhay.by/live/Ch064pub/index.m3u8",
      "pic": "https://encrypted-tbn0.gstatic.com/images?q=tbn:ANd9GcRIWGOOeFXQErKMyLyTEJfsFMYnphLOk0FYng&usqp=CAU",
      "parse": false
    },
    {
      "name": "Sluhay EDM (Belarus) [Not 24/7]",
      "url": "https://sluhay.by/live/Ch091pub/index.m3u8",
      "pic": "https://encrypted-tbn0.gstatic.com/images?q=tbn:ANd9GcRIWGOOeFXQErKMyLyTEJfsFMYnphLOk0FYng&usqp=CAU",
      "parse": false
    },
    {
      "name": "Sluhay Lenadi (Belarus) [Not 24/7]",
      "url": "https://sluhay.by/live/Ch052pub/index.m3u8",
      "pic": "https://encrypted-tbn0.gstatic.com/images?q=tbn:ANd9GcRIWGOOeFXQErKMyLyTEJfsFMYnphLOk0FYng&usqp=CAU",
      "parse": false
    },
    {
      "name": "Sluhay Live (Belarus) [Not 24/7]",
      "url": "https://sluhay.by/live/Ch173pub/index.m3u8",
      "pic": "https://encrypted-tbn0.gstatic.com/images?q=tbn:ANd9GcRIWGOOeFXQErKMyLyTEJfsFMYnphLOk0FYng&usqp=CAU",
      "parse": false
    },
    {
      "name": "Sluhay Mova (Belarus) [Not 24/7]",
      "url": "https://sluhay.by/live/Ch034pub/index.m3u8",
      "pic": "https://encrypted-tbn0.gstatic.com/images?q=tbn:ANd9GcRIWGOOeFXQErKMyLyTEJfsFMYnphLOk0FYng&usqp=CAU",
      "parse": false
    },
    {
      "name": "Sluhay Pop (Belarus) [Not 24/7]",
      "url": "https://sluhay.by/live/Ch066pub/index.m3u8",
      "pic": "https://encrypted-tbn0.gstatic.com/images?q=tbn:ANd9GcRIWGOOeFXQErKMyLyTEJfsFMYnphLOk0FYng&usqp=CAU",
      "parse": false
    },
    {
      "name": "Sluhay Rap (Belarus) [Not 24/7]",
      "url": "https://sluhay.by/live/Ch107pub/index.m3u8",
      "pic": "https://encrypted-tbn0.gstatic.com/images?q=tbn:ANd9GcRIWGOOeFXQErKMyLyTEJfsFMYnphLOk0FYng&usqp=CAU",
      "parse": false
    },
    {
      "name": "Sluhay Rock (Belarus) [Not 24/7]",
      "url": "https://sluhay.by/live/Ch114pub/index.m3u8",
      "pic": "https://encrypted-tbn0.gstatic.com/images?q=tbn:ANd9GcRIWGOOeFXQErKMyLyTEJfsFMYnphLOk0FYng&usqp=CAU",
      "parse": false
    },
    {
      "name": "Sluhay Xtip (Belarus) [Not 24/7]",
      "url": "https://sluhay.by/live/Ch056pub/index.m3u8",
      "pic": "https://encrypted-tbn0.gstatic.com/images?q=tbn:ANd9GcRIWGOOeFXQErKMyLyTEJfsFMYnphLOk0FYng&usqp=CAU",
      "parse": false
    },
    {
      "name": "STIRR Classica",
      "url": "https://dai.google.com/linear/hls/event/AaFxJXOhQl-BsTVC9OCunQ/master.m3u8",
      "pic": "https://encrypted-tbn0.gstatic.com/images?q=tbn:ANd9GcT71IK54XkrswO7TEKnFKClKiGjmxT4QyG2aA&usqp=CAU",
      "parse": false
    },
    {
      "name": "STIRR It's Showtime at the Apollo",
      "url": "https://dai.google.com/linear/hls/event/fAFfTnCAT2K8d83sYsA-cw/master.m3u8",
      "pic": "https://encrypted-tbn0.gstatic.com/images?q=tbn:ANd9GcT71IK54XkrswO7TEKnFKClKiGjmxT4QyG2aA&usqp=CAU",
      "parse": false
    },
    {
      "name": "STIRR Qello Concerts",
      "url": "https://dai.google.com/linear/hls/event/BakMHO8xRSmGKYeiyhsq3A/master.m3u8",
      "pic": "https://encrypted-tbn0.gstatic.com/images?q=tbn:ANd9GcT71IK54XkrswO7TEKnFKClKiGjmxT4QyG2aA&usqp=CAU",
      "parse": false
    },
    {
      "name": "XUMO Baeble Music",
      "url": "https://dai2.xumo.com/amagi_hls_data_xumo1212A-redboxbaeble/CDN/playlist.m3u8",
      "pic": "https://encrypted-tbn0.gstatic.com/images?q=tbn:ANd9GcTr73ageoYl5QbOdX7lx4MvBMWlF7bFoZI__w&usqp=CAU",
      "parse": false
    },
    {
      "name": "XUMO Circle",
      "url": "https://circle-xumo.amagi.tv/playlist.m3u8",
      "pic": "https://encrypted-tbn0.gstatic.com/images?q=tbn:ANd9GcTr73ageoYl5QbOdX7lx4MvBMWlF7bFoZI__w&usqp=CAU",
      "parse": false
    },
    {
      "name": "XUMO Showtime at the Apollo",
      "url": "https://dai2.xumo.com/amagi_hls_data_xumo1212A-redboxshowtimeattheapollo/CDN/playlist.m3u8",
      "pic": "https://encrypted-tbn0.gstatic.com/images?q=tbn:ANd9GcTr73ageoYl5QbOdX7lx4MvBMWlF7bFoZI__w&usqp=CAU",
      "parse": false
    },
    {
      "name": "XUMO VEVO 80s",
      "url": "https://dai2.xumo.com/amagi_hls_data_xumo1212A-redboxvevo80s/CDN/playlist.m3u8",
      "pic": "https://encrypted-tbn0.gstatic.com/images?q=tbn:ANd9GcTr73ageoYl5QbOdX7lx4MvBMWlF7bFoZI__w&usqp=CAU",
      "parse": false
    },
    {
      "name": "88 Stereo Radio-TV (720p) [Not 24/7]",
      "url": "http://k3.usastreams.com/CableLatino/88stereo/playlist.m3u8",
      "pic": "https://encrypted-tbn0.gstatic.com/images?q=tbn:ANd9GcT4t8RIHezXsOyeZOkWLLEFZyiS3hK7AKBx3w&usqp=CAU",
      "parse": false
    },
    {
      "name": "102.3 Now! Radio (Canada★CKNO-FM)",
      "url": "https://videostream.jpbgdigital.com/NOWTV.m3u8",
      "pic": "https://encrypted-tbn0.gstatic.com/images?q=tbn:ANd9GcT4t8RIHezXsOyeZOkWLLEFZyiS3hK7AKBx3w&usqp=CAU",
      "parse": false
    },
    {
      "name": "Am1020 (Argentina★360p)",
      "url": "http://51.79.83.93:9998/live/am1020/playlist.m3u8",
      "pic": "https://encrypted-tbn0.gstatic.com/images?q=tbn:ANd9GcT4t8RIHezXsOyeZOkWLLEFZyiS3hK7AKBx3w&usqp=CAU",
      "parse": false
    },
    {
      "name": "Arirang Radio (Korea)",
      "url": "http://amdlive-ch03.ctnd.com.edgesuite.net/arirang_3ch/smil:arirang_3ch.smil/chunklist_b1728000_sleng.m3u8",
      "pic": "https://encrypted-tbn0.gstatic.com/images?q=tbn:ANd9GcT4t8RIHezXsOyeZOkWLLEFZyiS3hK7AKBx3w&usqp=CAU",
      "parse": false
    },
    {
      "name": "CNR 经典音乐",
      "url": "http://ngcdn004.cnr.cn/live/dszs/index.m3u8",
      "pic": "https://encrypted-tbn0.gstatic.com/images?q=tbn:ANd9GcT4t8RIHezXsOyeZOkWLLEFZyiS3hK7AKBx3w&usqp=CAU",
      "parse": false
    },
    {
      "name": "NG Radio (Greece)",
      "url": "https://live.streams.ovh/NGradio/NGradio/playlist.m3u8",
      "pic": "https://encrypted-tbn0.gstatic.com/images?q=tbn:ANd9GcT4t8RIHezXsOyeZOkWLLEFZyiS3hK7AKBx3w&usqp=CAU",
      "parse": false
    },
    {
      "name": "Stingray Classic Rock",
      "url": "https://stirr.ott-channels.stingray.com/101/master.m3u8",
      "pic": "https://encrypted-tbn0.gstatic.com/images?q=tbn:ANd9GcT4t8RIHezXsOyeZOkWLLEFZyiS3hK7AKBx3w&usqp=CAU",
      "parse": false
    },
    {
      "name": "Stingray Djazz",
      "url": "https://dai.google.com/linear/hls/event/C-lfmhUVTGeDNWwU13_EgA/master.m3u8",
      "pic": "https://encrypted-tbn0.gstatic.com/images?q=tbn:ANd9GcT4t8RIHezXsOyeZOkWLLEFZyiS3hK7AKBx3w&usqp=CAU",
      "parse": false
    },
    {
      "name": "Stingray Everything 80s",
      "url": "https://stirr.ott-channels.stingray.com/128/master.m3u8",
      "pic": "https://encrypted-tbn0.gstatic.com/images?q=tbn:ANd9GcT4t8RIHezXsOyeZOkWLLEFZyiS3hK7AKBx3w&usqp=CAU",
      "parse": false
    },
    {
      "name": "Stingray Flashback 70s",
      "url": "https://stirr.ott-channels.stingray.com/115/master.m3u8",
      "pic": "https://encrypted-tbn0.gstatic.com/images?q=tbn:ANd9GcT4t8RIHezXsOyeZOkWLLEFZyiS3hK7AKBx3w&usqp=CAU",
      "parse": false
    },
    {
      "name": "Stingray Hip-Hop/R&B",
      "url": "https://ott-linear-channels.stingray.com/hls/stirr/133.m3u8",
      "pic": "https://encrypted-tbn0.gstatic.com/images?q=tbn:ANd9GcT4t8RIHezXsOyeZOkWLLEFZyiS3hK7AKBx3w&usqp=CAU",
      "parse": false
    },
    {
      "name": "Stingray Hits",
      "url": "https://ott-linear-channels.stingray.com/hls/stirr/155.m3u8",
      "pic": "https://encrypted-tbn0.gstatic.com/images?q=tbn:ANd9GcT4t8RIHezXsOyeZOkWLLEFZyiS3hK7AKBx3w&usqp=CAU",
      "parse": false
    },
    {
      "name": "Stingray Hits List",
      "url": "https://stirr.ott-channels.stingray.com/107/master.m3u8",
      "pic": "https://encrypted-tbn0.gstatic.com/images?q=tbn:ANd9GcT4t8RIHezXsOyeZOkWLLEFZyiS3hK7AKBx3w&usqp=CAU",
      "parse": false
    },
    {
      "name": "Stingray Holiday Hits",
      "url": "https://stirr.ott-channels.stingray.com/155/master.m3u8",
      "pic": "https://encrypted-tbn0.gstatic.com/images?q=tbn:ANd9GcT4t8RIHezXsOyeZOkWLLEFZyiS3hK7AKBx3w&usqp=CAU",
      "parse": false
    },
    {
      "name": "Stingray Hot Country",
      "url": "https://stirr.ott-channels.stingray.com/108/master.m3u8",
      "pic": "https://encrypted-tbn0.gstatic.com/images?q=tbn:ANd9GcT4t8RIHezXsOyeZOkWLLEFZyiS3hK7AKBx3w&usqp=CAU",
      "parse": false
    },
    {
      "name": "Stingray Karaoke",
      "url": "https://dai.google.com/linear/hls/event/5bqbG8j7T_6_qMONC1SDsg/master.m3u8",
      "pic": "https://encrypted-tbn0.gstatic.com/images?q=tbn:ANd9GcT4t8RIHezXsOyeZOkWLLEFZyiS3hK7AKBx3w&usqp=CAU",
      "parse": false
    },
    {
      "name": "Stingray MythBusters",
      "url": "https://ott-linear-channels.stingray.com/v1/master/734895816ccb1e836f8c1e81f772244d9be0077c/115/master.m3u8",
      "pic": "https://encrypted-tbn0.gstatic.com/images?q=tbn:ANd9GcT4t8RIHezXsOyeZOkWLLEFZyiS3hK7AKBx3w&usqp=CAU",
      "parse": false
    },
    {
      "name": "Stingray Naturescape",
      "url": "https://dai.google.com/linear/hls/event/6RPZlzksTCyB1euPqLcBZQ/master.m3u8",
      "pic": "https://encrypted-tbn0.gstatic.com/images?q=tbn:ANd9GcT4t8RIHezXsOyeZOkWLLEFZyiS3hK7AKBx3w&usqp=CAU",
      "parse": false
    },
    {
      "name": "Stingray Pop",
      "url": "https://ott-linear-channels.stingray.com/hls/stirr/104.m3u8",
      "pic": "https://encrypted-tbn0.gstatic.com/images?q=tbn:ANd9GcT4t8RIHezXsOyeZOkWLLEFZyiS3hK7AKBx3w&usqp=CAU",
      "parse": false
    },
    {
      "name": "Stingray Pop Adult",
      "url": "https://ott-linear-channels.stingray.com/v1/master/734895816ccb1e836f8c1e81f772244d9be0077c/104/master.m3u8",
      "pic": "https://encrypted-tbn0.gstatic.com/images?q=tbn:ANd9GcT4t8RIHezXsOyeZOkWLLEFZyiS3hK7AKBx3w&usqp=CAU",
      "parse": false
    },
    {
      "name": "Stingray Today's Latin Pop",
      "url": "https://ott-linear-channels.stingray.com/hls/stirr/190.m3u8",
      "pic": "https://encrypted-tbn0.gstatic.com/images?q=tbn:ANd9GcT4t8RIHezXsOyeZOkWLLEFZyiS3hK7AKBx3w&usqp=CAU",
      "parse": false
    }
  ]
}
