{
  "data": [
    {
      "name": "热门电影",
      "listData": [{"directors":["程腾","李炜","李夏","王昕"],"rate":"7.0","cover_x":3000,"star":"35","title":"姜子牙","url":"https:\/\/movie.douban.com\/subject\/25907124\/","casts":["郑希","杨凝","图特哈蒙","阎么么","季冠霖"],"cover":"https://img1.doubanio.com\/view\/photo\/s_ratio_poster\/public\/p2621219978.jpg","id":"25907124","cover_y":4367},{"directors":["宁浩","徐峥","陈思诚","闫非","彭大魔","邓超","俞白眉"],"rate":"7.4","cover_x":5906,"star":"35","title":"我和我的家乡","url":"https:\/\/movie.douban.com\/subject\/35051512\/","casts":["葛优","黄渤","范伟","邓超","沈腾"],"cover":"https://img2.doubanio.com\/view\/photo\/s_ratio_poster\/public\/p2620453443.jpg","id":"35051512","cover_y":8268},{"directors":["田口智久"],"rate":"7.5","cover_x":2500,"star":"40","title":"数码宝贝：最后的进化","url":"https:\/\/movie.douban.com\/subject\/30482645\/","casts":["花江夏树","细谷佳正","三森铃子","田村睦心","吉田仁美"],"cover":"https://img9.doubanio.com\/view\/photo\/s_ratio_poster\/public\/p2623955494.jpg","id":"30482645","cover_y":3667},{"directors":["唐季礼"],"rate":"5.0","cover_x":857,"star":"25","title":"急先锋","url":"https:\/\/movie.douban.com\/subject\/27195078\/","casts":["成龙","杨洋","艾伦","徐若晗","母其弥雅"],"cover":"https://img9.doubanio.com\/view\/photo\/s_ratio_poster\/public\/p2619027144.jpg","id":"27195078","cover_y":1200},{"directors":["饺子"],"rate":"8.5","cover_x":5594,"star":"45","title":"哪吒之魔童降世","url":"https:\/\/movie.douban.com\/subject\/26794435\/","casts":["吕艳婷","囧森瑟夫","瀚墨","陈浩","绿绮"],"cover":"https://img9.doubanio.com\/view\/photo\/s_ratio_poster\/public\/p2563780504.jpg","id":"26794435","cover_y":8268},{"directors":["文牧野"],"rate":"9.0","cover_x":2810,"star":"45","title":"我不是药神","url":"https:\/\/movie.douban.com\/subject\/26752088\/","casts":["徐峥","王传君","周一围","谭卓","章宇"],"cover":"https://img9.doubanio.com\/view\/photo\/s_ratio_poster\/public\/p2561305376.jpg","id":"26752088","cover_y":3937},{"directors":["弗兰克·德拉邦特"],"rate":"9.7","cover_x":2000,"star":"50","title":"肖申克的救赎","url":"https:\/\/movie.douban.com\/subject\/1292052\/","casts":["蒂姆·罗宾斯","摩根·弗里曼","鲍勃·冈顿","威廉姆·赛德勒","克兰西·布朗"],"cover":"https://img2.doubanio.com\/view\/photo\/s_ratio_poster\/public\/p480747492.jpg","id":"1292052","cover_y":2963},{"directors":["宫崎骏"],"rate":"9.4","cover_x":1080,"star":"45","title":"千与千寻","url":"https:\/\/movie.douban.com\/subject\/1291561\/","casts":["柊瑠美","入野自由","夏木真理","菅原文太","中村彰男"],"cover":"https://img1.doubanio.com\/view\/photo\/s_ratio_poster\/public\/p2557573348.jpg","id":"1291561","cover_y":1560},{"directors":["许宏宇"],"rate":"6.9","cover_x":1134,"star":"35","title":"一点就到家","url":"https:\/\/movie.douban.com\/subject\/35069506\/","casts":["刘昊然","彭昱畅","尹昉","谭卓","张琪"],"cover":"https://img2.doubanio.com\/view\/photo\/s_ratio_poster\/public\/p2621101922.jpg","id":"35069506","cover_y":1588},{"directors":["拜伦·霍华德","瑞奇·摩尔","杰拉德·布什"],"rate":"9.2","cover_x":1080,"star":"45","title":"疯狂动物城","url":"https:\/\/movie.douban.com\/subject\/25662329\/","casts":["金妮弗·古德温","杰森·贝特曼","伊德里斯·艾尔巴","珍妮·斯蕾特","内特·托伦斯"],"cover":"https://img1.doubanio.com\/view\/photo\/s_ratio_poster\/public\/p2614500649.jpg","id":"25662329","cover_y":1663},{"directors":["涅提·蒂瓦里"],"rate":"9.0","cover_x":4500,"star":"45","title":"摔跤吧！爸爸","url":"https:\/\/movie.douban.com\/subject\/26387939\/","casts":["阿米尔·汗","法缇玛·萨那·纱卡","桑亚·玛荷塔","阿帕尔夏克提·库拉那","沙克希·坦沃"],"cover":"https://img9.doubanio.com\/view\/photo\/s_ratio_poster\/public\/p2457983084.jpg","id":"26387939","cover_y":6300},{"directors":["詹姆斯·卡梅隆"],"rate":"9.4","cover_x":2015,"star":"45","title":"泰坦尼克号","url":"https:\/\/movie.douban.com\/subject\/1292722\/","casts":["莱昂纳多·迪卡普里奥","凯特·温丝莱特","比利·赞恩","凯西·贝茨","弗兰西丝·费舍"],"cover":"https://img9.doubanio.com\/view\/photo\/s_ratio_poster\/public\/p457760035.jpg","id":"1292722","cover_y":3000},{"directors":["曾国祥"],"rate":"8.3","cover_x":5906,"star":"40","title":"少年的你","url":"https:\/\/movie.douban.com\/subject\/30166972\/","casts":["周冬雨","易烊千玺","尹昉","周也","吴越"],"cover":"https://img2.doubanio.com\/view\/photo\/s_ratio_poster\/public\/p2572166063.jpg","id":"30166972","cover_y":8268},{"directors":["新海诚"],"rate":"8.4","cover_x":1428,"star":"40","title":"你的名字。","url":"https:\/\/movie.douban.com\/subject\/26683290\/","casts":["神木隆之介","上白石萌音","长泽雅美","市原悦子","成田凌"],"cover":"https://img1.doubanio.com\/view\/photo\/s_ratio_poster\/public\/p2395733377.jpg","id":"26683290","cover_y":2000},{"directors":["彼得·法雷里"],"rate":"8.9","cover_x":2000,"star":"45","title":"绿皮书","url":"https:\/\/movie.douban.com\/subject\/27060077\/","casts":["维果·莫腾森","马赫沙拉·阿里","琳达·卡德里尼","塞巴斯蒂安·马尼斯科","迪米特·D·马里诺夫"],"cover":"https://img2.doubanio.com\/view\/photo\/s_ratio_poster\/public\/p2549177902.jpg","id":"27060077","cover_y":3167},{"directors":["吕克·贝松"],"rate":"9.4","cover_x":658,"star":"45","title":"这个杀手不太冷","url":"https:\/\/movie.douban.com\/subject\/1295644\/","casts":["让·雷诺","娜塔莉·波特曼","加里·奥德曼","丹尼·爱罗","彼得·阿佩尔"],"cover":"https://img3.doubanio.com\/view\/photo\/s_ratio_poster\/public\/p511118051.jpg","id":"1295644","cover_y":980},{"directors":["陈凯歌","张一白","管虎","薛晓路","徐峥","宁浩","文牧野"],"rate":"7.7","cover_x":5906,"star":"40","title":"我和我的祖国","url":"https:\/\/movie.douban.com\/subject\/32659890\/","casts":["黄渤","张译","韩昊霖","杜江","葛优"],"cover":"https://img3.doubanio.com\/view\/photo\/s_ratio_poster\/public\/p2567998580.jpg","id":"32659890","cover_y":8268},{"directors":["郭帆"],"rate":"7.9","cover_x":1786,"star":"40","title":"流浪地球","url":"https:\/\/movie.douban.com\/subject\/26266893\/","casts":["屈楚萧","吴京","李光洁","吴孟达","赵今麦"],"cover":"https://img2.doubanio.com\/view\/photo\/s_ratio_poster\/public\/p2545472803.jpg","id":"26266893","cover_y":2500},{"directors":["陈凯歌"],"rate":"9.6","cover_x":600,"star":"50","title":"霸王别姬","url":"https:\/\/movie.douban.com\/subject\/1291546\/","casts":["张国荣","张丰毅","巩俐","葛优","英达"],"cover":"https://img3.doubanio.com\/view\/photo\/s_ratio_poster\/public\/p2561716440.jpg","id":"1291546","cover_y":889},{"directors":["罗伯特·泽米吉斯"],"rate":"9.5","cover_x":1872,"star":"50","title":"阿甘正传","url":"https:\/\/movie.douban.com\/subject\/1292720\/","casts":["汤姆·汉克斯","罗宾·怀特","加里·西尼斯","麦凯尔泰·威廉逊","莎莉·菲尔德"],"cover":"https://img2.doubanio.com\/view\/photo\/s_ratio_poster\/public\/p2372307693.jpg","id":"1292720","cover_y":2546}]
    },
    {"name": "热门电视剧",
      "listData": [{"directors":["斯科特·弗兰克"],"rate":"9.1","cover_x":1500,"star":"45","title":"后翼弃兵","url":"https:\/\/movie.douban.com\/subject\/32579283\/","casts":["安雅·泰勒-乔伊","伊斯拉·约翰斯顿","玛丽埃尔·海勒","托马斯·布罗迪-桑斯特","马辛·多洛辛斯基"],"cover":"https://img9.doubanio.com\/view\/photo\/s_ratio_poster\/public\/p2621201524.jpg","id":"32579283","cover_y":2222},{"directors":["张晓波"],"rate":"6.8","cover_x":2000,"star":"35","title":"三十而已","url":"https:\/\/movie.douban.com\/subject\/26608230\/","casts":["江疏影","童瑶","杨玏","毛晓彤","李泽锋"],"cover":"https://img3.doubanio.com\/view\/photo\/s_ratio_poster\/public\/p2614081670.jpg","id":"26608230","cover_y":3556},{"directors":["张一白","韩琰","李炳强"],"rate":"8.1","cover_x":1500,"star":"40","title":"风犬少年的天空","url":"https:\/\/movie.douban.com\/subject\/30413128\/","casts":["彭昱畅","张婧仪","梁靖康","周依然","张宥浩"],"cover":"https://img3.doubanio.com\/view\/photo\/s_ratio_poster\/public\/p2620379341.jpg","id":"30413128","cover_y":2097},{"directors":["陈奕甫"],"rate":"9.2","cover_x":1080,"star":"45","title":"沉默的真相","url":"https:\/\/movie.douban.com\/subject\/33447642\/","casts":["廖凡","白宇","谭卓","宁理","黄尧"],"cover":"https://img2.doubanio.com\/view\/photo\/s_ratio_poster\/public\/p2620780603.jpg","id":"33447642","cover_y":1620},{"directors":["陈正道","许肇任","吴中天"],"rate":"8.1","cover_x":2362,"star":"40","title":"摩天大楼","url":"https:\/\/movie.douban.com\/subject\/33393274\/","casts":["郭涛","杨子姗","杨颖","焦刚","刘丹"],"cover":"https://img3.doubanio.com\/view\/photo\/s_ratio_poster\/public\/p2617261901.jpg","id":"33393274","cover_y":4000},{"directors":["陈畅"],"rate":"6.9","cover_x":5871,"star":"35","title":"我，喜欢你","url":"https:\/\/movie.douban.com\/subject\/34908020\/","casts":["林雨申","赵露思","张晓谦","付嘉","吴亚衡"],"cover":"https://img9.doubanio.com\/view\/photo\/s_ratio_poster\/public\/p2620456045.jpg","id":"34908020","cover_y":9000},{"directors":["辛爽"],"rate":"8.9","cover_x":2000,"star":"45","title":"隐秘的角落","url":"https:\/\/movie.douban.com\/subject\/33404425\/","casts":["秦昊","王景春","荣梓杉","史彭元","王圣迪"],"cover":"https://img1.doubanio.com\/view\/photo\/s_ratio_poster\/public\/p2609064048.jpg","id":"33404425","cover_y":2998},{"directors":["许宏宇"],"rate":"8.1","cover_x":632,"star":"40","title":"穿越火线","url":"https:\/\/movie.douban.com\/subject\/30399268\/","casts":["鹿晗","吴磊","代露娃","宋妍霏","刘帅良"],"cover":"https://img9.doubanio.com\/view\/photo\/s_ratio_poster\/public\/p2614202895.jpg","id":"30399268","cover_y":950},{"directors":["尹涛"],"rate":"5.6","cover_x":1786,"star":"30","title":"长安诺","url":"https:\/\/movie.douban.com\/subject\/30318029\/","casts":["成毅","赵樱子","韩栋","梁婧娴","韩承羽"],"cover":"https://img3.doubanio.com\/view\/photo\/s_ratio_poster\/public\/p2545552940.jpg","id":"30318029","cover_y":2500},{"directors":["蒋家骏"],"rate":"4.6","cover_x":1080,"star":"25","title":"燕云台","url":"https:\/\/movie.douban.com\/subject\/30463519\/","casts":["唐嫣","窦骁","佘诗曼","经超","谭凯"],"cover":"https://img9.doubanio.com\/view\/photo\/s_ratio_poster\/public\/p2572854116.jpg","id":"30463519","cover_y":1636},{"directors":["安德鲁·弗莱明","彼得·劳尔"],"rate":"7.3","cover_x":1500,"star":"35","title":"艾米丽在巴黎 第一季","url":"https:\/\/movie.douban.com\/subject\/30319440\/","casts":["莉莉·柯林斯","阿什利·朴","菲利平·勒鲁瓦-博利约","卡米尔·拉萨特","凯特·沃什"],"cover":"https://img9.doubanio.com\/view\/photo\/s_ratio_poster\/public\/p2619087504.jpg","id":"30319440","cover_y":2222},{"directors":["丁黑","符策欣","任重"],"rate":"6.4","cover_x":1406,"star":"30","title":"亲爱的自己","url":"https:\/\/movie.douban.com\/subject\/34815432\/","casts":["刘诗诗","朱一龙","阚清子","彭冠英","李泽锋"],"cover":"https://img9.doubanio.com\/view\/photo\/s_ratio_poster\/public\/p2619727296.jpg","id":"34815432","cover_y":2000},{"directors":["吕行"],"rate":"8.1","cover_x":877,"star":"40","title":"无证之罪","url":"https:\/\/movie.douban.com\/subject\/26930540\/","casts":["秦昊","邓家佳","姚橹","代旭","王真儿"],"cover":"https://img2.doubanio.com\/view\/photo\/s_ratio_poster\/public\/p2497732763.jpg","id":"26930540","cover_y":1279},{"directors":["风间太树","汤浅弘章","林雅贵"],"rate":"9.2","cover_x":722,"star":"45","title":"到了30岁还是处男，似乎会变成魔法师","url":"https:\/\/movie.douban.com\/subject\/35201416\/","casts":["赤楚卫二","町田启太","浅香航大","草川拓弥","优太朗"],"cover":"https://img9.doubanio.com\/view\/photo\/s_ratio_poster\/public\/p2622449274.jpg","id":"35201416","cover_y":1024},{"directors":["申源浩"],"rate":"9.7","cover_x":1701,"star":"50","title":"请回答1988","url":"https:\/\/movie.douban.com\/subject\/26302614\/","casts":["成东日","李一花","罗美兰","金成钧","崔武成"],"cover":"https://img9.doubanio.com\/view\/photo\/s_ratio_poster\/public\/p2272563445.jpg","id":"26302614","cover_y":2410},{"directors":["福泽克雄","田中健太","松木彩"],"rate":"9.4","cover_x":589,"star":"45","title":"半泽直树2","url":"https:\/\/movie.douban.com\/subject\/25806638\/","casts":["堺雅人","上户彩","井川遥","贺来贤人","今田美樱"],"cover":"https://img2.doubanio.com\/view\/photo\/s_ratio_poster\/public\/p2610225002.jpg","id":"25806638","cover_y":828},{"directors":["安迪·海伊","布莱恩·派西维尔","梅丁·休西因"],"rate":"9.4","cover_x":690,"star":"45","title":"万物生灵","url":"https:\/\/movie.douban.com\/subject\/34446269\/","casts":["尼古拉斯·瑞夫","安娜·玛德蕾","萨缪尔·韦斯特","瑞秋·申顿","卡勒姆·伍德豪斯"],"cover":"https://img3.doubanio.com\/view\/photo\/s_ratio_poster\/public\/p2618561000.jpg","id":"34446269","cover_y":1226},{"directors":["冢原亚由子","竹村谦太郎","村尾嘉昭"],"rate":"9.4","cover_x":400,"star":"45","title":"非自然死亡","url":"https:\/\/movie.douban.com\/subject\/27140017\/","casts":["石原里美","井浦新","洼田正孝","市川实日子","松重丰"],"cover":"https://img1.doubanio.com\/view\/photo\/s_ratio_poster\/public\/p2510604929.jpg","id":"27140017","cover_y":600},{"directors":["苏万聪","苏嘉敏"],"rate":"6.7","cover_x":2000,"star":"35","title":"使徒行者3","url":"https:\/\/movie.douban.com\/subject\/27195027\/","casts":["林峯","苗侨伟","马国明","袁伟豪","黄智雯"],"cover":"https://img9.doubanio.com\/view\/photo\/s_ratio_poster\/public\/p2622659046.jpg","id":"27195027","cover_y":2952},{"directors":["邓科"],"rate":"7.0","cover_x":1125,"star":"35","title":"旗袍美探","url":"https:\/\/movie.douban.com\/subject\/30463413\/","casts":["马伊琍","高伟光","董璇","卜冠今","吴昊宸"],"cover":"https://img3.doubanio.com\/view\/photo\/s_ratio_poster\/public\/p2618223701.jpg","id":"30463413","cover_y":2000}]
    },
    {"name": "热门综艺",
      "listData": [{"directors":["吴梦知","晏吉"],"rate":"7.0","cover_x":1080,"star":"35","title":"乘风破浪的姐姐","url":"https:\/\/movie.douban.com\/subject\/34894589\/","casts":["宁静","张雨绮","黄圣依","伊能静","万茜"],"cover":"https://img1.doubanio.com\/view\/photo\/s_ratio_poster\/public\/p2608297477.jpg","id":"34894589","cover_y":1556},{"directors":["温沁函","严敏"],"rate":"9.2","cover_x":810,"star":"45","title":"说唱新世代","url":"https:\/\/movie.douban.com\/subject\/35134297\/","casts":["李宇春","黄子韬","热狗","马思唯","丁震"],"cover":"https://img3.doubanio.com\/view\/photo\/s_ratio_poster\/public\/p2620834741.jpg","id":"35134297","cover_y":1080},{"directors":["孙亮亮"],"rate":"6.1","cover_x":1080,"star":"30","title":"演员请就位 第二季","url":"https:\/\/movie.douban.com\/subject\/35163988\/","casts":["陈凯歌","尔冬升","赵薇","郭敬明","大鹏"],"cover":"https://img2.doubanio.com\/view\/photo\/s_ratio_poster\/public\/p2621610453.jpg","id":"35163988","cover_y":1920},{"directors":["陆伟"],"rate":"8.5","cover_x":1198,"star":"45","title":"这！就是街舞 第三季","url":"https:\/\/movie.douban.com\/subject\/34979018\/","casts":["王嘉尔","王一博","钟汉良","张艺兴","黄潇"],"cover":"https://img9.doubanio.com\/view\/photo\/s_ratio_poster\/public\/p2601149316.jpg","id":"34979018","cover_y":1920},{"directors":["张佩"],"rate":"7.3","cover_x":1080,"star":"35","title":"明日之子 第四季","url":"https:\/\/movie.douban.com\/subject\/34874850\/","casts":["邓紫棋","郎朗","欧阳娜娜","周震南","梁龙"],"cover":"https://img1.doubanio.com\/view\/photo\/s_ratio_poster\/public\/p2614262089.jpg","id":"34874850","cover_y":1920},{"directors":[],"rate":"8.8","cover_x":1242,"star":"45","title":"非日常派对","url":"https:\/\/movie.douban.com\/subject\/35135433\/","casts":["刘雨昕","虞书欣","许佳琪","喻言","谢可寅"],"cover":"https://img9.doubanio.com\/view\/photo\/s_ratio_poster\/public\/p2623171726.jpg","id":"35135433","cover_y":2208},{"directors":[],"rate":"","cover_x":3000,"star":"0","title":"姐姐的爱乐之程","url":"https:\/\/movie.douban.com\/subject\/35206250\/","casts":["宁静","万茜","孟佳","李斯丹妮","张雨绮"],"cover":"https://img9.doubanio.com\/view\/photo\/s_ratio_poster\/public\/p2623446966.jpg","id":"35206250","cover_y":5373},{"directors":["陈智雄"],"rate":"5.3","cover_x":2160,"star":"25","title":"心动的信号 第三季","url":"https:\/\/movie.douban.com\/subject\/34868334\/","casts":["张翰","戚薇","杨超越","丁禹兮","杜海涛"],"cover":"https://img1.doubanio.com\/view\/photo\/s_ratio_poster\/public\/p2622927427.jpg","id":"34868334","cover_y":3840},{"directors":[],"rate":"7.4","cover_x":2430,"star":"35","title":"火星情报局 第五季","url":"https:\/\/movie.douban.com\/subject\/34908150\/","casts":["汪涵","薛之谦","刘维","杨迪","田源"],"cover":"https://img3.doubanio.com\/view\/photo\/s_ratio_poster\/public\/p2622855480.jpg","id":"34908150","cover_y":4320},{"directors":["罗英石"],"rate":"9.6","cover_x":944,"star":"50","title":"新西游记 第八季","url":"https:\/\/movie.douban.com\/subject\/35161298\/","casts":["姜虎东","李寿根","殷志源","曹圭贤","表志勋"],"cover":"https://img1.doubanio.com\/view\/photo\/s_ratio_poster\/public\/p2621042927.jpg","id":"35161298","cover_y":1349},{"directors":["谭晓虹"],"rate":"8.1","cover_x":1890,"star":"40","title":"脱口秀大会 第三季","url":"https:\/\/movie.douban.com\/subject\/34840339\/","casts":["李诞","王思文","王建国","张雨绮","罗永浩"],"cover":"https://img3.doubanio.com\/view\/photo\/s_ratio_poster\/public\/p2613921861.jpg","id":"34840339","cover_y":3360},{"directors":["陈雨璇","王雪"],"rate":"7.4","cover_x":720,"star":"35","title":"乐队的夏天 第二季","url":"https:\/\/movie.douban.com\/subject\/34660591\/","casts":["马东","周迅","大张伟","张亚东","郭京飞"],"cover":"https://img1.doubanio.com\/view\/photo\/s_ratio_poster\/public\/p2615197029.jpg","id":"34660591","cover_y":960},{"directors":[],"rate":"9.9","cover_x":1078,"star":"50","title":"GOING SEVENTEEN2020","url":"https:\/\/movie.douban.com\/subject\/35196730\/","casts":["崔胜哲","尹净汉","洪知秀","文俊辉","权顺荣"],"cover":"https://img3.doubanio.com\/view\/photo\/s_ratio_poster\/public\/p2621124671.jpg","id":"35196730","cover_y":1080},{"directors":["陈智雄"],"rate":"7.6","cover_x":1080,"star":"40","title":"心动的信号 第二季","url":"https:\/\/movie.douban.com\/subject\/30458142\/","casts":["宋茜","郑恺","杨丞琳","杨超越","杜海涛"],"cover":"https://img2.doubanio.com\/view\/photo\/s_ratio_poster\/public\/p2562668422.jpg","id":"30458142","cover_y":1920},{"directors":["陈虹","曹毅立"],"rate":"7.7","cover_x":1080,"star":"40","title":"我们的歌 第二季","url":"https:\/\/movie.douban.com\/subject\/34968857\/","casts":["林海","李健","容祖儿","张信哲","钟镇涛"],"cover":"https://img9.doubanio.com\/view\/photo\/s_ratio_poster\/public\/p2622325455.jpg","id":"34968857","cover_y":1920},{"directors":[],"rate":"7.8","cover_x":450,"star":"40","title":"元气满满的哥哥","url":"https:\/\/movie.douban.com\/subject\/35115259\/","casts":["胡军","杨洋","蔡国庆","李维嘉","吴奇隆"],"cover":"https://img9.doubanio.com\/view\/photo\/s_ratio_poster\/public\/p2616012506.jpg","id":"35115259","cover_y":600},{"directors":["冯明哲"],"rate":"9.5","cover_x":2000,"star":"50","title":"舞蹈风暴 第二季","url":"https:\/\/movie.douban.com\/subject\/35072850\/","casts":["何炅","张艺兴","沈培艺","沈伟","扬扬"],"cover":"https://img3.doubanio.com\/view\/photo\/s_ratio_poster\/public\/p2622530210.jpg","id":"35072850","cover_y":3579},{"directors":["何舒"],"rate":"8.5","cover_x":3000,"star":"45","title":"明星大侦探 第五季","url":"https:\/\/movie.douban.com\/subject\/30446494\/","casts":["何炅","撒贝宁","白敬亭","王鸥","吴映洁"],"cover":"https://img9.doubanio.com\/view\/photo\/s_ratio_poster\/public\/p2574618624.jpg","id":"30446494","cover_y":4142},{"directors":["李楠楠","王雪","陈雨璇"],"rate":"8.8","cover_x":1080,"star":"45","title":"乐队的夏天 第一季","url":"https:\/\/movie.douban.com\/subject\/30357990\/","casts":["马东","吴青峰","张亚东","高晓松","乔杉"],"cover":"https://img9.doubanio.com\/view\/photo\/s_ratio_poster\/public\/p2556110785.jpg","id":"30357990","cover_y":1920},{"directors":[],"rate":"7.6","cover_x":1080,"star":"40","title":"幸福三重奏 第三季","url":"https:\/\/movie.douban.com\/subject\/35164014\/","casts":["于谦","白慧明","吴京","谢楠","何猷君"],"cover":"https://img9.doubanio.com\/view\/photo\/s_ratio_poster\/public\/p2623796854.jpg","id":"35164014","cover_y":1920}]
    },
    {"name": "热门动漫",
      "listData": [{"directors":["畠山守"],"rate":"9.4","cover_x":562,"star":"45","title":"辉夜大小姐想让我告白：天才们的恋爱头脑战 第二季","url":"https:\/\/movie.douban.com\/subject\/33379634\/","casts":["古贺葵","古川慎","小原好美","铃木崚汰","富田美忧"],"cover":"https://img3.doubanio.com\/view\/photo\/s_ratio_poster\/public\/p2611407531.jpg","id":"33379634","cover_y":800},{"directors":["林魂"],"rate":"9.0","cover_x":1318,"star":"45","title":"雾山五行","url":"https:\/\/movie.douban.com\/subject\/30395914\/","casts":["郭盛","郝祥海","叶知秋","常蓉珊","藤新"],"cover":"https://img1.doubanio.com\/view\/photo\/s_ratio_poster\/public\/p2615404769.jpg","id":"30395914","cover_y":2048},{"directors":["沈乐平"],"rate":"6.2","cover_x":448,"star":"30","title":"秦时明月之沧海横流","url":"https:\/\/movie.douban.com\/subject\/26184585\/","casts":["冯骏骅","黄怡晴","沈达威","刘钦","李敏妍"],"cover":"https://img1.doubanio.com\/view\/photo\/s_ratio_poster\/public\/p2554078838.jpg","id":"26184585","cover_y":672},{"directors":["维克多·马尔多纳多","加布里埃尔·彭纳基奥利","阿尔弗雷多·托雷斯","弗兰克·巴尔森","阿尔贝托·米尔戈","蒂姆·米勒","达米安·纽诺","杰罗姆·陈","维塔利·舒舒科","欧文·沙利文","罗伯特·瓦利","戴夫·威尔逊","乔恩·叶","哈维尔·雷西奥·格雷西亚"],"rate":"9.2","cover_x":1500,"star":"45","title":"爱，死亡和机器人 第一季","url":"https:\/\/movie.douban.com\/subject\/30424374\/","casts":["斯科特·怀特","诺兰·诺斯","马修·杨·金","迈克尔·本耶尔","乔什·布雷纳"],"cover":"https://img9.doubanio.com\/view\/photo\/s_ratio_poster\/public\/p2548248276.jpg","id":"30424374","cover_y":2222},{"directors":["外崎春雄","细川秀树","间岛崇宽","伊藤祐毅","野中卓也 ","五味伸介","宫原秀二","高桥贤"],"rate":"9.1","cover_x":1500,"star":"45","title":"鬼灭之刃","url":"https:\/\/movie.douban.com\/subject\/30210221\/","casts":["花江夏树","鬼头明里","下野纮","松冈祯丞","冈本信彦"],"cover":"https://img1.doubanio.com\/view\/photo\/s_ratio_poster\/public\/p2551222097.jpg","id":"30210221","cover_y":2121},{"directors":["史涓生"],"rate":"7.4","cover_x":1373,"star":"35","title":"全职高手 第二季","url":"https:\/\/movie.douban.com\/subject\/27038958\/","casts":["张杰","叶清","夏磊","魏超","宝木中阳"],"cover":"https://img1.doubanio.com\/view\/photo\/s_ratio_poster\/public\/p2621237857.jpg","id":"27038958","cover_y":1920},{"directors":["约瑟夫·巴伯拉","威廉·汉纳","特克斯·艾弗里","Michael Lah"],"rate":"9.7","cover_x":402,"star":"50","title":"猫和老鼠","url":"https:\/\/movie.douban.com\/subject\/4321270\/","casts":["道斯·巴特勒","里德·科菲","约瑟夫·巴伯拉","威廉·汉纳","特克斯·艾弗里"],"cover":"https://img9.doubanio.com\/view\/photo\/s_ratio_poster\/public\/p2247237724.jpg","id":"4321270","cover_y":571},{"directors":["角铜博之","芝田浩树","川田武范","今泽哲男","早川启二","志水淳儿","小坂春女","中村哲治","细田守"],"rate":"9.3","cover_x":484,"star":"45","title":"数码宝贝","url":"https:\/\/movie.douban.com\/subject\/1970134\/","casts":["藤田淑子","风间勇刀","水谷优子","天神有海","前田爱"],"cover":"https://img3.doubanio.com\/view\/photo\/s_ratio_poster\/public\/p2510125071.jpg","id":"1970134","cover_y":640},{"directors":["朴性厚"],"rate":"9.2","cover_x":2894,"star":"45","title":"咒术回战","url":"https:\/\/movie.douban.com\/subject\/34895145\/","casts":["榎木淳弥","内田雄马","濑户麻沙美","中村悠一","诹访部顺一"],"cover":"https://img1.doubanio.com\/view\/photo\/s_ratio_poster\/public\/p2604449799.jpg","id":"34895145","cover_y":4093},{"directors":["西泽信孝","志水淳儿"],"rate":"9.6","cover_x":1051,"star":"50","title":"灌篮高手","url":"https:\/\/movie.douban.com\/subject\/1998799\/","casts":["草尾毅","绿川光","梁田清之","置鲇龙太郎","盐屋翼"],"cover":"https://img9.doubanio.com\/view\/photo\/s_ratio_poster\/public\/p2445459194.jpg","id":"1998799","cover_y":1500},{"directors":["韦斯利·阿彻","皮特·米歇尔斯"],"rate":"9.8","cover_x":1012,"star":"50","title":"瑞克和莫蒂 第二季","url":"https:\/\/movie.douban.com\/subject\/25865470\/","casts":["贾斯汀·罗兰","克里斯·帕内尔","斯宾瑟·格拉默","萨拉·乔克","科甘-迈克尔·凯"],"cover":"https://img1.doubanio.com\/view\/photo\/s_ratio_poster\/public\/p2579918159.jpg","id":"25865470","cover_y":1428},{"directors":["雅各布·海尔","艾丽卡·海斯"],"rate":"9.7","cover_x":1200,"star":"50","title":"瑞克和莫蒂 第四季","url":"https:\/\/movie.douban.com\/subject\/27166039\/","casts":["贾斯汀·罗兰","克里斯·帕内尔","斯宾瑟·格拉默","萨拉·乔克","凯瑞·华格伦"],"cover":"https://img1.doubanio.com\/view\/photo\/s_ratio_poster\/public\/p2573033857.jpg","id":"27166039","cover_y":1800},{"directors":["夏目真悟","吉泽俊一","牛岛新一郎","山冈实","久木晃嗣","八田洋介","武藤信宏"],"rate":"9.4","cover_x":717,"star":"45","title":"一拳超人","url":"https:\/\/movie.douban.com\/subject\/26339248\/","casts":["古川慎","石川界人","梶裕贵","悠木碧","中村悠一"],"cover":"https://img2.doubanio.com\/view\/photo\/s_ratio_poster\/public\/p2234184583.jpg","id":"26339248","cover_y":1000},{"directors":["贾斯汀·罗兰"],"rate":"9.7","cover_x":1280,"star":"50","title":"瑞克和莫蒂 第一季","url":"https:\/\/movie.douban.com\/subject\/11537954\/","casts":["贾斯汀·罗兰","克里斯·帕内尔","斯宾瑟·格拉默","萨拉·乔克","凯瑞·华格伦"],"cover":"https://img1.doubanio.com\/view\/photo\/s_ratio_poster\/public\/p2396871198.jpg","id":"11537954","cover_y":1920},{"directors":["荒木哲郎","肥冢正史","田中洋之","横山彰利","赤松康裕","若野哲也","金森阳子","江副仁美","内田信吾","高桥谦仁","丝贺慎太郎"],"rate":"9.8","cover_x":1442,"star":"50","title":"进击的巨人 第三季 Part.2","url":"https:\/\/movie.douban.com\/subject\/30353357\/","casts":["梶裕贵","石川由依","井上麻里奈","神谷浩史","小野大辅"],"cover":"https://img2.doubanio.com\/view\/photo\/s_ratio_poster\/public\/p2550184312.jpg","id":"30353357","cover_y":2048},{"directors":["戴铁郎","范马迪","熊南清"],"rate":"8.6","cover_x":542,"star":"45","title":"黑猫警长","url":"https:\/\/movie.douban.com\/subject\/1860377\/","casts":["史东敏","王卫","张泉灵","杨文元","杨玉天"],"cover":"https://img1.doubanio.com\/view\/photo\/s_ratio_poster\/public\/p2528877467.jpg","id":"1860377","cover_y":766},{"directors":["贾斯汀·罗兰","胡安·何塞·梅扎-莱昂"],"rate":"9.8","cover_x":440,"star":"50","title":"瑞克和莫蒂 第三季","url":"https:\/\/movie.douban.com\/subject\/26592971\/","casts":["贾斯汀·罗兰","克里斯·帕内尔","斯宾瑟·格拉默","萨拉·乔克","内森·菲利安"],"cover":"https://img3.doubanio.com\/view\/photo\/s_ratio_poster\/public\/p2453814101.jpg","id":"26592971","cover_y":640},{"directors":["楠叶宏三","芝山努"],"rate":"9.5","cover_x":1000,"star":"50","title":"哆啦A梦","url":"https:\/\/movie.douban.com\/subject\/1782004\/","casts":["大山信代","小原乃梨子","野村道子","立壁和也","肝付兼太"],"cover":"https://img3.doubanio.com\/view\/photo\/s_ratio_poster\/public\/p2510688261.jpg","id":"1782004","cover_y":1382},{"directors":["大森贵弘","植田秀仁","小坂春女","清水久敏","境桥渡","黑田晃一郎","青柳宏宜","畠山茂树","河村智之","松本正幸"],"rate":"9.4","cover_x":448,"star":"45","title":"夏目友人帐","url":"https:\/\/movie.douban.com\/subject\/3060542\/","casts":["神谷浩史","井上和彦","小林沙苗","藤村步","石田彰"],"cover":"https://img3.doubanio.com\/view\/photo\/s_ratio_poster\/public\/p2221083211.jpg","id":"3060542","cover_y":672},{"directors":["宇田钢之助","志水淳儿","境宗久","宫元宏彰","长峰达也","山内重保","大塚隆史","贝泽幸男","伊藤尚往","远藤彻哉"],"rate":"9.5","cover_x":650,"star":"50","title":"海贼王","url":"https:\/\/movie.douban.com\/subject\/1453238\/","casts":["田中真弓","冈村明美","中井和哉","山口胜平","平田广明"],"cover":"https://img9.doubanio.com\/view\/photo\/s_ratio_poster\/public\/p2197828404.jpg","id":"1453238","cover_y":887}]
    }
  ]
}
