{
  "data": [
    {
      "id": 1,
      "name": "HLS Player",
      "ad": "no",
      "url": "https://www.hlsplayer.org/play?url="
    },
    {
      "id": 1,
      "name": "1080ZYK",
      "ad": "no",
      "url": "https://vip.zykbf.com/?url="
    },
    {
      "id": 1,
      "name": "无尽备用",
      "ad": "no",
      "url": "https://jx.wujinkk.com/dplayer/?url="
    },
    {
      "id": 1,
      "name": "量子",
      "ad": "no",
      "url": "https://lziplayer.com/?url="
    },
    {
      "id": 1,
      "name": "闪电",
      "ad": "no",
      "url": "https://www.shankubf.com/m3u8/?url="
    },
    {
      "id": 1,
      "name": "海外看",
      "ad": "no",
      "url": "https://dp.haiwaikan.com/index.html?url="
    },
    {
      "id": 1,
      "name": "乐视",
      "ad": "no",
      "url": "https://leshivideoplayurl.com/?url="
    },
    {
      "id": 1,
      "name": "索尼",
      "ad": "no",
      "url": "https://www.snplayer.com/?url="
    },
    {
      "id": 1,
      "name": "飞速",
      "ad": "no",
      "url": "https://www.feisuplayer.com/m3u8/?url="
    },
    {
      "id": 1,
      "name": "快云",
      "ad": "no",
      "url": "https://www.kuaiyunplayer.com/dplayer/?url="
    },
    {
      "id": 1,
      "name": "百度",
      "ad": "no",
      "url": "https://jx.jxbdzyw.com/m3u8/?url="
    },
    {
      "id": 1,
      "name": "豪华",
      "ad": "no",
      "url": "https://hhjiexi.com/play/?url="
    },
    {
      "id": 1,
      "name": "iKun",
      "ad": "no",
      "url": "https://www.ikdmjx.com/?url="
    },
    {
      "id": 1,
      "name": "iKun 福利",
      "ad": "no",
      "url": "https://bofang.ikdmjx.com/?url="
    },
    {
      "id": 1,
      "name": "博民",
      "ad": "no",
      "url": "https://www.bmm3u8.com/?url="
    },
    {
      "id": 1,
      "name": "老鸭",
      "ad": "no",
      "url": "https://player.77lehuo.com/aliplayer/?url="
    },
    {
      "id": 1,
      "name": "色窝",
      "ad": "no",
      "url": "https://player.sewojx.com/m3u8/?url="
    },
    {
      "id": 1,
      "name": "速播",
      "ad": "no",
      "url": "https://subojiexi.com/play/?url="
    },
    {
      "id": 1,
      "name": "金鹰",
      "ad": "no",
      "url": "https://hd.iapijy.com/play?url="
    },
    {
      "id": 1,
      "name": "暴风",
      "ad": "no",
      "url": "https://bfzyplayer.com/player/?url="
    },
    {
      "id": 1,
      "name": "卧龙",
      "ad": "no",
      "url": "https://jx.wolongzywcdn.com:65/m3u8.php?url="
    },
    {
      "id": 1,
      "name": "非凡",
      "ad": "no",
      "url": "https://ffzyplayer.com/?url="
    },
    {
      "id": 1,
      "name": "光速（新）",
      "ad": "no",
      "url": "https://www.gszyv.com/m3u8/?url="
    },
    {
      "id": 1,
      "name": "光速（旧）",
      "ad": "no",
      "url": "https://www.guangsujx.com/m3u8/?url="
    },
    {
      "id": 1,
      "name": "快车",
      "ad": "no",
      "url": "https://jiexi.kczyapi.com/m3u8/?url="
    },
    {
      "id": 1,
      "name": "速看",
      "ad": "no",
      "url": "https://open.wn231.com/?url="
    },
    {
      "id": 1,
      "name": "森林",
      "ad": "no",
      "url": "https://sljxsl.com/?url="
    },
    {
      "id": 1,
      "name": "黄瓜",
      "ad": "no",
      "url": "https://www.zy018.com/player/?url="
    },
    {
      "id": 1,
      "name": "奥斯卡",
      "ad": "no",
      "url": "https://aosikazy11.com/?url="
    },
    {
      "id": 1,
      "name": "丝袜",
      "ad": "no",
      "url": "https://help.siwazywcdn2.com:5278/m3u8.php?url="
    },
    {
      "id": 1,
      "name": "红牛P2P",
      "ad": "no",
      "url": "https://www.tutukiki.com/m3u8/?url="
    },
    {
      "id": 1,
      "name": "红牛备用",
      "ad": "no",
      "url": "https://www.hongniujiexi.com/m3u8/?url="
    },
    {
      "id": 1,
      "name": "U酷",
      "ad": "no",
      "url": "https://api.ukubf.com/m3u8/?url="
    },
    {
      "id": 1,
      "name": "新浪",
      "ad": "no",
      "url": "https://www.xinlangjiexi.com/m3u8/?url="
    },
    {
      "id": 1,
      "name": "伊人",
      "ad": "no",
      "url": "https://player.yrplay1.com/m3u8/?url="
    },
    {
      "id": 1,
      "name": "色猫",
      "ad": "no",
      "url": "https://jiexi.99mao.xyz/m3u8/?url="
    },
    {
      "id": 1,
      "name": "番茄",
      "ad": "no",
      "url": "https://dp.fqplayer.com/dplayer/?url="
    },
    {
      "id": 1,
      "name": "鱼乐",
      "ad": "no",
      "url": "https://jx.ylbfq.com/dplayer/?url="
    },
    {
      "id": 1,
      "name": "探探",
      "ad": "no",
      "url": "https://jiexi.ttbfp1.com/m3u8/?url="
    }
  ]
}
