{
  "data": [
    {
      "name": "第一集",
      "url": "https://pay.520yk.cn/256/?url=https://v.youku.com/v_show/id_XNDk4MzA1NDA1Ng==.html",
      "parse": true
    },
    {
      "name": "第二集",
      "url": "https://pay.520yk.cn/256/?url=https://v.youku.com/v_show/id_XNDk4MzA1NDA3Mg==.html",
      "parse": true
    },
    {
      "name": "第三集",
      "url": "https://pay.520yk.cn/256/?url=https://v.youku.com/v_show/id_XNDk4MzA1NDA3Mg==.html",
      "parse": true
    },
    {
      "name": "第四集",
      "url": "https://pay.520yk.cn/256/?url=https://v.youku.com/v_show/id_XNDk4MzA1NDA2OA==.html",
      "parse": true
    },
    {
      "name": "第五集",
      "url": "https://pay.520yk.cn/256/?url=https://v.youku.com/v_show/id_XNDk4MzA1NDIwOA==.html",
      "parse": true
    },
    {
      "name": "第六集",
      "url": "https://pay.520yk.cn/256/?url=https://v.youku.com/v_show/id_XNDk4MzA1NDIxNg==.html",
      "parse": true
    },
    {
      "name": "第七集",
      "url": "https://pay.520yk.cn/256/?url=https://v.youku.com/v_show/id_XNDk4MzA1NDIyNA==.html",
      "parse": true
    },
    {
      "name": "第八集",
      "url": "https://pay.520yk.cn/256/?url=https://v.youku.com/v_show/id_XNDk4MzA1NDIyMA==.html",
      "parse": true
    },
    {
      "name": "第九集",
      "url": "https://pay.520yk.cn/256/?url=https://v.youku.com/v_show/id_XNDk4MzA1NDI5Ng==.html",
      "parse": true
    },
    {
      "name": "第十集",
      "url": "https://pay.520yk.cn/256/?url=https://v.youku.com/v_show/id_XNDk4MzA1NDMwMA==.html",
      "parse": true
    },
    {
      "name": "第十一集",
      "url": "https://pay.520yk.cn/256/?url=https://v.youku.com/v_show/id_XNDk4MzA1NDMwOA==.html",
      "parse": true
    },
    {
      "name": "第十二集",
      "url": "https://pay.520yk.cn/256/?url=https://v.youku.com/v_show/id_XNDk4MzA1NDQwMA==.html",
      "parse": true
    },
    {
      "name": "第十三集",
      "url": "https://pay.520yk.cn/256/?url=https://v.youku.com/v_show/id_XNDk4MzA1NDQwOA==.html",
      "parse": true
    },
    {
      "name": "第十四集",
      "url": "https://pay.520yk.cn/256/?url=https://v.youku.com/v_show/id_XNDk4MzA1NDQxMg==.html",
      "parse": true
    },
    {
      "name": "第十五集",
      "url": "https://pay.520yk.cn/256/?url=https://v.youku.com/v_show/id_XNDk4MzA1NDQwNA==.html",
      "parse": true
    },
    {
      "name": "第十六集",
      "url": "https://pay.520yk.cn/256/?url=https://v.youku.com/v_show/id_XNDk4MzA1NDU1Mg==.html",
      "parse": true
    },
    {
      "name": "第十七集",
      "url": "https://pay.520yk.cn/256/?url=https://v.youku.com/v_show/id_XNDk4MzA1NDU2OA==.html",
      "parse": true
    },
    {
      "name": "第十八集",
      "url": "https://pay.520yk.cn/256/?url=https://v.youku.com/v_show/id_XNDk4MzA1NDU2MA==.html",
      "parse": true
    },
    {
      "name": "第十八集",
      "url": "https://pay.520yk.cn/256/?url=https://v.youku.com/v_show/id_XNDk4MzA1NDU2NA==.html",
      "parse": true
    },
    {
      "name": "第十八集",
      "url": "https://pay.520yk.cn/256/?url=https://v.youku.com/v_show/id_XNDk4MzA1NDY4MA==.html",
      "parse": true
    }
  ]
}
