{
  "data": [
    {
      "id": 1,
      "name": "唐人资源",
      "url": "https://tangrenzyz.com/api.php/provide/vod/at/xml/",
      "cate": "电影,1&&连续剧,2&&综艺,3&&动漫,4&&动作片,6&&喜剧片,7&&爱情片,8&&科幻片,9&&恐怖片,10&&剧情片,11&&战争片,12&&国产剧,13&&港台剧,14&&日韩剧,15&&欧美剧,16&&悬疑片,20&&冒险片,21&&记录片,22&&古装片,23&&惊悚片,24",
      "click": true,
      "type": "xml",
      "detailUrl": ""
    },
    {
      "id": 1,
      "name": "酷扑",
      "url": "https://www.kupu.cc/api.php/provide/vod/at/xml/",
      "cate": "电影,1&&动漫,2&&剧集,3&&综艺,4&&科幻片,6&&动作片,7&&爱情片,8&&喜剧片,9&&恐怖片,10&&剧情片,11&&动画片,12&&国漫,13&&日漫,14&&美漫,15&&其他漫,16&&悬疑片,20&&战争片,21&&惊悚片,22&&冒险片,23&&纪录,24&&奇幻片,25&&犯罪片,26&&其他片,27&&国产剧,28&&日韩剧,29&&港台剧,30&&欧美剧,31&&大陆综艺,33&&日韩综艺,36&&港台综艺,37&&欧美综艺,39&&VIP,46&&直播,49&&传记片,53&&灾难片,54&&历史片,55&&歌舞片,56&&海外剧,57&&番剧,58&&4K,61",
      "click": true,
      "type": "xml",
      "detailUrl": ""
    },
    {
      "id": 1,
      "name": "51看剧",
      "url": "http://51kanju.cn/api.php/provide/vod/at/xml/",
      "cate": "在线电影,1&&电视剧,2&&综艺节目,3&&樱花动漫,4&&动作片,6&&喜剧电影,7&&爱情片,8&&科幻电影,9&&恐怖片,10&&剧情片,11&&战争片,12&&国产剧,13&&港台剧,14&&日韩剧,16&&犯罪片,20&&动画电影,21&&纪录片,22&&美剧,24&&泰剧,25&&大陆综艺,26&&港台综艺,27&&日韩综艺,28&&欧美综艺,29&&国产动漫,30&&日韩动漫,31&&欧美动漫,32&&海外动漫,33",
      "click": true,
      "type": "xml",
      "detailUrl": ""
    },
    {
      "id": 1,
      "name": "FOX资源",
      "url": "https://api.foxzyapi.com/api.php/provide/vod/at/xml/",
      "cate": "犯罪片,1&&纪录片,2&&动漫片,3&&动作片,4&&喜剧片,5&&爱情片,6&&科幻片,7&&恐怖片,8&&剧情片,9&&战争片,10&&台湾剧,32&&国产剧,33&&韩国剧,34&&香港剧,35&&欧美剧,36&&日本剧,37&&其他剧,38&&日韩综艺,40&&大陆综艺,41&&港台综艺,42&&欧美综艺,43&&国产动漫,45&&日本动漫,46&&欧美动漫,47&&海外动漫,48",
      "click": true,
      "type": "xml",
      "detailUrl": ""
    },
    {
      "id": 1,
      "name": "快看影视",
      "url": "https://kuaikys.com/mogai_api.php/v1.vod?type=typeId&class=&area=&year=&by=&page=pageNum",
      "detailUrl": "https://kuaikys.com/mogai_api.php/v1.vod/detail?vod_id=detailId",
      "cate": "电影,1&&连续剧,2&&综艺,3&&动漫,4&&喜剧片,7&&动作片,6&&爱情片,8&&科幻片,9&&恐怖片,10&&剧情片,11&&战争片,12&&国产剧,13&&港台剧,14&&日韩剧,15&&欧美剧,16",
      "type": "json",
      "click": true
    },
    {
      "id": 1,
      "name": "南国影源(切)",
      "url": "http://api.nguonphim.tv/api.php/provide/vod/at/xml/",
      "cate": "PhimLẻ,1&&PhimBộ,2&&TVShow,3&&HoạtHình,4&&HànhĐộng,6&&PhimHài,7&&PhimTìnhCảm,8&&KhoaHọcViễnTưởng,9&&KhủngBố,10&&TộiPhạm,11&&ChiếnTranh,12&&TrungQuốc,13&&Hồngkông,14&&ĐàiLoan,15&&ÂuMỹ,16&&TàiLiệu,20&&KịchTính,21&&HànQuốc,22&&NhậtBản,23",
      "click": true
    },
    {
      "id": 1,
      "name": "淘剧鸭",
      "url": "https://so2.cc/api.php/provide/vod/at/xml/",
      "cate": "电影,1&&综艺,3&&动漫,4&&动作片,6&&喜剧片,7&&爱情片,8&&科幻片,9&&恐怖片,10&&剧情片,11&&战争片,12&&国产剧,13&&港台剧,14&&日韩剧,15&&欧美剧,16&&犯罪片,20&&动画电影,21",
      "click": true
    },
    {
      "id": 1,
      "name": "293影视",
      "url": "http://293x.yhzy.xyz/mv/api.php/provide/vod/at/xml/",
      "cate": "电影,1&&连续剧,2&&综艺,3&&动漫,4&&动作片,6&&喜剧片,7&&爱情片,8&&科幻片,9&&恐怖片,10&&剧情片,11&&战争片,12&&国产剧,13&&港台剧,14&&欧美剧,16&&日韩剧,22&&4K蓝光,23&&其他剧,27&&惊悚片,28&&魔幻片,29&&冒险片,30&&悬疑片,31&&犯罪片,32&&纪录片,33&&其他片,34",
      "click": true
    },
    {
      "id": 1,
      "name": "789盘",
      "url": "https://www.rrvipw.com/api.php/provide/vod/at/xml/from/789pan/",
      "cate": "电视剧,2&&综艺,3&&动漫,4&&动作片,6&&喜剧片,7&&爱情片,8&&科幻片,9&&恐怖片,10&&剧情片,11&&战争片,12&&国产剧,13&&港台剧,14&&日韩剧,15&&欧美剧,16&&犯罪片,20&&国产动漫,21&&日本动漫,22&&欧美动漫,23&&大陆综艺,26&&纪录片,27",
      "click": true
    },
    {
      "id": 1,
      "name": "旋风云",
      "url": "http://appimg.ssxmall.cn/api.php/provide/vod/at/xml/",
      "cate": "综艺,3&&动漫,4&&动作片,6&&喜剧片,7&&爱情片,8&&科幻片,9&&恐怖片,10&&剧情片,11&&战争片,12&&国产剧,13&&港台剧,14&&日韩剧,15&&欧美剧,16",
      "click": true
    },
    {
      "id": 1,
      "name": "考拉TV",
      "url": "https://ikaola.tv/api.php/provide/vod/at/xml/",
      "cate": "电影,1&&连续剧,2&&综艺,3&&动漫,4&&动作,6&&喜剧,7&&爱情,8&&科幻,9&&恐怖,10&&剧情,11&&战争,12&&国产,13&&港台,14&&日韩,15&&欧美,16&&惊悚,20&&犯罪,21&&冒险,22&&悬疑,23&&动画,24&&武侠,25&&奇幻,26&&记录,27&&国产综艺,35&&港台综艺,36&&欧美综艺,37&&国产动漫,38&&日韩动漫,39&&欧美动漫,40&&日韩综艺,41&&海外,42",
      "click": true
    },
    {
      "id": 1,
      "name": "荔枝影视",
      "url": "http://www.zjys.vip/api.php/provide/vod/at/xml/",
      "cate": "综艺,3&&动漫,4&&动作片,6&&喜剧片,7&&爱情片,8&&科幻片,9&&恐怖片,10&&剧情片,11&&战争片,12&&国产剧,13&&香港剧,14&&日本剧,15&&欧美剧,16&&韩国剧,20&&泰国剧,21&&海外剧,22&&台湾剧,23&&犯罪片,24&&纪录片,26&&4K专区,28&&4K剧集,29&&4K电影,30",
      "click": true
    },
    {
      "id": 1,
      "name": "段友影视",
      "url": "http://shangjihuoke.com/api.php/provide/vod/at/xml/",
      "cate": "电影,1&&连续剧,2&&综艺,3&&动漫,4&&B站,31",
      "click": true
    },
    {
      "id": 1,
      "name": "一点影视",
      "url": "https://m3u8.movurl.xyz/api.php/provide/vod/at/xml/",
      "cate": "电影,1&&综艺,3&&动漫,4&&纪录片,5&&其他,6&&动作片,9&&喜剧片,10&&爱情片,11&&科幻片,12&&恐怖片,13&&剧情片,14&&悬疑片,15&&战争片,16&&国产剧,17&&港台剧,18&&日韩剧,19&&欧美剧,20&&海外剧,21&&动画片,22",
      "click": true
    },
    {
      "id": 1,
      "name": "易看视频",
      "url": "https://video.yikan.app/api.php/provide/vod/at/xml/",
      "cate": "电影,1&&连续剧,2&&综艺,3&&动漫,4&&4K专区,33",
      "click": true
    },
    {
      "id": 1,
      "name": "每天看看",
      "url": "http://47.113.126.237:1234/api.php/provide/vod/at/xml/",
      "cate": "电影,1&&连续剧,2&&综艺,3&&动漫,4&&动作片,6&&喜剧片,7&&爱情片,8&&科幻片,9&&恐怖片,10&&剧情片,11&&战争片,12&&国产剧,13&&港台剧,14&&日韩剧,15&&欧美剧,16&&犯罪片,20&&奇幻片,21&&悬疑片,22&&惊悚片,23&&其他剧,25&&泰国剧,26&&纪录片,27&&武侠片,29&&国产动漫,30&&日韩动漫,31&&欧美动漫,32&&大陆综艺,35&&港台综艺,36&&日韩综艺,37&&欧美综艺,38&&国创,40&&番剧,41&&B站资源,42&&少儿,43",
      "click": true
    },
    {
      "id": 1,
      "name": "一拳动漫",
      "url": "http://47.97.68.224/api.php/provide/vod/at/xml/",
      "cate": "动漫,20&&番剧,21&&国创,22&&电影,23&&电视剧,24&&综艺,25&&纪录片,26",
      "click": true
    },
    {
      "id": 1,
      "name": "乐活影视",
      "url": "https://lehootv.com/api.php/provide/vod/at/xml/",
      "cate": "电影,1&&综艺,3&&动漫,4&&动作片,6&&喜剧片,7&&爱情片,8&&科幻片,9&&恐怖片,10&&剧情片,11&&战争片,12&&国产剧,13&&港剧,14&&日剧,15&&美剧,16&&台剧,20&&韩剧,21&&泰剧,22&&海外剧,23&&记录片,27&&动画片,28&&游戏,29&&大陆综艺,32&&港台综艺,33&&欧美综艺,34&&日韩综艺,35&&国产动漫,36&&日本动漫,37&&港台动漫,38&&欧美动漫,39&&奇幻片,43&&短视频,45&&音乐MV,46&&搞笑,47&&WWE摔跤娱乐,57&&赛车,58&&UFC终极格斗,59&&网球,60&&篮球,61&&足球,62&&自行车,63&&棒球,64&&摩托车,65&&橄榄球,66&&MMA综合格斗,67&&高尔夫,68&&台球,69&&拳击,70",
      "click": true
    },
    {
      "id": 1,
      "name": "筋斗云",
      "url": "https://tv.jindcloud.com/api.php/provide/vod/at/xml/",
      "cate": "电影,1&&连续剧,2&&综艺,3&&动漫,4",
      "click": true
    },
    {
      "id": 1,
      "name": "海外电影",
      "url": "https://www.200121.com/api.php/provide/vod/at/xml/",
      "cate":"电影,1&&连续剧,2&&综艺,3&&动漫,4&&动作片,6&&喜剧片,7&&爱情片,8&&科幻片,9&&恐怖片,10&&剧情片,11&&战争片,12&&国产剧,13&&港台剧,14&&日韩剧,15&&欧美剧,16&&纪录片,24&&奇幻片,25&&泰国剧,26&&足球,32",
      "click": true,
      "wePlus": {}
    },
    {
      "id":1,
      "name":"CK原生解码",
      "url":"https://ckzy.me/api.php/provide/vod/from/ckm3u8/at/xml/",
      "cate":"伦理片,21&&教程,22&&电影,23&&动作片,24&&喜剧片,25&&爱情片,26&&科幻片,27&&恐怖片,28&&剧情片,29&&战争片,30&&悬疑片,31&&记录片,32&&犯罪片,33&&奇幻片,34&&电视剧,35&&国产剧,36&&欧美剧,37&&日韩剧,38&&港台剧,39",
      "click":true,
      "wePlus": {}
    },
    {
      "id": 1,
      "name": "一帆源",
      "url": "http://demo.if101.tv/api.php/provide/vod/at/xml/",
      "cate": "冒险片,28&&剧情片,29&&动作片,30&&动画电影,31&&同性片,32&&喜剧片,33&&奇幻片,34&&恐怖片,35&&悬疑片,36&&惊悚片,37&&歌舞片,38&&灾难片,39&&爱情片,40&&犯罪片,41&&科幻片,42&&经典片,43&&网络电影,44&&偶像剧,46&&军旅剧,47&&剧情剧,48&&动作剧,49&&历史剧,50&&历险剧,51&&古装剧,52&&同性剧,53&&商战剧,54&&喜剧,55&&奇幻剧,56&&宫廷剧,57&&家庭剧,58&&悬疑剧,59&&惊悚剧,60&&战争剧,61&&武侠剧,62&&江湖剧,63&&爱情剧,64&&玄幻剧,65&&神话剧,66&&科幻剧,67&&穿越剧,68&&罪案剧,69&&言情剧,70&&警匪剧,71&&谍战剧,72&&都市剧,73&&青春剧,74&&其它综艺,75&&情感综艺,76&&搞笑综艺,77&&晚会综艺,78&&演唱会,79&&真人秀,80&&竞技综艺,81&&网综,82&&脱口秀,83&&访谈,84&&选秀,85&&其他动漫,86&&冒险动漫,87&&动漫电影,88&&少女动漫,89&&恋爱动漫,90&&推理动漫,91&&机战动漫,92&&校园动漫,93&&治愈动漫,94&&泡面动漫,95&&灵异动漫,96&&热血动漫,97&&爆笑动漫,98&&科幻动漫,99&&穿越动漫,100&&竞技动漫,101&&耽美动漫,102&&魔幻动漫,103&&奥运,104&&篮球,105&&综合,106&&足球,107&&人物,108&&其他,109&&军事,110&&历史,111&&探索,112&&文化,113&&科技,114&&自然,115&&解密,116&&战争片,117&&格斗动漫,118&&❌,119",
      "click": true,
      "wePlus": {}
    },
    {
      "id":1,
      "name":"片库",
      "url":"https://pianku.wang/api.php/provide/vod/at/xml/",
      "cate":"综艺,3&&动漫,4&&动作片,6&&喜剧片,7&&爱情片,8&&科幻片,9&&恐怖片,10&&剧情片,11&&战争片,12&&国产剧,13&&港台剧,14&&日韩剧,15&&欧美剧,16",
      "click":true,
      "wePlus": {}
    },
    {
      "id":1,
      "name":"闪电",
      "url":"http://sdzyapi.com/api.php/provide/vod/at/xml/",
      "cate":"电影,1&&电视剧,2&&综艺,3&&动漫,4&&动作片,6&&喜剧片,7&&爱情片,8&&科幻片,9&&恐怖片,10&&剧情片,11&&战争片,12&&国产剧,13&&美剧,14&&韩剧,15&&日剧,16&&港剧,17&&台剧,18&&泰剧,19&&记录片,20&&悬疑片,21&&犯罪片,22&&海外剧,23&&中国综艺,25&&日韩综艺,26&&港台综艺,27&&欧美综艺,28&&中国动漫,29&&日韩动漫,30&&欧美动漫,31&&冒险片,38&&动画片,39&&惊悚片,40&&奇幻片,43&&港台动漫,44&&海外动漫,45",
      "click":true,
      "wePlus": {}
    },
   {
      "id": 1,
      "name": "美剧虫",
      "url": "https://meijuchong.com/api.php/v1.vod?type=typeId&class=&area=&lang=&year=&page=pageNum",
      "detailUrl": "https://meijuchong.com/api.php/v1.vod/detail?vod_id=detailId",
      "cate": "欧美剧,1&&海外剧,2&&日韩剧,3&&电影,4&&动漫,5",
      "type": "json",
      "click": true
    },
    {
      "id": 1,
      "name": "火猫视频",
      "url": "http://vv.humaoweb.com/mogai_api.php/gctvapi.vod?type=typeId&class=&area=&lang=&year=&page=pageNum",
      "detailUrl": "http://vv.humaoweb.com/mogai_api.php/gctvapi.vod/detail?vod_id=detailId",
      "cate": "电影,1&&电视剧,2&&综艺,3&&动漫,4",
      "type": "json",
      "click": true
    },
    {
      "id": 1,
      "name": "美剧星球",
      "url": "https://www.meijuxq.tv/inc/api.php",
      "cate": "美剧片库,2&&魔幻/科幻,17&&灵异/惊悚,18&&都市/情感,19&&犯罪/历史,20&&动漫/卡通,21&&综艺/记,22&&预告/回归,32",
      "click": true,
      "wePlus": {}
    },
    {
      "id": 1,
      "name": "麒麟",
      "url": "https://www.qilinzyz.com/api.php/provide/vod/at/xml/",
      "cate": "冒险片,28&&剧情片,29&&动作片,30&&动画电影,31&&同性片,32&&喜剧片,33&&奇幻片,34&&恐怖片,35&&悬疑片,36&&惊悚片,37&&歌舞片,38&&灾难片,39&&爱情片,40&&犯罪片,41&&科幻片,42&&经典片,43&&网络电影,44&&偶像剧,46&&军旅剧,47&&剧情剧,48&&动作剧,49&&历史剧,50&&历险剧,51&&古装剧,52&&同性剧,53&&商战剧,54&&喜剧,55&&奇幻剧,56&&宫廷剧,57&&家庭剧,58&&悬疑剧,59&&惊悚剧,60&&战争剧,61&&武侠剧,62&&江湖剧,63&&爱情剧,64&&玄幻剧,65&&神话剧,66&&科幻剧,67&&穿越剧,68&&罪案剧,69&&言情剧,70&&警匪剧,71&&谍战剧,72&&都市剧,73&&青春剧,74&&其它综艺,75&&情感综艺,76&&搞笑综艺,77&&晚会综艺,78&&演唱会,79&&真人秀,80&&竞技综艺,81&&网综,82&&脱口秀,83&&访谈,84&&选秀,85&&其他动漫,86&&冒险动漫,87&&动漫电影,88&&少女动漫,89&&恋爱动漫,90&&推理动漫,91&&机战动漫,92&&校园动漫,93&&治愈动漫,94&&泡面动漫,95&&灵异动漫,96&&热血动漫,97&&爆笑动漫,98&&科幻动漫,99&&穿越动漫,100&&竞技动漫,101&&耽美动漫,102&&魔幻动漫,103&&奥运,104&&篮球,105&&综合,106&&足球,107&&人物,108&&其他,109&&军事,110&&历史,111&&探索,112&&文化,113&&科技,114&&自然,115&&解密,116&&战争片,117&&格斗动漫,118&&❌,119",
      "click": true,
      "wePlus": {}
    },
    {
      "id":1,
      "name":"艾特",
      "url":"http://tv.aitesucai.xyz/api.php/provide/vod/at/xml",
      "cate":"电影,1&&电视剧,2&&综艺,3&&动漫,4&&动作,6&&喜剧,7&&爱情,8&&科幻,9&&恐怖,10&&剧情,11&&战争,12&&大陆剧,13&&港台剧,14&&日韩剧,15&&欧美剧,16&&纪录,20&&海外剧,21&&4K电影,32&&蓝光电影,34&&蓝光电视剧,37&&蓝光动漫,38&&蓝光综艺,40",
      "click":true,
      "wePlus": {}
    },
    {
      "id": 1,
      "name": "猪猪",
      "url": "https://www.2zdyy.com/api.php/provide/vod/at/xml/",
      "cate": "电影,2&&连续剧,3&&综艺,4&&动漫,5&&资讯,6&&动作片,7&&喜剧片,8&&爱情片,9&&科幻片,10&&恐怖片,11&&剧情片,12&&战争片,13&&国产剧,14&&港台剧,15&&日韩剧,16&&欧美剧,17&&公告,18&&头条,20&&内地综艺,21&&港台综艺,22&&日韩综艺,23&&欧美综艺,24&&中国动漫,25&&日韩动漫,26&&欧美动漫,27&&海外动漫,28&&明星,29&&大陆,30&&香港,31&&台湾,32&&美国,33&&日本,34&&韩国,35&&其他,36&&直播,40&&悬疑片,41&&犯罪片,42&&泰国剧,45&&奇幻片,46&&纪录片,47&&FL,48&&音乐MV,52&&伦理片,54&&图片,56&&写真,57&&美女主播,58",
      "click": true,
      "wePlus": {}
    },
    {
      "id":1,
      "name":"MBO",
      "url":"https://www.mbomovie.com/api.php/provide/vod/at/xml/",
      "cate":"电影,1&&连续剧,2&&综艺,3&&动漫,4&&动作片,6&&喜剧片,7&&爱情片,8&&科幻片,9&&恐怖片,10&&剧情片,11&&战争片,12&&国产剧,13&&台湾剧,14&&韩国剧,15&&欧美剧,16&&香港剧,20&&日本剧,21&&海外剧,22&&港台综艺,23&&欧美综艺,24&&内地综艺,25&&纪录片,26&&动画片,27&&中国动漫,28&&日韩动漫,29&&欧美动漫,30&&港台动漫,31&&海外动漫,32&&动漫电影,33&&日韩综艺,35&&泰国剧,36&&犯罪片,37",
      "click":true,
      "wePlus": {}
    },
    {
      "id":1,
      "name":"乐活",
      "url":"https://lehootv.com/api.php/provide/vod/at/xml/",
      "cate":"电影,1&&连续剧,2&&综艺,3&&动漫,4&&动作片,6&&喜剧片,7&&爱情片,8&&科幻片,9&&恐怖片,10&&剧情片,11&&战争片,12&&国产剧,13&&港剧,14&&日剧,15&&美剧,16&&台剧,20&&韩剧,21&&泰剧,22&&海外剧,23&&记录片,27&&动画片,28&&游戏,29&&微电影,30&&粤语片,31&&大陆综艺,32&&港台综艺,33&&欧美综艺,34&&日韩综艺,35&&国产动漫,36&&日本动漫,37&&港台动漫,38&&欧美动漫,39&&越南剧,42&&奇幻片,43&&短视频,45&&音乐MV,46&&搞笑,47&&热点,48&&解说,49&&福利,50&&伦理片,55&&体育频道,56&&WWE摔跤娱乐,57&&赛车,58&&UFC终极格斗,59&&网球,60&&篮球,61&&足球,62&&自行车,63&&棒球,64&&摩托车,65&&橄榄球,66&&MMA综合格斗,67&&高尔夫,68&&台球,69&&拳击,70",
      "click":true,
      "wePlus": {}
    },
    {
      "id": 1,
      "name": "乐多",
      "url": "http://api.leduosj.com/inc/api.php",
      "cate": "❌,2&&❌,3&&❌,4&&动作片,5&&❌,6&&喜剧片,7&&爱情片,8&&科幻片,9&&恐怖片,10&&剧情片,11&&战争片,12&&国产剧,13&&香港剧,14&&台湾剧,15&&欧美剧,16&&动漫电影,17&&❌,18&&❌,19&&❌,20&&综合电影,21&&日本剧,22&&❌,23&&❌,24&&海外剧,25&&韩国剧,26&&❌,27&&国产动漫,28&&日本动漫,29&&欧美动漫,30&&动漫,31&&纪录片,32&&大陆综艺,33&&韩国综艺,34&&❌,35&&台湾综艺,36&&欧美综艺,37&&❌,38&&说电影,39&&欧美综艺,40&&动漫,41&&国产动漫,42&&日本动漫,43&&欧美动漫,44&&海外动漫,45&&❌,46&&WWE摔跤,49&&赛车,51&&UFC终极格斗,52&&网球,53&&篮球,54&&足球,55&&海外剧,57&&台湾剧,58&&韩国剧,59&&❌,60&&❌,61&&❌,62&&脚车,63&&棒球,64&&摩托车,65&&橄榄球,66&&MMA综合格斗,67&&❌,68&&MV,69&&高尔夫,71&&台球,72&&❌,73&&❌,74&&❌,75&&❌,76&&拳击,77&&❌,80&&❌,81",
      "click": true,
      "wePlus": {}
    },
    {
      "id": 1,
      "name": "乐多CJ",
      "url": "https://cj.leduocaiji.com/inc/api.php",
      "cate": "❌,2&&❌,3&&❌,4&&动作片,5&&❌,6&&喜剧片,7&&爱情片,8&&科幻片,9&&恐怖片,10&&剧情片,11&&战争片,12&&国产剧,13&&香港剧,14&&台湾剧,15&&欧美剧,16&&动漫电影,17&&❌,18&&❌,19&&❌,20&&综合电影,21&&日本剧,22&&❌,23&&❌,24&&海外剧,25&&韩国剧,26&&❌,27&&国产动漫,28&&日本动漫,29&&欧美动漫,30&&动漫,31&&纪录片,32&&中国综艺,33&&韩国综艺,34&&❌,35&&台湾综艺,36&&欧美综艺,37&&❌,38&&说电影,39&&欧美综艺,40&&动漫,41&&国产动漫,42&&日本动漫,43&&欧美动漫,44&&海外动漫,45&&❌,46&&WWE摔跤,49&&赛车,51&&UFC终极格斗,52&&网球,53&&篮球,54&&足球,55&&海外剧,57&&台湾剧,58&&韩国剧,59&&❌,60&&❌,61&&❌,62&&脚车,63&&棒球,64&&摩托车,65&&橄榄球,66&&MMA综合格斗,67&&❌,68&&MV,69&&高尔夫,71&&台球,72&&❌,73&&❌,74&&❌,75&&❌,76&&拳击,77&&❌,80&&❌,81",
      "click": true,
      "wePlus": {}
    },
    {
      "id":1,
      "name":"M3U8",
      "url":"http://www.zycaiji.net:7788/api.php/provide/vod/at/xml/",
      "cate":"电影,1&&连续剧,2&&综艺,3&&动漫,4&&动作片,6&&喜剧片,7&&爱情片,8&&科幻片,9&&恐怖片,10&&剧情片,11&&战争片,12&&国产剧,13&&港台剧,14&&日韩剧,15&&欧美剧,16&&惊悚片,20&&犯罪片,21&&冒险片,22&&悬疑片,23&&奇幻片,24&&纪录片,25&&动画片,26&&番剧（B站专用）,27&&国创（B站专用）,28&&电影（B站专用）,29&&电视剧（B站专用）,30",
      "click":true,
      "wePlus": {}
    },
    {
      "id": 1,
      "name": "YT影视",
      "url": "http://ytys.cc/api.php/provide/vod/at/xml/",
      "cate": "电影,1&&连续剧,2&&综艺,3&&动漫,4&&动作片,6&&喜剧片,7&&爱情片,8&&科幻片,9&&恐怖片,10&&剧情片,11&&战争片,12&&国产剧,13&&港台剧,14&&日韩剧,15&&欧美剧,16&&4K蓝光,22&&福利,23",
      "click": true,
      "wePlus": {}
    },
    {
      "id": 1,
      "name": "天空",
      "url": "https://m3u8.tiankongapi.com/api.php/provide/vod/at/xml/",
      "cate": "❌,3&&❌,4&&动作片,6&&喜剧片,7&&爱情片,8&&科幻片,9&&恐怖片,10&&剧情片,11&&战争片,12&&国产剧,13&&香港剧,14&&台湾剧,15&&欧美剧,16&&动漫电影,20&&综合电影,21&&日本剧,24&&海外剧,25&&韩国剧,26&&❌,27&&国产动漫,28&&日本动漫,29&&欧美动漫,30&&动漫,31&&纪录片,32&&大陆综艺,33&&韩国综艺,34&&❌,35&&台湾综艺,36&&欧美综艺,37&&❌,38&&说电影,39",
      "click": true,
      "wePlus": {}
    },
    {
      "id": 1,
      "name": "天空云",
      "url": "https://api.tiankongapi.com/api.php/provide/vod/at/xml/from/tkm3u8/",
      "cate": "动作片,6&&喜剧片,7&&爱情片,8&&科幻片,9&&恐怖片,10&&国产剧,13&&韩国剧,26&&欧美剧,16&&日本剧,24&&大陆综艺,33&&日韩综艺,34&&国产动漫,28&&日本动漫,29&&欧美动漫,30",
      "click": true,
      "wePlus": {}
    },
    {
      "id": 1,
      "name": "天空源",
      "url": "http://tiankongzy.cc/api.php/provide/vod/at/xml/",
      "cate": "❌,3&&❌,4&&动作片,6&&喜剧片,7&&爱情片,8&&科幻片,9&&恐怖片,10&&剧情片,11&&战争片,12&&国产剧,13&&香港剧,14&&台湾剧,15&&欧美剧,16&&动漫电影,20&&综合电影,21&&日本剧,24&&海外剧,25&&韩国剧,26&&❌,27&&国产动漫,28&&日本动漫,29&&欧美动漫,30&&动漫,31&&纪录片,32&&大陆综艺,33&&韩国综艺,34&&❌,35&&台湾综艺,36&&欧美综艺,37&&❌,38&&说电影,39",
      "click": true,
      "wePlus": {}
    },
    {
      "id":1,
      "name":"天空资源",
      "url":"http://api.tiankongapi.com/api.php/provide/vod/at/xml/",
      "cate":"电影,1&&连续剧,2&&综艺,3&&动漫,4&&动作片,6&&喜剧片,7&&爱情片,8&&科幻片,9&&恐怖片,10&&犯罪片,11&&战争片,12&&国产剧,13&&香港剧,14&&台湾剧,15&&美国剧,16&&动漫片,20&&剧情片,21&&日本剧,24&&海外剧,25&&韩国剧,26&&国产动漫,28&&日本动漫,29&&欧美动漫,30&&海外动漫,31&&记录片,32&&大陆综艺,33&&日韩综艺,34&&港台综艺,36&&欧美综艺,37&&电影解说,39",
      "click":true,
      "wePlus": {}
    },
    {
      "id": 1,
      "name": "百度",
      "url": "https://api.apibdzy.com/api.php/provide/vod/from/dbm3u8/at/xml/",
      "cate": "❌,2&&❌,3&&❌,4&&❌,5&&动作片,6&&喜剧片,7&&爱情片,8&&科幻片,9&&恐怖片,10&&剧情片,11&&战争片,12&&国产剧,13&&香港剧,14&&韩国剧,15&&日本剧,16&&纪录片,17&&犯罪片,18&&动画电影,20&&台湾剧,21&&欧美剧,22&&其它剧,23&&泰国剧,24&&中国综艺,25&&日韩综艺,26&&港台综艺,27&&欧美综艺,28&&中国动漫,29&&日本动漫,30&&欧美动漫,31&&悬疑片,32&&邵氏电影,33&&体育赛事,34&&❌,35",
      "click": true,
      "wePlus": {}
    },
    {
      "id": 1,
      "name": "百度海",
      "url": "https://api.apibdzy.com/api.php/provide/vod/at/xmlsea/",
      "cate": "❌,2&&❌,3&&❌,4&&❌,5&&动作片,6&&喜剧片,7&&爱情片,8&&科幻片,9&&恐怖片,10&&剧情片,11&&战争片,12&&国产剧,13&&香港剧,14&&韩国剧,15&&日本剧,16&&纪录片,17&&犯罪片,18&&动画电影,20&&台湾剧,21&&欧美剧,22&&其它剧,23&&泰国剧,24&&中国综艺,25&&日韩综艺,26&&港台综艺,27&&欧美综艺,28&&中国动漫,29&&日本动漫,30&&欧美动漫,31&&悬疑片,32&&邵氏电影,33&&体育赛事,34&&❌,35",
      "click": true,
      "wePlus": {}
    },
    {
      "id": 1,
      "name": "百度DB",
      "url": "https://api.apibdzy.com/api.php/provide/vod/at/xml/from/dbm3u8/",
      "cate": "❌,2&&❌,3&&❌,4&&❌,5&&动作片,6&&喜剧片,7&&爱情片,8&&科幻片,9&&恐怖片,10&&剧情片,11&&战争片,12&&国产剧,13&&香港剧,14&&韩国剧,15&&日本剧,16&&纪录片,17&&犯罪片,18&&动画电影,20&&台湾剧,21&&欧美剧,22&&其它剧,23&&泰国剧,24&&中国综艺,25&&日韩综艺,26&&港台综艺,27&&欧美综艺,28&&中国动漫,29&&日本动漫,30&&欧美动漫,31&&悬疑片,32&&邵氏电影,33&&体育赛事,34&&❌,35",
      "click": true,
      "wePlus": {}
    },
    {
      "id": 1,
      "name": "百度源",
      "url": "https://api.apibdzy.com/api.php/provide/vod/at/xml/",
      "cate": "❌,2&&❌,3&&❌,4&&❌,5&&动作片,6&&喜剧片,7&&爱情片,8&&科幻片,9&&恐怖片,10&&剧情片,11&&战争片,12&&国产剧,13&&香港剧,14&&韩国剧,15&&日本剧,16&&纪录片,17&&犯罪片,18&&动画电影,20&&台湾剧,21&&欧美剧,22&&其它剧,23&&泰国剧,24&&中国综艺,25&&日韩综艺,26&&港台综艺,27&&欧美综艺,28&&中国动漫,29&&日本动漫,30&&欧美动漫,31&&悬疑片,32&&邵氏电影,33&&体育赛事,34&&❌,35",
      "click": true,
      "wePlus": {}
    },
    {
      "id": 1,
      "name": "❌百度云",
      "url": "https://m3u8.apibdzy.com/api.php/provide/vod/at/xml",
      "cate": "动作片,21&&喜剧片,22&&爱情片,23&&科幻片,24&&恐怖片,25&&犯罪片,26&&战争片,27&&动画电影,28&&剧情片,29&&记录片,30&&❌,31&&国产剧,32&&香港剧,33&&日本剧,34&&欧美剧,35&&❌,36&&中国综艺,37&&韩日综艺,38&&台湾综艺,39&&欧美综艺,40&&动漫,41&&国产动漫,42&&日本动漫,43&&欧美动漫,44&&海外动漫,45&&❌,46&&WWE摔跤,49&&赛车,51&&UFC终极格斗,52&&网球,53&&篮球,54&&足球,55&&海外剧,57&&台湾剧,58&&韩国剧,59&&❌,60&&❌,61&&❌,62&&脚车,63&&棒球,64&&摩托车,65&&橄榄球,66&&MMA综合格斗,67&&❌,68&&MV,69&&高尔夫,71&&台球,72&&❌,73&&❌,74&&❌,75&&❌,76&&拳击,77&&❌,80&&❌,81",
      "click": true,
      "wePlus": {}
    },
    {
      "id": 1,
      "name": "❌DB",
      "url": "https://api.dbyunzy.com/api.php/provide/vod/from/dbm3u8/at/xml",
      "cate": "动作片,21&&喜剧片,22&&爱情片,23&&科幻片,24&&恐怖片,25&&犯罪片,26&&战争片,27&&动画电影,28&&剧情片,29&&记录片,30&&❌,31&&国产剧,32&&香港剧,33&&日本剧,34&&欧美剧,35&&❌,36&&中国综艺,37&&日韩综艺,38&&台湾综艺,39&&欧美综艺,40&&动漫,41&&国产动漫,42&&日本动漫,43&&欧美动漫,44&&海外动漫,45&&❌,46&&WWE摔跤,49&&赛车,51&&UFC终极格斗,52&&网球,53&&篮球,54&&足球,55&&海外剧,57&&台湾剧,58&&韩国剧,59&&❌,60&&❌,61&&❌,62&&脚车,63&&棒球,64&&摩托车,65&&橄榄球,66&&MMA综合格斗,67&&❌,68&&MV,69&&高尔夫,71&&台球,72&&❌,73&&❌,74&&❌,75&&❌,76&&拳击,77&&❌,80&&❌,81",
      "click": true,
      "wePlus": {}
    },
    {
      "id": 1,
      "name": "北斗",
      "url": "https://api.bdxapi.com/api.php/provide/vod/from/bdxm3u8/at/xml",
      "cate": "❌,2&&❌,3&&❌,4&&动作片,6&&喜剧片,7&&爱情片,8&&科幻片,9&&恐怖片,10&&犯罪片,11&&战争片,12&&国产剧,13&&香港剧,14&&台湾剧,15&&欧美剧,16&&动漫电影,20&&纪录片,21&&剧情片,22&&韩国剧,23&&日本剧,24&&海外剧,25&&中国综艺,26&&日韩综艺,27&&台湾综艺,28&&欧美综艺,29&&中国动漫,30&&欧美动漫,31&&日本动漫,32&&海外动漫,33&&电影解说,37&&奇幻片,38&&灾难片,39&&泰国剧,41&&❌,42&&❌,43",
      "click": true,
      "wePlus": {}
    },
    {
      "id": 1,
      "name": "北斗星",
      "url": "https://api.bdxzyapi.com/api.php/provide/vod/at/xml",
      "cate": "❌,2&&❌,3&&❌,4&&动作片,6&&喜剧片,7&&爱情片,8&&科幻片,9&&恐怖片,10&&犯罪片,11&&战争片,12&&国产剧,13&&香港剧,14&&台湾剧,15&&欧美剧,16&&动漫电影,20&&纪录片,21&&剧情片,22&&韩国剧,23&&日本剧,24&&海外剧,25&&中国综艺,26&&日韩综艺,27&&台湾综艺,28&&欧美综艺,29&&中国动漫,30&&欧美动漫,31&&日本动漫,32&&海外动漫,33&&电影解说,37&&奇幻片,38&&灾难片,39&&泰国剧,41&&❌,42&&❌,43",
      "click": true,
      "wePlus": {}
    },
    {
      "id": 1,
      "name": "北斗云",
      "url": "https://m3u8.bdxapi.com/api.php/provide/vod/at/xml",
      "cate": "❌,2&&❌,3&&❌,4&&动作片,6&&喜剧片,7&&爱情片,8&&科幻片,9&&恐怖片,10&&犯罪片,11&&战争片,12&&国产剧,13&&香港剧,14&&台湾剧,15&&欧美剧,16&&动漫电影,20&&纪录片,21&&剧情片,22&&韩国剧,23&&日本剧,24&&海外剧,25&&中国综艺,26&&日韩综艺,27&&台湾综艺,28&&欧美综艺,29&&中国动漫,30&&欧美动漫,31&&日本动漫,32&&海外动漫,33&&电影解说,37&&奇幻片,38&&灾难片,39&&泰国剧,41&&❌,42&&❌,43",
      "click": true,
      "wePlus": {}
    },
    {
      "id": 1,
      "name": "北斗V8",
      "url": "https://v8.bdxapi.com/inc/api.php",
      "cate": "❌,2&&❌,3&&❌,4&&动作片,5&&❌,6&&喜剧片,7&&爱情片,8&&科幻片,9&&恐怖片,10&&剧情片,11&&战争片,12&&国产剧,13&&香港剧,14&&台湾剧,15&&欧美剧,16&&动漫电影,17&&❌,18&&❌,19&&❌,20&&综合电影,21&&日本剧,22&&❌,23&&❌,24&&海外剧,25&&韩国剧,26&&❌,27&&国产动漫,28&&日本动漫,29&&欧美动漫,30&&动漫,31&&纪录片,32&&大陆综艺,33&&韩国综艺,34&&❌,35&&台湾综艺,36&&欧美综艺,37&&❌,38&&说电影,39",
      "click": true,
      "wePlus": {}
    },
    {
      "id": 1,
      "name": "无尽",
      "url": "https://api.wujinapi.com/api.php/provide/vod/at/xml/",
      "cate":"❌,1&&❌,2&&❌,3&&❌,4&&动作片,6&&喜剧片,7&&爱情片,8&&科幻片,9&&恐怖片,10&&剧情片,11&&战争片,12&&国产剧,13&&香港剧,14&&台湾剧,15&&欧美剧,16&&❌,20&&纪录片,21&&韩国剧,22&&日本剧,23&&海外剧,24&&中国综艺,25&&韩国综艺,26&&台湾综艺,27&&欧美综艺,28&&中国动漫,29&&日韩动漫,30&&欧美动漫,31&&悬疑片,32&&动画片,33&&犯罪片,34&&奇幻片,35&&邵氏电影,36&&泰国剧,37&&❌,38&&体育赛事,39",
      "click":true,
      "wePlus": {}
    },
    {
      "id": 1,
      "name": "无尽源",
      "url": "https://api.wujinapi.com/api.php/provide/vod/from/wjm3u8/at/xml/",
      "cate":"❌,1&&❌,2&&❌,3&&❌,4&&动作片,6&&喜剧片,7&&爱情片,8&&科幻片,9&&恐怖片,10&&剧情片,11&&战争片,12&&国产剧,13&&香港剧,14&&台湾剧,15&&欧美剧,16&&❌,20&&纪录片,21&&韩国剧,22&&日本剧,23&&海外剧,24&&中国综艺,25&&韩国综艺,26&&台湾综艺,27&&欧美综艺,28&&中国动漫,29&&日韩动漫,30&&欧美动漫,31&&悬疑片,32&&动画片,33&&犯罪片,34&&奇幻片,35&&邵氏电影,36&&泰国剧,37&&❌,38&&体育赛事,39",
      "click":true,
      "wePlus": {}
    },
    {
      "id": 1,
      "name": "无尽海",
      "url": "https://api.wujinapi.com/api.php/provide/vod/from/wjm3u8/at/xmlsea/",
      "cate":"❌,1&&❌,2&&❌,3&&❌,4&&动作片,6&&喜剧片,7&&爱情片,8&&科幻片,9&&恐怖片,10&&剧情片,11&&战争片,12&&国产剧,13&&香港剧,14&&台湾剧,15&&欧美剧,16&&❌,20&&纪录片,21&&韩国剧,22&&日本剧,23&&海外剧,24&&中国综艺,25&&韩国综艺,26&&台湾综艺,27&&欧美综艺,28&&中国动漫,29&&日韩动漫,30&&欧美动漫,31&&悬疑片,32&&动画片,33&&犯罪片,34&&奇幻片,35&&邵氏电影,36&&泰国剧,37&&❌,38&&体育赛事,39",
      "click":true,
      "wePlus": {}
    },
    {
      "id":1,
      "name":"无尽ZY9",
      "url":"https://wuzy9.com/api.php/provide/vod/at/xml/",
      "cate":"电影,1&&连续剧,2&&综艺,3&&动漫,4&&动作片,6&&喜剧片,7&&爱情片,8&&科幻片,9&&恐怖片,10&&剧情片,11&&战争片,12&&国产剧,13&&香港剧,14&&台湾剧,15&&美国剧,16&&伦理片,20&&纪录片,21&&韩国剧,22&&日本剧,23&&海外剧,24&&大陆综艺,25&&日韩综艺,26&&港台综艺,27&&欧美综艺,28&&国产动漫,29&&日韩动漫,30&&欧美动漫,31&&悬疑片,32&&动画片,33&&犯罪片,34&&奇幻片,35&&邵氏电影,36&&泰剧,37",
      "click":true,
      "wePlus": {}
    },
    {
      "id": 1,
      "name": "橘猫",
      "url": "http://www.zitv.cc/api.php/provide/vod/at/xml/",
      "cate": "蓝光电影,34&&蓝光电视剧,37&&蓝光动漫,38&&蓝光综艺,40&&综艺,3&&动漫,4&&动作片,6&&喜剧片,7&&爱情片,8&&科幻片,9&&恐怖片,10&&剧情片,11&&战争片,12&&国产剧,13&&港台剧,14&&日韩剧,15&&欧美剧,16&&海外剧,21",
      "click": true,
      "wePlus": {}
    },
    {
      "id": 1,
      "name": "八戒云",
      "url": "http://cj.bajiecaiji.com/inc/bjm3u8.php",
      "cate": "动作片,5&&喜剧片,6&&爱情片,7&&科幻片,8&&恐怖片,9&&战争片,10&&剧情片,11&&国产剧,12&&香港剧,13&&台湾剧,14&&韩国剧,15&&日本剧,16&&欧美剧,17&&中国综艺,96&&日韩综艺,97&&国产动漫,91&&日本动漫,92&&欧美动漫,93",
      "click": true,
      "wePlus": {}
    },
    {
      "id": 1,
      "name": "八戒源",
      "url": "http://zy.bajieziyuan.com/api.php/provide/vod/at/xml/",
      "cate": "动作片,5&&喜剧片,6&&爱情片,7&&科幻片,8&&恐怖片,9&&战争片,10&&剧情片,11&&国产剧,12&&香港剧,13&&台湾剧,14&&韩国剧,15&&日本剧,16&&欧美剧,17&&中国综艺,96&&日韩综艺,97&&国产动漫,91&&日本动漫,92&&欧美动漫,93",
      "click": true,
      "wePlus": {}
    },
    {
      "id":1,
      "name":"八戒采集",
      "url":"http://cj.bajiecaiji.com/inc/api.php",
      "cate":"电影,1&&剧集,2&&综艺,3&&动漫,4&&动作片,5&&喜剧片,6&&爱情片,7&&科幻片,8&&恐怖片,9&&奇幻片,10&&剧情片,11&&国产剧,12&&香港剧,13&&台湾剧,14&&韩国剧,15&&日本剧,16&&欧美剧,17&&微电影,19&&海外剧,42&&VIP福利,46&&写真美女,47&&展会美女,48&&港台综艺,98&&国外综艺,97&&大陆综艺,96&&韩国美女,53&&国产动漫,91&&日本动漫,92&&欧美动漫,93&&其他动漫,94&&主播美女,95&&纪录片,99&&动画片,100&&战争片,101",
      "click":true,
      "wePlus": {}
    },
    {
      "id": 1,
      "name": "猪猪",
      "url": "https://www.zzyingyuan.com/api.php/provide/vod/at/xml/",
      "cate": "动作片,6&&喜剧片,7&&爱情片,8&&科幻片,9&&恐怖片,10&&剧情片,11&&战争片,12&&国产剧,13&&港台剧,14&&日韩剧,15&&欧美剧,16&&国产动漫,24&&内地综艺,20",
      "click": true,
      "wePlus": {}
    },
    {
      "id": 1,
      "name": "快云",
      "url": "http://www.kuaibozy.com/api.php/provide/vod/from/kbm3u8/at/xml/",
      "cate": "动作片,6&&喜剧片,7&&爱情片,8&&科幻片,9&&恐怖片,10&&国产剧,13&&日韩剧,15&&欧美剧,16&&综艺,3&&动漫,4",
      "click": true,
      "wePlus": {}
    },
    {
      "id": 1,
      "name": "免费",
      "url": "http://www.ruiuri.com/api.php/provide/vod/at/xml/",
      "cate":"电影,1&&电视剧,2&&综艺,3&&动漫,4&&动作片,6&&喜剧片,7&&爱情片,8&&科幻片,9&&恐怖片,10&&剧情片,11&&战争片,12&&国产剧,13&&港台剧,14&&日韩剧,15&&欧美剧,16&&泰国剧,39&&其它剧,41&&国产动漫,43&&日韩动漫,44&&欧美动漫,45&&国产综艺,46&&日韩综艺,47&&港台综艺,48&&欧美综艺,49&&纪录片,50",
      "click": true,
      "wePlus": {}
    },
    {
      "id": 1,
      "name": "红牛",
      "url": "https://www.hongniuzy1.com/inc/hnm3u8.php",
      "cate": "国产剧,12&&韩国剧,18&&日本剧,14&&欧美剧,15&&台湾剧,16&&香港剧,13&&泰国剧,17&&动漫,4&&综艺,3&&动作片,5&&喜剧片,6&&爱情片,7&&科幻片,8&&恐怖片,9&&剧情片,10&&战争片,11",
      "click": true,
      "wePlus": {}
    },
    {
      "id": 1,
      "name": "红牛海",
      "url": "http://www.hongniuzy.com/inc/seacms.php",
      "cate": "国产剧,12&&韩国剧,18&&日本剧,14&&欧美剧,15&&台湾剧,16&&香港剧,13&&泰国剧,17&&动漫,4&&综艺,3&&动作片,5&&喜剧片,6&&爱情片,7&&科幻片,8&&恐怖片,9&&剧情片,10&&战争片,11",
      "click": true,
      "wePlus": {}
    },
    {
      "id":1,
      "name":"红牛源",
      "url":"https://www.hongniuzy.com/inc/api.php",
      "cate":"电影,1&&连续剧,2&&综艺,3&&动漫,4&&动作片,5&&喜剧片,6&&爱情片,7&&科幻片,8&&恐怖片,9&&剧情片,10&&战争片,11&&国产剧,12&&港澳剧,13&&日剧,14&&欧美剧,15&&台湾剧,16&&泰剧,17&&韩剧,18&&纪录片,19&&动漫电影,20&&伦理片,21",
      "click":true,
      "wePlus": {}
    },
    {
      "id": 1,
      "name": "电牛",
      "url": "https://www.dianyingn.com/api.php/provide/vod/at/xml/",
      "cate": "电影,1&&电视剧,2&&综艺,3&&动漫,4&&动作片,6&&喜剧片,7&&爱情片,8&&科幻片,9&&恐怖片,10&&剧情片,11&&战争片,12&&国产剧,13&&港台剧,14&&日韩剧,15&&欧美剧,16&&纪录片,20&&理论片,23",
      "click": true,
      "wePlus": {}
    },
    {
      "id": 1,
      "name": "淘片",
      "url": "https://taopianzy.com/home/cjapi/c4ca4238a0b923820dcc509a6f75849b/vod/xml",
      "cate": "喜剧,3&&剧情,4&&爱情,5&&西部,6&&动作,7&&悬疑,8&&武侠,9&&动画,10&&奇幻,11&&惊悚,12&&犯罪,13&&恐怖,14&&科幻,15&&冒险,16&&家庭,17&&战争,19&&古装,26&&历史,27&&传记,28&&情色,29&&同性,30&&音乐,31&&歌舞,32&&运动,33&&灾难,34&&短片,35&&儿童,36&&伦理,46&&青春,47&&戏曲,86&&校园,92&&戏剧,93&&警匪,100&&幻想,107&&纪录片,18&&黑色电影,101&&电视剧 / 剧情,23&&电视剧 / 爱情,24&&电视剧 / 家庭,25&&电视剧 / 悬疑,42&&电视剧 / 古装,43&&电视剧 / 战争,45&&电视剧 / 奇幻,48&&电视剧 / 武侠,94&&电视剧 / 传记,96&&电视剧 / 历史,97&&电视剧 / 喜剧,98&&电视剧 / 言情,99&&电视剧 / 惊悚,104&&电视剧 / 恐怖,105&&电视剧 / 动作,106",
      "click": true,
      "wePlus": {}
    },
    {
      "id": 1,
      "name": "KK看剧",
      "url": "http://www.kkkanju.com/api.php/provide/vod/at/xml",
      "cate": "电影,1&&连续剧,0&&科幻片,2&&喜剧片,0&&恐怖片,9&&动画片,1&&动作片,7&&战争片,1&&剧情片,10&&爱情片,1&&欧美剧,20&&韩剧,1&&国产剧,6&&港剧,1&&台剧,12&&日剧,1&&动漫,11&&综艺,1&&体育,8",
      "click": true,
      "wePlus": {}
    },
    {
      "id": 1,
      "name": "999美剧",
      "url": "https://www.999meiju.com/api.php/provide/vod/at/xml",
      "cate": "美剧片库,2&&魔幻/科幻,17&&灵异/惊悚,18&&都市/情感,19&&犯罪/历史,20&&动漫/卡通,21&&综艺/记,22&&预告/回归,32",
      "click": true,
      "wePlus": {}
    },
    {
      "id": 1,
      "name": "欧乐",
      "url": "https://www.olevod.com/api.php/provide/vod/at/xml",
      "cate": "电影,1&&连续剧,2&&综艺,3&&动漫,703&&午夜影院,5&&蓝光影院,6&&专区,7&&电视直播,8&&欧美,701&&国产,504&&女优,505&&动作片,601&&喜剧片,602&&爱情片,603&&科幻片,604&&恐怖片,605&&剧情片,606&&战争片,607&&动画片,608&&悬疑片,609&&惊悚片,610&&纪录片,611&&奇幻片,612&&犯罪片,613&&欧美剧,201&&国产剧,202&&港台剧,203&&日韩剧,204&&家庭,301&&音乐,302&&曲艺,303&&搞笑,304&&真人秀,305&&日本,401&&日韩,702&&亚洲,704&&知名女优,705&&央视,801&&地方,802&&免费,1002",
      "click": true,
      "wePlus": {}
    },
    {
      "id": 1,
      "name": "安逸",
      "url": "http://dy.51isu.com:11801/api.php/provide/vod/at/xml/",
      "cate": "综艺,3&&动漫,4&&动作片,6&&喜剧片,7&&爱情片,8&&科幻片,9&&恐怖片,10&&剧情片,11&&战争片,12&&国产剧,13&&港台剧,14&&日韩剧,15&&欧美剧,16",
      "click": true,
      "wePlus": {}
    },
    {
      "id": 1,
      "name": "穿梭",
      "url": "http://ok.888hyk.com/api.php/provide/vod/from/dbm3u8/at/xml/",
      "cate": "动作片,6&&喜剧片,7&&爱情片,8&&科幻片,9&&恐怖片,10&&剧情片,11&&战争片,12&&国产剧,13&&奇幻片,20&&香港剧,21&&台湾剧,22&&韩国剧,23&&海外剧,24&&日本剧,25&&日本动漫,26&&欧美动漫,27&&国产动漫,28&&其他动漫,29&&动画片,30&&大陆综艺,31&&国外综艺,32&&港台综艺,33&&欧美剧,34&&体育频道,35&&街舞,54&&极限运动,55&&搏击格斗,56&&足球,57&&赛车,58&&网球,59&&台球,60&&篮球,61&&综合,62&&台湾剧,63",
      "click": true,
      "wePlus": {}
    },
    {
      "id": 1,
      "name": "速影",
      "url": "https://xn--128-zm3fr26s.xyz/inc/api.php",
      "cate": "动作片,6&&喜剧片,7&&爱情片,8&&科幻片,9&&恐怖片,10&&剧情片,11&&战争片,12&&国产剧,13&&港台剧,14&&日韩剧,15&&欧美剧,16",
      "click": true,
      "wePlus": {}
    },
    {
      "id": 1,
      "name": "88云",
      "url": "http://www.88zyw.net/inc/m3u8.php",
      "cate": "动作片,5&&喜剧片,6&&爱情片,7&&科幻片,8&&恐怖片,9&&国产剧,12&&韩国剧,14&&欧美剧,15综艺,3&&国产动漫,22&&日本动漫,21&&欧美动漫,23",
      "click": true,
      "wePlus": {}
    },
    {
      "id":1,
      "name":"88资源",
      "url":"http://www.88zy.live/inc/api.php",
      "cate":"电影,1&&连续剧,2&&综艺,3&&动漫,4&&动作片,5&&喜剧片,6&&爱情片,7&&科幻片,8&&恐怖片,9&&剧情片,10&&战争片,11&&国产剧,12&&港台剧,13&&日韩剧,14&&欧美剧,15&&东南亚剧,16&&伦理,17&&性感,18&&日本动漫,21&&纪录片,20&&国产动漫,22&&欧美动漫,23&&里番,24&&欧美片,25",
      "click":true,
      "wePlus": {}
    },
    {
      "id": 1,
      "name": "柚子",
      "url": "http://tv.aitesucai.xyz/api.php/provide/vod/at/xml",
      "cate": "蓝光电影,34&&蓝光电视剧,37&&蓝光动漫,38&&蓝光综艺,40&&综艺,3&&动漫,4&&动作片,6&&喜剧片,7&&爱情片,8&&科幻片,9&&恐怖片,10&&剧情片,11&&战争片,12&&国产剧,13&&港台剧,14&&日韩剧,15&&欧美剧,16&&海外剧,21",
      "click": true,
      "wePlus": {}
    },
    {
      "id": 1,
      "name": "独播",
      "url": "http://api.dbyunzy.com/api.php/provide/vod/at/xml/",
      "cate": "动作片,21&&喜剧片,22&&爱情片,23&&科幻片,24&&恐怖片,25&&犯罪片,26&&战争片,27&&动画电影,28&&剧情片,29&&记录片,30&&❌,31&&国产剧,32&&香港剧,33&&日本剧,34&&欧美剧,35&&❌,36&&大陆综艺,37&&日韩综艺,38&&台湾综艺,39&&欧美综艺,40&&动漫,41&&国产动漫,42&&日本动漫,43&&欧美动漫,44&&海外动漫,45&&❌,46&&WWE摔跤,49&&赛车,51&&UFC终极格斗,52&&网球,53&&篮球,54&&足球,55&&海外剧,57&&台湾剧,58&&韩国剧,59&&❌,60&&❌,61&&❌,62&&脚车,63&&棒球,64&&摩托车,65&&橄榄球,66&&MMA综合格斗,67&&❌,68&&MV,69&&高尔夫,71&&台球,72&&❌,73&&❌,74&&❌,75&&❌,76&&拳击,77&&❌,80&&❌,81",
      "click": true,
      "wePlus": {}
    },
    {
      "id": 1,
      "name": "人人",
      "url": "https://www.rrzyw.cc/api.php/provide/vod/from/rrm3u8/at/xml/",
      "cate": "综艺,3&&动漫,4&&动作片,6&&喜剧片,7&&爱情片,8&&科幻片,9&&恐怖片,10&&剧情片,11&&战争片,12&&国产剧,13&&港台剧,14&&日韩剧,15&&欧美剧,16&&悬疑片,20&&纪录片,21&&海外剧,22&&动画片,23&&蓝光资源,24&&其他剧,25&&古装片,26&&青春片,27&&番剧,29&&站,30&&站电影,31&&站国产剧,32&&站动漫,33&&站纪录片,34&&影视解说,35&&国创,36&&站港台剧,37&&站日韩剧,38&&站欧美剧,39",
      "click": true,
      "wePlus": {}
    },
    {
      "id": 1,
      "name": "西瓜",
      "url": "http://www.zdziyuan.com/inc/s_api_zuidall.php",
      "cate": "动作片,21&&喜剧片,22&&爱情片,23&&科幻片,24&&恐怖片,25&&犯罪片,26&&战争片,27&&动画电影,28&&剧情片,29&&记录片,30&&❌,31&&国产剧,32&&香港剧,33&&日本剧,34&&欧美剧,35&&❌,36&&大陆综艺,37&&日韩综艺,38&&台湾综艺,39&&欧美综艺,40&&动漫,41&&国产动漫,42&&日本动漫,43&&欧美动漫,44&&海外动漫,45&&❌,46&&WWE摔跤,49&&赛车,51&&UFC终极格斗,52&&网球,53&&篮球,54&&足球,55&&海外剧,57&&台湾剧,58&&韩国剧,59&&❌,60&&❌,61&&❌,62&&脚车,63&&棒球,64&&摩托车,65&&橄榄球,66&&MMA综合格斗,67&&❌,68&&MV,69&&高尔夫,71&&台球,72&&❌,73&&❌,74&&❌,75&&❌,76&&拳击,77&&❌,80&&❌,81",
      "click": true,
      "wePlus": {}
    },
    {
      "id": 1,
      "name": "555",
      "url": "https://www.o8tv.com/api.php/provide/vod/at/xml/",
      "cate": "国产剧,13&&日韩剧,44&&纪录片,91&&纪录片,92&&欧美剧,45&&港台剧,15&&国产动漫,96&&日本动漫,97&&欧美动漫,98&&日韩综艺,60&&欧美综艺,61&&港台综艺,62&&内地综艺,77&&喜剧片,80&&爱情片,81&&科幻片,82&&犯罪片,83&&动作片,84&&恐怖片,85&&战争片,86&&剧情片,87&&热剧推荐,88&&热综推荐,90&&热漫推荐,94&&热片推荐,111&&Netflix蓝光4k,78&&精品推荐,79&&蓝光电影,106&&蓝光连续剧,107&&蓝光动漫,108&&蓝光综艺,109&&蓝光纪录片,110",
      "click": true,
      "wePlus": {}
    },
    {
      "id": 1,
      "name": "39影视",
      "url": "https://www.39kan.com/api.php/provide/vod/at/xml/",
      "cate": "动漫,4&&动作片,6&&喜剧片,7&&爱情片,8&&科幻片,9&&恐怖片,10&&剧情片,11&&战争片,12&&国产剧,13&&港台剧,14&&日韩剧,15&&欧美剧,16",
      "click": true,
      "wePlus": {}
    },
    {
      "id": 1,
      "name": "思古",
      "url": "https://www.siguyy.com/api.php/provide/vod/at/xml/",
      "cate": "蓝光电影,34&&蓝光电视剧,37&&蓝光动漫,38&&蓝光综艺,40&&综艺,3&&动漫,4&&动作片,6&&喜剧片,7&&爱情片,8&&科幻片,9&&恐怖片,10&&剧情片,11&&战争片,12&&国产剧,13&&港台剧,14&&日韩剧,15&&欧美剧,16&&海外剧,21",
      "click": true,
      "wePlus": {}
    },
    {
      "id": 1,
      "name": "AIBW",
      "url": "https://www.aibw5.com/api.php/provide/vod/at/xml",
      "cate": "动作片,21&&喜剧片,22&&爱情片,23&&科幻片,24&&恐怖片,25&&犯罪片,26&&战争片,27&&动画电影,28&&剧情片,29&&记录片,30&&❌,31&&国产剧,32&&香港剧,33&&日本剧,34&&欧美剧,35&&❌,36&&大陆综艺,37&&日韩综艺,38&&台湾综艺,39&&欧美综艺,40&&动漫,41&&国产动漫,42&&日本动漫,43&&欧美动漫,44&&海外动漫,45&&❌,46&&WWE摔跤,49&&赛车,51&&UFC终极格斗,52&&网球,53&&篮球,54&&足球,55&&海外剧,57&&台湾剧,58&&韩国剧,59&&❌,60&&❌,61&&❌,62&&脚车,63&&棒球,64&&摩托车,65&&橄榄球,66&&MMA综合格斗,67&&❌,68&&MV,69&&高尔夫,71&&台球,72&&❌,73&&❌,74&&❌,75&&❌,76&&拳击,77&&❌,80&&❌,81",
      "click": true,
      "wePlus": {}
    },
    {
      "id": 1,
      "name": "玉米",
      "url": "https://yumi.video/api.php/provide/vod/at/xml/",
      "cate": "4K,32&&电影,29&&电视剧,30&&综艺,34&&动漫,4",
      "click": true,
      "wePlus": {}
    },
    {
      "id": 1,
      "name": "TVB云播",
      "url": "http://www.tvyb02.com/api.php/provide/vod/at/xml",
      "cate": "综艺,3&&动漫,4&&动作片,6&&喜剧片,7&&爱情片,8&&科幻片,9&&恐怖片,10&&剧情片,11&&战争片,12&&国产剧,13&&港台剧,14&&日韩剧,15&&欧美剧,16&&海外剧,21",
      "click": true,
      "wePlus": {}
    },
    {
      "id": 1,
      "name": "萌果",
      "url": "http://api.appearoo.top/api.php/provide/vod/at/xml/",
      "cate": "电影,1&&连续剧,2&&综艺,3&&动漫,4&&动作片,6&&喜剧片,7&&爱情片,8&&科幻片,9&&恐怖片,10&&剧情片,11&&战争片,12&&国产剧,13&&港台剧,14&&日韩剧,15&&欧美剧,16&&动画片,20&&纪录片,21&&海外剧,22&&大陆动漫,23&&日本动漫,24&&美国动漫,25",
      "click": true,
      "wePlus": {}
    },
    {
      "id": 1,
      "name": "好好",
      "url": "http://haohaozy.com/api.php/provide/vod/at/xml/",
      "cate": "电影,1&&连续剧,2&&综艺,3&&动漫,4&&站资源,5&&动作片,6&&喜剧片,7&&爱情片,8&&科幻片,9&&恐怖片,10&&剧情片,11&&战争片,12&&国产剧,13&&港台剧,14&&日韩剧,15&&欧美剧,16&&番剧,17&&站,21&&国创,20&&惊悚片,22&&犯罪片,23&&冒险片,24&&悬疑片,25&&动画片,26&&武侠片,27&&奇幻片,29&&纪录片,30",
      "click": true,
      "wePlus": {}
    },
    {
      "id": 1,
      "name": "多多",
      "url": "https://www.duoduozy.com/api.php/provide/vod/at/xml",
      "cate": "电影,1&&连续剧,2&&综艺,3&&动漫,4&&动作片,6&&喜剧片,7&&爱情片,8&&科幻片,9&&恐怖片,10&&剧情片,11&&战争片,12&&国产剧,13&&港台剧,14&&日韩剧,15&&欧美剧,16&&泰国剧,20&&灾难片,21&&犯罪片,22&&悬疑片,23&&奥运,24&&纪录片,25",
      "click": true,
      "wePlus": {}
    },
    {
      "id": 1,
      "name": "乐奇艺",
      "url": "https://www.lqiyi.co/api.php/provide/vod/at/xml",
      "cate": "电影,1&&连续剧,2&&综艺,3&&动漫,4",
      "click": true,
      "wePlus": {}
    },
    {
      "id": 1,
      "name": "灵芝",
      "url": "https://app.linzhiyuan.xyz/api.php/provide/vod/at/xml",
      "cate": "❌,2&&❌,3&&❌,4&&动作片,5&&❌,6&&喜剧片,7&&爱情片,8&&科幻片,9&&恐怖片,10&&剧情片,11&&战争片,12&&国产剧,13&&香港剧,14&&台湾剧,15&&欧美剧,16&&动漫电影,17&&❌,18&&❌,19&&❌,20&&综合电影,21&&日本剧,22&&❌,23&&❌,24&&海外剧,25&&韩国剧,26&&❌,27&&国产动漫,28&&日本动漫,29&&欧美动漫,30&&动漫,31&&纪录片,32&&大陆综艺,33&&韩国综艺,34&&❌,35&&台湾综艺,36&&欧美综艺,37&&❌,38&&说电影,39&&欧美综艺,40&&动漫,41&&国产动漫,42&&日本动漫,43&&欧美动漫,44&&海外动漫,45&&❌,46&&WWE摔跤,49&&赛车,51&&UFC终极格斗,52&&网球,53&&篮球,54&&足球,55&&海外剧,57&&台湾剧,58&&韩国剧,59&&❌,60&&❌,61&&❌,62&&脚车,63&&棒球,64&&摩托车,65&&橄榄球,66&&MMA综合格斗,67&&❌,68&&MV,69&&高尔夫,71&&台球,72&&❌,73&&❌,74&&❌,75&&❌,76&&拳击,77&&❌,80&&❌,81",
      "click": true,
      "wePlus": {}
    },
    {
      "id": 1,
      "name": "番茄",
      "url": "https://api.fqzy.cc/api.php/provide/vod/at/xml/",
      "cate": "❌,2&&综艺,3&&动漫,4&&❌,5&&动作片,6&&喜剧片,7&&爱情片,8&&科幻片,9&&恐怖片,10&&剧情片,11&&战争片,12&&国产剧,13&&香港剧,14&&韩国剧,15&&日本剧,16&&❌,17&&❌,18&&欧美剧,20&&❌,21&&纪录片,22&&中国综艺,23&&韩国综艺,24&&台湾综艺,25&&欧美综艺,26&&中国动漫,27&&日本动漫,28&&欧美动漫,29&&海外动漫,30&&动漫电影,31&&台湾剧,32&&海外剧,33&&❌,34",
      "click": true,
      "wePlus": {}
    },
    {
      "id": 1,
      "name": "随便看",
      "url": "https://baobei666.com/inc/api.php",
      "cate": "❌,2&&❌,3&&❌,4&&动作片,5&&❌,6&&喜剧片,7&&爱情片,8&&科幻片,9&&恐怖片,10&&剧情片,11&&战争片,12&&国产剧,13&&香港剧,14&&台湾剧,15&&欧美剧,16&&动漫电影,17&&❌,18&&❌,19&&❌,20&&综合电影,21&&日本剧,22&&❌,23&&❌,24&&海外剧,25&&韩国剧,26&&❌,27&&国产动漫,28&&日本动漫,29&&欧美动漫,30&&动漫,31&&纪录片,32&&大陆综艺,33&&韩国综艺,34&&❌,35&&台湾综艺,36&&欧美综艺,37&&❌,38&&说电影,39&&欧美综艺,40&&动漫,41&&国产动漫,42&&日本动漫,43&&欧美动漫,44&&海外动漫,45&&❌,46&&WWE摔跤,49&&赛车,51&&UFC终极格斗,52&&网球,53&&篮球,54&&足球,55&&海外剧,57&&台湾剧,58&&韩国剧,59&&❌,60&&❌,61&&❌,62&&脚车,63&&棒球,64&&摩托车,65&&橄榄球,66&&MMA综合格斗,67&&❌,68&&MV,69&&高尔夫,71&&台球,72&&❌,73&&❌,74&&❌,75&&❌,76&&拳击,77&&❌,80&&❌,81",
      "click": true,
      "wePlus": {}
    },
    {
      "id": 1,
      "name": "畅视",
      "url": "http://app.reboju.net/api.php/provide/vod/at/xml/",
      "cate": "❌,2&&❌,3&&❌,4&&动作片,5&&❌,6&&喜剧片,7&&爱情片,8&&科幻片,9&&恐怖片,10&&剧情片,11&&战争片,12&&国产剧,13&&香港剧,14&&台湾剧,15&&欧美剧,16&&动漫电影,17&&❌,18&&❌,19&&❌,20&&综合电影,21&&日本剧,22&&❌,23&&❌,24&&海外剧,25&&韩国剧,26&&❌,27&&国产动漫,28&&日本动漫,29&&欧美动漫,30&&动漫,31&&纪录片,32&&大陆综艺,33&&韩国综艺,34&&❌,35&&台湾综艺,36&&欧美综艺,37&&❌,38&&说电影,39&&欧美综艺,40&&动漫,41&&国产动漫,42&&日本动漫,43&&欧美动漫,44&&海外动漫,45&&❌,46&&WWE摔跤,49&&赛车,51&&UFC终极格斗,52&&网球,53&&篮球,54&&足球,55&&海外剧,57&&台湾剧,58&&韩国剧,59&&❌,60&&❌,61&&❌,62&&脚车,63&&棒球,64&&摩托车,65&&橄榄球,66&&MMA综合格斗,67&&❌,68&&MV,69&&高尔夫,71&&台球,72&&❌,73&&❌,74&&❌,75&&❌,76&&拳击,77&&❌,80&&❌,81",
      "click": true,
      "wePlus": {}
    },
    {
      "id": 1,
      "name": "晓峰",
      "url": "http://api.xxcr.tk/api.php/provide/vod/at/xml/",
      "cate": "❌,2&&❌,3&&❌,4&&动作片,5&&❌,6&&喜剧片,7&&爱情片,8&&科幻片,9&&恐怖片,10&&剧情片,11&&战争片,12&&国产剧,13&&香港剧,14&&台湾剧,15&&欧美剧,16&&动漫电影,17&&❌,18&&❌,19&&❌,20&&综合电影,21&&日本剧,22&&❌,23&&❌,24&&海外剧,25&&韩国剧,26&&❌,27&&国产动漫,28&&日本动漫,29&&欧美动漫,30&&动漫,31&&纪录片,32&&大陆综艺,33&&韩国综艺,34&&❌,35&&台湾综艺,36&&欧美综艺,37&&❌,38&&说电影,39&&欧美综艺,40&&动漫,41&&国产动漫,42&&日本动漫,43&&欧美动漫,44&&海外动漫,45&&❌,46&&WWE摔跤,49&&赛车,51&&UFC终极格斗,52&&网球,53&&篮球,54&&足球,55&&海外剧,57&&台湾剧,58&&韩国剧,59&&❌,60&&❌,61&&❌,62&&脚车,63&&棒球,64&&摩托车,65&&橄榄球,66&&MMA综合格斗,67&&❌,68&&MV,69&&高尔夫,71&&台球,72&&❌,73&&❌,74&&❌,75&&❌,76&&拳击,77&&❌,80&&❌,81",
      "click": true,
      "wePlus": {}
    },
    {
      "id": 1,
      "name": "大米",
      "url": "http://www.dmzyu.com/api.php/provide/vod/from/mim3u8/at/xml/",
      "cate": "❌,2&&❌,3&&❌,4&&动作片,5&&❌,6&&喜剧片,7&&爱情片,8&&科幻片,9&&恐怖片,10&&剧情片,11&&战争片,12&&国产剧,13&&香港剧,14&&台湾剧,15&&欧美剧,16&&动漫电影,17&&❌,18&&❌,19&&❌,20&&综合电影,21&&日本剧,22&&❌,23&&❌,24&&海外剧,25&&韩国剧,26&&❌,27&&国产动漫,28&&日本动漫,29&&欧美动漫,30&&动漫,31&&纪录片,32&&大陆综艺,33&&韩国综艺,34&&❌,35&&台湾综艺,36&&欧美综艺,37&&❌,38&&说电影,39&&❌,40&&❌,41&&❌,42&&❌,43&&❌,44&&❌,45&&❌,46&&❌,47&&❌,48&&❌,50",
      "click": true,
      "wePlus": {}
    },
    {
      "id":1,
      "name":"玺心",
      "url":"https://tvcj.arbd.cn/api.php/provide/vod/at/xml/",
      "cate":"电影,1&&连续剧,2&&综艺,3&&动漫,4&&动作片,6&&喜剧片,7&&爱情片,8&&科幻片,9&&恐怖片,10&&剧情片,11&&战争片,12&&国产剧,13&&港台剧,14&&日韩剧,15&&欧美剧,16&&犯罪片,20&&冒险片,21&&悬疑片,22&&武侠片,23&&奇幻片,24&&纪录片,25&&哔哩哔哩,26&&国创,27&&番剧,28",
      "click":true,
      "wePlus": {}
    },
    {
      "id":1,
      "name":"千寻时光",
      "url":"http://wy.dqyhg.cn/api.php/provide/vod/at/xml/",
      "cate":"电影,1&&连续剧,2&&综艺,3&&动漫,4&&动作片,6&&喜剧片,7&&爱情片,8&&科幻片,9&&恐怖片,10&&剧情片,11&&战争片,12&&国产剧,13&&港台剧,14&&日韩剧,15&&欧美剧,16&&直播,21&&国产动漫,22&&日本动漫,23&&动漫片,24&&蓝光,25&&大陆综艺,26&&日韩综艺,27&&港台综艺,28&&欧美综艺,29&&欧美动漫,30&&体育赛事,31&&格斗摔跤,32&&赛车,33&&网球,34&&篮球,35&&足球,36&&歌曲MV,37&&短视频,38&&自行车,39&&摩托车,40&&棒球,41&&高尔夫,42&&台球,43",
      "click":true,
      "wePlus": {}
    },
    {
      "id":1,
      "name":"清欢",
      "url":"http://free.qinghuanzy.com/api.php/provide/vod/at/xml/",
      "cate":"电影,1&&连续剧,2&&综艺,3&&动漫,4&&动作片,6&&喜剧片,7&&爱情片,8&&科幻片,9&&恐怖片,10&&剧情片,11&&战争片,12&&国产剧,13&&港台剧,14&&日韩剧,15&&欧美剧,16&&惊悚片,20&&犯罪片,21&&冒险片,22&&悬疑片,23&&动画片,24&&武侠片,25&&奇幻片,26&&记录片,27&&泰国剧,55",
      "click":true,
      "wePlus": {}
    },
    {
      "id":1,
      "name":"雪人官采",
      "url":"https://zl.qd234.cn/api.php/provide/vod/at/xml/",
      "cate":"电影,1&&连续剧,2&&综艺,3&&动漫,4&&动作片,6&&喜剧片,7&&爱情片,8&&科幻片,9&&恐怖片,10&&剧情片,11&&战争片,12&&国产剧,13&&港台剧,14&&日韩剧,15&&欧美剧,16&&惊悚片,21&&魔幻片,22&&冒险片,23&&悬疑片,24&&纪录片,25&&犯罪片,26&&微电影,27&&其他片,28&&动画片,29&&电影B站,30&&电视剧B站,31&&番剧B站,32&&国创B站,33",
      "click":true,
      "wePlus": {}
    },
    {
      "id":1,
      "name":"椰子",
      "url":"https://zy.gbxy.net.cn/api.php/provide/vod/at/xml/",
      "cate":"电影,1&&连续剧,2&&综艺,3&&动漫,4&&动作片,6&&喜剧片,7&&爱情片,8&&科幻片,9&&恐怖片,10&&剧情片,11&&战争片,12&&国产剧,13&&港台剧,14&&日韩剧,15&&欧美剧,16",
      "click":true,
      "wePlus": {}
    },
    {
      "id":1,
      "name":"爱搜",
      "url":"http://yunbangcheng.com/api.php/provide/vod/at/xml/",
      "cate":"电影,1&&连续剧,2&&综艺,3&&动漫,4&&动作片,6&&喜剧片,7&&爱情片,8&&科幻片,9&&恐怖片,10&&剧情片,11&&战争片,12&&国产剧,13&&港台剧,14&&日韩剧,15&&欧美剧,16&&记录片,20&&泰剧,21&&内地综艺,24&&港台综艺,25&&日韩综艺,26&&欧美综艺,27&&国产动漫,28&&日本动漫,29&&欧美动漫,30&&其他动漫,31",
      "click":true,
      "wePlus": {}
    },
    {
      "id": 1,
      "name": "白嫖",
      "url": "http://www.baipiaozy.com/api.php/provide/vod/at/xml",
      "cate": "电影,1&&连续剧,2&&综艺,3&&动漫,4&&动作片,6&&喜剧片,7&&爱情片,8&&科幻片,9&&恐怖片,10&&剧情片,11&&战争片,12&&国产剧,13&&港台剧,14&&日韩剧,15&&欧美剧,16",
      "click": true,
      "wePlus": {}
    },
    {
      "id": 1,
      "name": "天堂",
      "url": "http://vipmv.cc/api.php/provide/vod/at/xml",
      "cate": "电影,1&&连续剧,2&&综艺,3&&动漫,4&&动作片,6&&喜剧片,7&&爱情片,8&&科幻片,9&&恐怖片,10&&剧情片,11&&战争片,12&&国产剧,13&&港台剧,14&&日韩剧,15&&欧美剧,16&&哔哩哔哩,20",
      "click": true,
      "wePlus": {}
    },
    {
      "id": 1,
      "name": "饭团",
      "url": "http://fantuan.wkfile.com/api.php/provide/vod/at/xml/",
      "cate": "电影,1&&电视剧,2&&综艺,3&&动漫,4&&动作片,6&&喜剧片,7&&爱情片,8&&科幻片,9&&恐怖片,10&&剧情片,11&&战争片,12&&国产剧,13&&港剧,14&&韩剧,15&&美剧,16&&微电影,21&&灾难片,22&&其它,40&&日剧,24&&泰剧,25&&台剧,26&&英剧,27&&大陆综艺,29&&台湾综艺,30&&韩国综艺,31&&日本综艺,32&&欧美综艺,33&&香港综艺,34&&直播,41",
      "click": true,
      "wePlus": {}
    },
    {
      "id": 1,
      "name": "无极",
      "url": "http://wujiys.com/api.php/provide/vod/at/xml",
      "cate": "电影,1&&连续剧,2&&综艺,3&&动漫,4&&动作片,6&&喜剧片,7&&爱情片,8&&科幻片,9&&恐怖片,10&&剧情片,11&&战争片,12&&国产剧,13&&港台剧,14&&日韩剧,15&&欧美剧,16&&体育,20&&专题直播,21&&国产动漫,22&&日本动漫,23&&动漫电影,24&&欧美动漫,25&&大陆综艺,26&&日韩综艺,27&&港台综艺,28&&欧美综艺,29",
      "click": true,
      "wePlus": {}
    },
    {
      "id": 1,
      "name": "嘿锋",
      "url": "https://www.hfys8.vip/api.php/provide/vod/at/xml",
      "cate": "电影片,20&&连续剧,21&&动漫剧,22&&综艺剧,23&&福利片,24&&动作片,26&&喜剧片,27&&爱情片,28&&科幻片,29&&恐怖片,30&&剧情片,31&&战争片,32&&犯罪片,33&&奇幻片,34&&悬疑片,35&&动画片,36&&惊悚片,37&&古装片,38&&国产剧,39&&港台剧,40&&日韩剧,41&&欧美剧,42&&泰国剧,43&&其他剧,44&&各国伦理,45&&无码中文,46&&写真美女,47&&网红主播,48",
      "click": true,
      "wePlus": {}
    },
    {
      "id": 1,
      "name": "污妖动漫",
      "url": "https://www.wyydm.com/api.php/provide/vod/at/xml",
      "cate": "日漫,20&&欧美,24&&官方资源,25&&热影分享,26&&热剧分享,27",
      "click": true,
      "wePlus": {}
    },
    {
      "id": 1,
      "name": "新云播",
      "url": "https://api.yunboys.cn/api.php/provide/vod/at/xml",
      "cate": "电影,1&&连续剧,2&&综艺,3&&动漫,4&&动作片,6&&喜剧片,7&&爱情片,8&&科幻片,9&&恐怖片,10&&剧情片,11&&战争片,12&&国产剧,13&&港台剧,14&&日韩剧,15&&欧美剧,16&&其他片,21&&福利专区,25&&经典写真,26&&国产私拍,27&&韩国美女,28&&会员福利,29",
      "click": true,
      "wePlus": {}
    },
    {
      "id": 1,
      "name": "543",
      "url": "http://cms.tvbox543.com/api.php/provide/vod/at/xml/",
      "cate": "电影,1&&连续剧,2&&综艺,3&&动漫,4&&动作片,6&&喜剧片,7&&爱情片,8&&科幻片,9&&恐怖片,10&&剧情片,11&&战争片,12&&国产剧,13&&港台剧,14&&日韩剧,15&&欧美剧,16&&海外劇,20&&大陸綜藝,21&&港台綜藝,22&&日韓綜藝,23&&歐美綜藝,24&&大陸動漫,25&&港台動漫,26&&日韓動漫,27&&歐美動漫,28&&動漫電影,29&&其他綜藝,30&&其他動漫,31&&蓝光,32",
      "click": true,
      "wePlus": {}
    },
    {
      "id": 1,
      "name": "77影视",
      "url": "https://www.77diany.com/api.php/provide/vod/at/xml",
      "cate": "电影,1&&连续剧,2&&综艺,3&&动漫,4&&动作片,6&&喜剧片,7&&爱情片,8&&科幻片,9&&恐怖片,10&&剧情片,11&&战争片,12&&国产剧,13&&港台剧,14&&日韩剧,15&&欧美剧,16&&悬疑片,20&&冒险片,21&&犯罪片,22&&泰国剧,23&&海外剧,24&&奇幻片,25&&惊悚片,26&&青春片,27&&纪录片,28&&灾难片,29&&古装片,30&&动画片,31&&微电影,32&&其他片,33&&国产动漫,47&&日韩动漫,48&&海外动漫,49&&欧美动漫,50&&传记,54&&人文,55&&自然,56",
      "click": true,
      "wePlus": {}
    },
    {
      "id": 1,
      "name": "播放呀",
      "url": "https://www.bofangya.com/api.php/provide/vod/at/xml",
      "cate": "电影,1&&连续剧,2&&综艺,3&&动漫,4&&动作片,6&&喜剧片,7&&爱情片,8&&科幻片,9&&恐怖片,10&&剧情片,11&&战争片,12&&国产剧,13&&港台剧,14&&日韩剧,15&&欧美剧,16&&纪录片,21&&泰剧,23&&惊辣片,24&&犯罪片,25&&冒险片,26&&悬疑片,27&&动画片,28&&武侠片,29&&奇幻片,30",
      "click": true,
      "wePlus": {}
    },
    {
      "id": 1,
      "name": "白熊",
      "url": "https://www.bxyy5.com/api.php/provide/vod/at/xml",
      "cate": "电影,1&&电视剧,2&&综艺,3&&动漫,4&&韩剧,20&&美剧,21&&预告片,25",
      "click": true,
      "wePlus": {}
    },
    {
      "id": 1,
      "name": "萌果",
      "url": "http://api.appearoo.top/api.php/provide/vod/at/xml/",
      "cate": "❌,2&&❌,3&&❌,4&&动作片,5&&❌,6&&喜剧片,7&&爱情片,8&&科幻片,9&&恐怖片,10&&剧情片,11&&战争片,12&&国产剧,13&&香港剧,14&&台湾剧,15&&欧美剧,16&&动漫电影,17&&❌,18&&❌,19&&❌,20&&综合电影,21&&日本剧,22&&❌,23&&❌,24&&海外剧,25&&韩国剧,26&&❌,27&&国产动漫,28&&日本动漫,29&&欧美动漫,30&&动漫,31&&纪录片,32&&大陆综艺,33&&韩国综艺,34&&❌,35&&台湾综艺,36&&欧美综艺,37&&❌,38&&说电影,39&&欧美综艺,40&&动漫,41&&国产动漫,42&&日本动漫,43&&欧美动漫,44&&海外动漫,45&&❌,46&&WWE摔跤,49&&赛车,51&&UFC终极格斗,52&&网球,53&&篮球,54&&足球,55&&海外剧,57&&台湾剧,58&&韩国剧,59&&❌,60&&❌,61&&❌,62&&脚车,63&&棒球,64&&摩托车,65&&橄榄球,66&&MMA综合格斗,67&&❌,68&&MV,69&&高尔夫,71&&台球,72&&❌,73&&❌,74&&❌,75&&❌,76&&拳击,77&&❌,80&&❌,81",
      "click": true,
      "wePlus": {}
    },
    {
      "id":1,
      "name":"快播资源",
      "url":"http://www.kuaibozy.com/api.php/provide/vod/at/xml/",
      "cate":"电影,1&&连续剧,2&&综艺,3&&动漫,4&&动作片,6&&喜剧片,7&&爱情片,8&&科幻片,9&&恐怖片,10&&剧情片,11&&战争片,12&&国产剧,13&&港台剧,14&&日韩剧,15&&欧美剧,16&&泰剧,20&&纪录片,21",
      "click":true,
      "wePlus": {}
    },
    {
      "id":1,
      "name":"不开门",
      "url":"http://c.bukai.men/api.php/provide/vod/at/xml/",
      "cate":"电视,20&&影院,21&&综艺,22",
      "click":true,
      "wePlus": {}
    },
    {
      "id":1,
      "name":"想看",
      "url":"https://m3u8.xiangkanapi.com/provide/vod/at/xml/",
      "cate":"电影,1&&连续剧,2&&综艺,3&&动漫,4&&动作片,6&&喜剧片,7&&爱情片,8&&科幻片,9&&恐怖片,10&&剧情片,11&&战争片,12&&国产剧,13&&香港剧,14&&日本剧,15&&欧美剧,16&&台湾剧,20&&韩国剧,21&&海外剧,22&&犯罪片,23&&纪录片,24&&动漫片,25&&日韩综艺,26&&大陆综艺,27&&港台综艺,28&&欧美综艺,29&&国产动漫,30&&日本动漫,31&&欧美动漫,32&&海外动漫,33&&三级伦理,34",
      "click":true,
      "wePlus": {}
    },
    {
      "id":1,
      "name":"每天看看",
      "url":"http://www.meitiankankan.cn:1234/api.php/provide/vod/at/xml/",
      "cate":"电影,1&&连续剧,2&&综艺,3&&动漫,4&&动作片,6&&喜剧片,7&&爱情片,8&&科幻片,9&&恐怖片,10&&剧情片,11&&战争片,12&&国产剧,13&&港台剧,14&&日韩剧,15&&欧美剧,16&&犯罪片,20&&奇幻片,21&&悬疑片,22&&惊悚片,23&&古装片,24&&其他剧,25&&泰国剧,26&&纪录片,27&&灾难片,28&&武侠片,29&&国产动漫,30&&日韩动漫,31&&欧美动漫,32&&港台动漫,33&&海外动漫,34&&大陆综艺,35&&港台综艺,36&&日韩综艺,37&&欧美综艺,38&&海外综艺,39&&国创,40&&番剧,41&&B站资源,42&&少儿,43",
      "click":true,
      "wePlus": {}
    },
    {
      "id":1,
      "name":"飞速",
      "url":"https://m3u8.feisuzyapi.com/vod/at/xml/",
      "cate":"电影,1&&动作片,2&&喜剧片,3&&爱情片,4&&科幻片,5&&奇幻片,6&&恐怖片,7&&犯罪片,8&&战争片,9&&动漫片,10&&记录片,11&&剧情片,12&&电视剧,13&&国产剧,14&&香港剧,15&&台湾剧,16&&欧美剧,20&&韩国剧,21&&日本剧,22&&海外剧,23&&综艺,24&&大陆综艺,25&&日韩综艺,26&&港台综艺,27&&欧美综艺,28&&动漫,29&&国产动漫,30&&日本动漫,31&&欧美动漫,32&&海外动漫,33&&伦理片,34",
      "click":true,
      "wePlus": {}
    },
    {
      "id":1,
      "name":"飞鱼",
      "url":"https://app.feiyu5.com/api.php/provide/vod/at/xml/",
      "cate":"电影,1&&连续剧,2&&综艺,3&&动漫,4&&动作片,6&&喜剧片,7&&爱情片,8&&科幻片,9&&恐怖片,10&&剧情片,11&&战争片,12&&国产剧,13&&港台剧,14&&日韩剧,15&&欧美剧,16",
      "click":true,
      "wePlus": {}
    },
    {
      "id":1,
      "name":"爱搜影院",
      "url":"http://yunbangcheng.com/api.php/provide/vod/at/xml/",
      "cate":"电影,1&&连续剧,2&&综艺,3&&动漫,4&&动作片,6&&喜剧片,7&&爱情片,8&&科幻片,9&&恐怖片,10&&剧情片,11&&战争片,12&&国产剧,13&&港台剧,14&&日韩剧,15&&欧美剧,16&&记录片,20&&泰剧,21&&内地综艺,24&&港台综艺,25&&日韩综艺,26&&欧美综艺,27&&国产动漫,28&&日本动漫,29&&欧美动漫,30&&其他动漫,31",
      "click":true,
      "wePlus": {}
    },
    {
      "id":1,
      "name":"瓜皮TV",
      "url":"http://www.dijiaxia.com/api.php/provide/vod/at/xml/",
      "cate":"电影,1&&连续剧,2&&综艺,3&&动漫,4&&动作片,6&&喜剧片,7&&爱情片,8&&科幻片,9&&恐怖片,10&&剧情片,11&&战争片,12&&国产剧,13&&港台剧,14&&日韩剧,15&&欧美剧,16&&哔哩番剧,20&&国漫,22&&番剧,23&&犯罪片,24&&动画片,25&&悬疑片,26&&泰国剧,31&&其他剧,32&&国内综艺,33&&国外综艺,34&&国产动漫,35&&日韩动漫,36&&欧美动漫,37&&港台动漫,38&&其他动漫,39&&高评分独家资源,42&&4K专区,43&&少儿,44&&纪录片,45",
      "click":true,
      "wePlus": {}
    },
    {
      "id":1,
      "name":"BL视频",
      "url":"https://bljiex.com/api.php/provide/vod/at/xml/",
      "cate":"电影,1&&连续剧,2&&综艺,3&&动漫,4&&动作片,6&&喜剧片,7&&爱情片,8&&科幻片,9&&恐怖片,10&&剧情片,11&&战争片,12&&国产剧,13&&港台剧,14&&日韩剧,15&&欧美剧,16&&海外剧,20&&奇幻片,21&&悬疑片,22&&犯罪片,23&&惊悚片,24&&纪录片,25&&动画片,26",
      "click":true,
      "wePlus": {}
    },
    {
      "id":1,
      "name":"快看客栈",
      "url":"https://www.vp1127.com/api.php/provide/vod/at/xml/",
      "cate":"电影,1&&剧集,2&&综艺,3&&动漫,4&&直播,24&&福利,25",
      "click":true,
      "wePlus": {}
    },
    {
      "id":1,
      "name":"唐人街",
      "url":"https://www.tangrenjie.tv/api.php/provide/vod/at/xml",
      "cate":"电影,1&&电视剧,2&&综艺,3&&动漫,4&&动作片,6&&喜剧片,7&&爱情片,8&&科幻片,9&&恐怖片,10&&剧情片,11&&战争片,12&&国产剧,13&&港台剧,14&&日韩剧,15&&欧美剧,16&&海外剧,27&&纪录片,28",
      "click":true,
      "wePlus": {}
    },
    {
      "id":1,
      "name":"爪可可",
      "url":"https://www.zwcoco.com/api.php/provide/vod/at/xml/",
      "cate":"电影,1&&连续剧,2&&综艺,3&&动漫,4&&动作片,6&&喜剧片,7&&爱情片,8&&科幻片,9&&恐怖片,10&&剧情片,11&&战争片,12&&国产剧,13&&欧美剧,16&&香港剧,20&&台湾剧,21&&日本剧,22&&韩国剧,23&&国产动漫,24&&欧美动漫,25&&冒险片,26&&日本动漫,27&&悬疑片,28&&犯罪片,29&&灾难片,30&&武侠片,31&&惊悚片,32&&奇幻片,33&&青春片,34&&记录片,35&&微电影,37&&动画片,38&&其他片,39&&泰国剧,40&&海外剧,41&&韩国动漫,43&&其他动漫,44",
      "click":true,
      "wePlus": {}
    },
    {
      "id":1,
      "name":"鱼乐",
      "url":"https://api.ylzy1.com/api.php/provide/vod/at/xml/",
      "cate":"电影,1&&连续剧,2&&综艺,3&&动漫,4&&动作片,6&&爱情片,7&&科幻片,8&&恐怖片,9&&犯罪片,10&&战争片,11&&国产剧,13&&港剧,14&&美剧,15&&韩剧,16&&记录片,20&&剧情片,21&&日剧,22&&喜剧片,23&&台剧,24&&海外剧,25&&大陆综艺,26&&日韩综艺,27&&港台综艺,28&&欧美综艺,29&&国产动漫,30&&日本动漫,31&&欧美动漫,32&&海外动漫,33&&古装片,34&&奇幻片,35&&动画片,36&&悬疑片,37&&伦理片,38",
      "click":true,
      "wePlus": {}
    },
    {
      "id": 1,
      "name": "酷点",
      "url": "https://kudian8.com/api.php/provide/vod/at/xml",
      "cate": "电影,1&&电视剧,2&&综艺,3&&动漫,4&&动作片,6&&喜剧片,7&&爱情片,8&&科幻片,9&&恐怖片,10&&剧情片,11&&战争片,12&&国产剧,13&&港澳剧,14&&日剧,15&&欧美剧,16&&台湾剧,20&&韩剧,21&&泰剧,22",
      "click": true,
      "wePlus": {}
    },
    {
      "id":1,
      "name":"酷源",
      "url":"https://api.kuapi.cc/api.php/provide/vod/at/xml/",
      "cate":"电影,1&&电视剧,2&&综艺,3&&动漫,4&&动作片,6&&喜剧片,7&&爱情片,8&&科幻片,9&&恐怖片,10&&剧情片,11&&战争片,12&&国产剧,13&&港澳剧,14&&日剧,15&&欧美剧,16&&台湾剧,20&&韩剧,21&&泰剧,22&&纪录片,24&&动漫电影,25&&音乐MV,29",
      "click":true,
      "wePlus": {}
    },
    {
      "id":1,
      "name":"趣看",
      "url":"http://qkmp4.cn/api.php/provide/vod/at/xml/",
      "cate":"电影,1&&连续剧,2&&综艺,3&&动漫,4&&动作片,6&&喜剧片,7&&爱情片,8&&科幻片,9&&恐怖片,10&&剧情片,11&&战争片,12&&国产剧,13&&港台剧,14&&日韩剧,15&&欧美剧,16",
      "click":true,
      "wePlus": {}
    },
    {
      "id": 1,
      "name": "速更源",
      "url": "https://sugengzy.cn/api.php/provide/vod/at/xml/",
      "cate": "电影,1&&电视剧,2&&综艺,3&&动漫,4&&动作片,6&&喜剧片,7&&爱情片,8&&科幻片,9&&恐怖片,10&&剧情片,11&&战争片,12&&国产剧,13&&香港剧,14&&台湾剧,15&&美国剧,16&&伦理片,20&&纪录片,21&&悬疑片,22&&动画片,23&&犯罪片,24&&奇幻片,25&&韩国剧,26&&日本剧,27&&海外剧,28&&泰剧,29&&中国综艺,30&&日韩综艺,31&&港台综艺,32&&欧美综艺,33&&中国动漫,34&&日韩动漫,35&&欧美动漫,36&&邵氏电影,37",
      "click": true,
      "wePlus": {}
    },
    {
      "id":1,
      "name":"KK看剧",
      "url":"https://www.kkkanju.com/api.php/provide/vod/at/xml/",
      "cate":"电影,1&&连续剧,0&&科幻片,2&&喜剧片,0&&恐怖片,9&&动画片,1&&动作片,7&&战争片,1&&剧情片,10&&爱情片,1&&欧美剧,20&&韩剧,1&&国产剧,6&&港剧,1&&台剧,12&&日剧,1&&动漫,11&&综艺,1&&体育,8&&MV,1",
      "click":true,
      "wePlus": {}
    },
    {
      "id":1,
      "name":"OmoFun动漫",
      "url":"https://www.omofun.com/api.php/provide/vod/at/xml/",
      "cate":"动漫,20&&热血,40&&穿越,41&&奇幻,42&&战斗,43&&搞笑,44&&日常,45&&科幻,46&&萌系,47&&治愈,48&&校园,49&&恋爱,50&&魔法,51&&冒险,52&&机战,53&&催泪,54&&音乐,55&&剧场版,39&&国产,57&&欧美,58",
      "click":true,
      "wePlus": {}
    },
    {
      "id":1,
      "name":"U酷",
      "url":"http://ukuzy.com/api.php/provide/vod/at/xml/",
      "cate":"电影,1&&电视剧,2&&综艺,3&&动漫,4&&动作片,6&&喜剧片,7&&爱情片,8&&科幻片,9&&恐怖片,10&&剧情片,11&&战争片,12&&国产剧,13&&港澳剧,14&&日剧,15&&欧美剧,16&&动漫电影,20&&台湾剧,21&&韩剧,22&&泰剧,23&&记录片,24&&伦理片,25",
      "click":true,
      "wePlus": {}
    },
    {
      "id":1,
      "name":"YT影视",
      "url":"http://ytys.cc/api.php/provide/vod/at/xml/",
      "cate":"电影,1&&连续剧,2&&综艺,3&&动漫,4&&动作片,6&&喜剧片,7&&爱情片,8&&科幻片,9&&恐怖片,10&&剧情片,11&&战争片,12&&国产剧,13&&港台剧,14&&日韩剧,15&&欧美剧,16&&4K蓝光,22&&福利,23",
      "click":true,
      "wePlus": {}
    },
    {
      "id":1,
      "name":"大米蓝光",
      "url":"https://www.dmzyu.com/api.php/provide/vod/at/xml/",
      "cate":"电影,1&&电视剧,2&&综艺,3&&动漫,4&&少儿,5&&动作片,6&&喜剧片,7&&爱情片,8&&犯罪片,9&&恐怖片,10&&惊悚片,11&&悬疑片,12&&国产剧,13&&香港剧,14&&台湾剧,15&&美剧,16&&国产动画,17&&欧美动画,18&&纪录片,21&&短片,22&&体育赛事,23&&英剧,24&&日剧,25&&韩剧,26&&泰剧,27&&其他剧,28&&大陆综艺,29&&香港综艺,30&&台湾综艺,31&&日本综艺,32&&韩国综艺,33&&欧美综艺,34&&其他综艺,35&&国产动漫,36&&日本动漫,37&&欧美动漫,38&&其他动漫,39&&日韩动画,40&&其他动画,41&&奇幻片,42&&魔幻片,43&&剧情片,45&&动漫电影,46&&战争片,47&&科幻片,48",
      "click":true,
      "wePlus": {}
    },
    {
      "id":1,
      "name":"无极影院",
      "url":"http://wujiys.com/api.php/provide/vod/at/xml/",
      "cate":"电影,1&&连续剧,2&&综艺,3&&动漫,4&&动作片,6&&喜剧片,7&&爱情片,8&&科幻片,9&&恐怖片,10&&剧情片,11&&战争片,12&&国产剧,13&&港台剧,14&&日韩剧,15&&欧美剧,16&&体育,20&&专题直播,21&&国产动漫,22&&日本动漫,23&&动漫电影,24&&欧美动漫,25&&大陆综艺,26&&日韩综艺,27&&港台综艺,28&&欧美综艺,29",
      "click":true,
      "wePlus": {}
    },
    {
      "id":1,
      "name":"兔子窝",
      "url":"http://cj.huimaojia.com:12345/api.php/provide/vod/at/xml/",
      "cate":"电影,1&&连续剧,2&&综艺,3&&动漫,4&&番剧,30",
      "click":true,
      "wePlus": {}
    },
    {
      "id":1,
      "name":"英皇影城资源",
      "url":"https://www.yhyczy.com/api.php/provide/vod/at/xml/",
      "cate":"电影,1&&连续剧,2&&综艺,3&&动漫,4&&动作片,6&&喜剧片,7&&爱情片,8&&科幻片,9&&恐怖片,10&&剧情片,11&&战争片,12&&国产剧,13&&香港剧,14&&台湾剧,15&&美国剧,16&&国产动漫,17&&伦理片,20&&纪录片,21&&悬疑片,22&&动画片,23&&犯罪片,24&&奇幻片,25&&邵氏电影,26&&韩国剧,27&&日本剧,28&&海外剧,29&&泰剧,30&&大陆综艺,31&&日韩综艺,32&&港台综艺,33&&欧美综艺,34&&日韩动漫,35&&欧美动漫,36&&预告片,38&&热播老片,39&&音乐MV,40&&热播韩剧,41&&伦理资源,42",
      "click":true,
      "wePlus": {}
    },
    {
      "id":1,
      "name":"爱看啦",
      "url":"http://v.aik.la/api.php/provide/vod/at/xml",
      "cate":"电影,32&&连续剧,2&&综艺,3&&动漫,4&&动作片,6&&喜剧片,7&&爱情片,8&&科幻片,9&&恐怖片,10&&剧情片,11&&战争片,12&&国产剧,13&&港台剧,14&&日韩剧,15&&欧美剧,16&&犯罪片,20&&记录片,21&&悬疑片,22&&其他剧,23&&奇幻片,24&&哔哩哔哩,29&&番剧,30&&国创,31&&电视剧,33&&少儿,34",
      "click":true,
      "wePlus": {}
    },
    {
      "id":1,
      "name":"嗨哆咪",
      "url":"http://hdmys1.com/api.php/provide/vod/at/xml/",
      "cate":"电影,1&&❌,2&&❌,3&&❌,4&&动作片,6&&喜剧片,7&&爱情片,8&&科幻片,9&&恐怖片,10&&剧情片,11&&战争片,12&&国产剧,13&&香港剧,14&&台湾剧,15&&欧美剧,16&&❌,20&&纪录片,21&&悬疑片,22&&动画片,23&&犯罪片,24&&奇幻片,25&&韩国剧,26&&日本剧,27&&海外剧,28&&中国综艺,29&&日韩综艺,30&&台湾综艺,31&&欧美综艺,32&&中国动漫,33&&日韩动漫,34&&欧美动漫,35",
      "click":true,
      "wePlus": {}
    },
    {
      "id":1,
      "name":"樱花",
      "url":"https://m3u8.apiyhzy.com/api.php/provide/vod/at/xml/",
      "cate":"❌,1&&❌,2&&❌,3&&❌,4&&动作片,6&&喜剧片,7&&爱情片,8&&科幻片,9&&恐怖片,10&&剧情片,11&&战争片,12&&国产剧,13&&香港剧,14&&台湾剧,15&&韩国剧,16&&犯罪片,20&&纪录片,21&&动画电影,22&&日本剧,23&&欧美剧,24&&海外剧,25&&大陆综艺,26&&日韩综艺,27&&港台综艺,28&&欧美综艺,29&&中国动漫,30&&日本动漫,31&&欧美动漫,32&&❌,33&&❌,34",
      "click":true,
      "wePlus": {}
    },
    {
      "id": 1,
      "name": "飘花",
      "url": "http://www.zzrhgg.com/api.php/provide/vod/at/xml/",
      "cate": "电影,1&&电视剧,2&&综艺,3&&动漫,4&&动作片,6&&喜剧片,7&&爱情片,8&&科幻片,9&&恐怖片,10&&剧情片,11&&战争片,12&&国产剧,13&&港台剧,14&&日韩剧,15&&欧美剧,16",
      "click": true,
      "wePlus": {}
    },
    {
      "id":1,
      "name":"飘花影院",
      "url":"https://www.2mjtt.com/inc/api.php",
      "cate":"飘花电影网,1&&连续剧,2&&综艺,3&&动漫,4&&动作片,5&&喜剧片,6&&爱情片,7&&科幻片,8&&恐怖片,9&&剧情片,10&&战争片,11&&国产剧,12&&香港剧,13&&韩国剧,14&&欧美剧,15&&写真,16&&台湾剧,18&&日本剧,19&&微电影,20&&海外剧,21&&港台综艺,22&&国外综艺,23&&大陆综艺,24&&国产动漫,25&&日本动漫,26&&欧美动漫,27&&纪录片,28&&日韩动漫,29&&泰国剧,30&&解说,31",
      "click":true,
      "wePlus": {}
    },
    {
      "id":1,
      "name":"宅男影视",
      "url":"http://www.sexyy.top/api.php/provide/vod/at/xml/",
      "cate":"电影,1&&连续剧,2&&综艺,3&&动漫,4&&番剧,5",
      "click":true,
      "wePlus": {}
    },
    {
      "id":1,
      "name":"思乐影视",
      "url":"https://www.4ltv.com/api.php/provide/vod/at/xml/",
      "cate":"电视剧,1&&电影,2&&动漫,3&&综艺,4",
      "click":true,
      "wePlus": {}
    },
    {
      "id":1,
      "name":"天龙影院",
      "url":"http://www.tl86dy.com/api.php/provide/vod/at/xml/",
      "cate":"动作片,1&&喜剧片,2&&爱情片,3&&科幻片,4&&恐怖片,5&&剧情片,6&&动画片,7&&综艺片,8&&国产剧,9&&香港剧,10&&欧美剧,11&&韩国剧,12&&战争片,13&&纪录片,14&&VIP影片,15&&经典系列,16&&电影频道,17&&电视剧场,18&&微电影,19&&综艺小品,20&&台湾剧,21&&日本剧,22&&泰国剧,23&&海外剧,24&&内地综艺,25&&港台综艺,26&&日韩综艺,27&&欧美综艺,28&&国产动漫,29&&日韩动漫,30&&欧美动漫,31&&港台动漫,32&&海外动漫,33&&动漫频道,48&&TVB专区,52",
      "click":true,
      "wePlus": {}
    },
    {
      "id":1,
      "name":"西门影视",
      "url":"https://ximenys.com/api.php/provide/vod/at/xml/",
      "cate":"电影,1&&电视剧,2&&综艺,3&&动漫,4&&动作片,6&&喜剧片,7&&爱情片,8&&科幻片,9&&恐怖片,10&&剧情片,11&&战争片,12&&国产剧,13&&港台剧,14&&日韩剧,15&&欧美剧,16&&悬疑片,20&&奇幻片,21&&惊悚片,22&&其他剧,23&&纪录片,24&&西门专线,25",
      "click":true,
      "wePlus": {}
    },
    {
      "id":1,
      "name":"融兴bilibili",
      "url":"https://bilibili.rongxingvr.cc/api.php/provide/vod/at/xml/",
      "cate":"bilibili动漫,2&&电影,3&&电视剧,4&&国产,5&&日韩,6&&欧美,7&&港台,8&&记录片,9&&国创,10",
      "click":true,
      "wePlus": {}
    },
    {
      "id":1,
      "name":"测试",
      "url":"http://107.150.5.146:39000/maccms10-main/api.php/provide/vod/at/xml/",
      "cate":"电影,1&&连续剧,2&&综艺,3&&动漫,4&&动作片,6&&喜剧片,7&&爱情片,8&&科幻片,9&&恐怖片,10&&剧情片,11&&战争片,12&&国产剧,13&&港台剧,14&&日韩剧,15&&欧美剧,16",
      "click":true,
      "wePlus": {}
    },
    {
      "id":1,
      "name":"玺心影视",
      "url":"https://tvcj.arbd.cn/api.php/provide/vod/at/xml/",
      "cate":"电影,1&&连续剧,2&&综艺,3&&动漫,4&&动作片,6&&喜剧片,7&&爱情片,8&&科幻片,9&&恐怖片,10&&剧情片,11&&战争片,12&&国产剧,13&&港台剧,14&&日韩剧,15&&欧美剧,16&&犯罪片,20&&冒险片,21&&悬疑片,22&&武侠片,23&&奇幻片,24&&纪录片,25&&哔哩哔哩,26&&国创,27&&番剧,28",
      "click":true,
      "wePlus": {}
    },
    {
      "id":1,
      "name":"侦探APP",
      "url":"http://ys.huangguay.com/api.php/provide/vod/at/xml/",
      "cate":"电影,1&&连续剧,2&&综艺,3&&动漫,4&&追番,30",
      "click":true,
      "wePlus": {}
    },
    {
      "id":1,
      "name":"我爱跟剧",
      "url":"http://www.52gen.com/api.php/provide/vod/at/xml/",
      "cate":"电影,1&&连续剧,2&&综艺,3&&动漫,4&&少儿频道,5&&喜欢,7&&海外剧,29",
      "click":true,
      "wePlus": {}
    },
    {
      "id":1,
      "name":"2A资源",
      "url":"http://zy.zcocc.com/api.php/provide/vod/at/xml/",
      "cate":"电影,1&&连续剧,2&&综艺,3&&动漫,4&&动作片,6&&喜剧片,7&&爱情片,8&&科幻片,9&&恐怖片,10&&剧情片,11&&战争片,12&&国产剧,13&&香港剧,14&&韩国剧,15&&欧美剧,16&&微电影,20&&纪录片,21&&伦理片,22&&冒险片,23&&悬疑片,24&&犯罪片,25&&灾难片,26&&魔幻片,27&&青春片,28&&音乐片,29&&其他片,30&&惊悚片,31&&动画片,32&&奇幻片,33&&台湾剧,34&&日本剧,35&&其他剧,36&&国产动漫,37&&日本动漫,38&&欧美动漫,39&&其他动漫,40",
      "click":true,
      "wePlus": {}
    },
    {
      "id":1,
      "name":"8090资源",
      "url":"http://zy.yilans.net:8090/api.php/provide/vod/at/xml/",
      "cate":"电影,1&&连续剧,2&&综艺,3&&动漫,4&&动作片,6&&喜剧片,7&&爱情片,8&&科幻片,9&&恐怖片,10&&剧情片,11&&战争片,12&&国产剧,13&&港台剧,14&&日韩剧,15&&欧美剧,16&&惊悚片,20&&魔幻片,21&&冒险片,22&&悬疑片,23&&纪录片,25&&犯罪片,26&&微电影,27&&其他片,28&&动画片,29",
      "click":true,
      "wePlus": {}
    },
    {
      "id":1,
      "name":"三零资源",
      "url":"http://api.000zy.com/provide/vod/at/xml/",
      "cate":"电影,1&&连续剧,2&&综艺,3&&动漫,4&&动作片,6&&喜剧片,7&&爱情片,8&&科幻片,9&&恐怖片,10&&剧情片,11&&战争片,12&&国产剧,13&&港台剧,14&&日韩剧,15&&欧美剧,16&&泰国剧,17&&海外剧,18&&犯罪片,20&&奇幻片,21&&悬疑片,22&&惊悚片,23&&古装片,24&&动画片,25&&记录片,29&&少儿,37",
      "click":true,
      "wePlus": {}
    },
    {
      "id":1,
      "name":"比邻影视",
      "url":"http://0hzy.cn:9990/api.php/provide/vod/at/xml/",
      "cate":"电影,1&&连续剧,2&&综艺,3&&动漫,4&&直播,5",
      "click":true,
      "wePlus": {}
    },
    {
      "id":1,
      "name":"百搜资源",
      "url":"https://vip.baisou.ltd/api.php/provide/vod/at/xml/",
      "cate":"电影,1&&连续剧,2&&综艺,3&&动漫,4&&动作片,6&&喜剧片,7&&爱情片,8&&科幻片,9&&恐怖片,10&&剧情片,11&&战争片,12&&国产剧,13&&港台剧,14&&日韩剧,15&&欧美剧,16&&预告片,20",
      "click":true,
      "wePlus": {}
    },
    {
      "id":1,
      "name":"玺娜影视",
      "url":"https://www.yuxidy.cn/api.php/provide/vod/at/xml/",
      "cate":"电影,1&&连续剧,2&&综艺,3&&动漫,4&&动作片,6&&喜剧片,7&&爱情片,8&&科幻片,9&&恐怖片,10&&剧情片,11&&战争片,12&&国产剧,13&&港台剧,14&&日韩剧,15&&欧美剧,16&&海外剧,20&&球,22",
      "click":true,
      "wePlus": {}
    },
    {
      "id":1,
      "name":"清欢资源",
      "url":"http://free.qinghuanzy.com/api.php/provide/vod/at/xml/",
      "cate":"电影,1&&连续剧,2&&综艺,3&&动漫,4&&动作片,6&&喜剧片,7&&爱情片,8&&科幻片,9&&恐怖片,10&&剧情片,11&&战争片,12&&国产剧,13&&港台剧,14&&日韩剧,15&&欧美剧,16&&惊悚片,20&&犯罪片,21&&冒险片,22&&悬疑片,23&&动画片,24&&武侠片,25&&奇幻片,26&&记录片,27&&泰国剧,55",
      "click":true,
      "wePlus": {}
    },
    {
      "id":1,
      "name":"聆风资源",
      "url":"http://maccms.bwcxvip.top/api.php/provide/vod/at/xml/",
      "cate":"电影,1&&连续剧,2&&综艺,3&&动漫,4&&动作片,6&&喜剧片,7&&爱情片,8&&科幻片,9&&恐怖片,10&&剧情片,11&&战争片,12&&国产剧,13&&港台剧,14&&日韩剧,15&&欧美剧,16&&惊悚片,20&&犯罪片,21&&冒险片,22&&悬疑片,23&&奇幻片,24&&纪录片,25&&动画片,26&&直播,27",
      "click":true,
      "wePlus": {}
    },
    {
      "id":1,
      "name":"雪人官采",
      "url":"https://zl.qd234.cn/api.php/provide/vod/at/xml/",
      "cate":"电影,1&&连续剧,2&&综艺,3&&动漫,4&&动作片,6&&喜剧片,7&&爱情片,8&&科幻片,9&&恐怖片,10&&剧情片,11&&战争片,12&&国产剧,13&&港台剧,14&&日韩剧,15&&欧美剧,16&&惊悚片,21&&魔幻片,22&&冒险片,23&&悬疑片,24&&纪录片,25&&犯罪片,26&&微电影,27&&其他片,28&&动画片,29&&电影B站,30&&电视剧B站,31&&番剧B站,32&&国创B站,33",
      "click":true,
      "wePlus": {}
    },
    {
      "id":1,
      "name":"舒渡影视",
      "url":"http://www.lovctv.com/api.php/provide/vod/at/xml/",
      "cate":"电影,1&&连续剧,2&&综艺,3&&动漫,4&&资讯,5&&动作片,6&&喜剧片,7&&爱情片,8&&科幻片,9&&恐怖片,10&&剧情片,11&&战争片,12&&国产剧,13&&港台剧,14&&日韩剧,15&&欧美剧,16&&哔哩哔哩,20&&番剧,21&&国创,22&&犯罪片,23&&冒险片,24&&悬疑片,25&&动画片,26&&武侠片,27&&奇幻片,28&&纪录片,29&&动漫资讯,30&&惊悚片,31&&微电影,32",
      "click":true,
      "wePlus": {}
    },
    {
      "id":1,
      "name":"萌果资源",
      "url":"http://api.appearoo.top/api.php/provide/vod/at/xml/",
      "cate":"电影,1&&连续剧,2&&综艺,3&&动漫,4&&动作片,6&&喜剧片,7&&爱情片,8&&科幻片,9&&恐怖片,10&&剧情片,11&&战争片,12&&国产剧,13&&港台剧,14&&日韩剧,15&&欧美剧,16&&动画片,20&&纪录片,21&&海外剧,22&&大陆动漫,23&&日本动漫,24&&美国动漫,25",
      "click":true,
      "wePlus": {}
    },
    {
      "id":1,
      "name":"椰子资源",
      "url":"https://zy.gbxy.net.cn/api.php/provide/vod/at/xml/",
      "cate":"电影,1&&连续剧,2&&综艺,3&&动漫,4&&动作片,6&&喜剧片,7&&爱情片,8&&科幻片,9&&恐怖片,10&&剧情片,11&&战争片,12&&国产剧,13&&港台剧,14&&日韩剧,15&&欧美剧,16",
      "click":true,
      "wePlus": {}
    },
    {
      "id":1,
      "name":"嘀哩嘀哩",
      "url":"http://api.diliktv.xyz/api.php/provide/vod/at/xml/",
      "cate":"电影,37&&连续剧,2&&综艺,3&&动漫,36&&动作片,6&&喜剧片,7&&爱情片,8&&科幻片,9&&恐怖片,10&&剧情片,11&&战争片,12&&国产剧,13&&港台剧,14&&日韩剧,15&&欧美剧,16&&嘀哩精选,20&&惊悚片,21&&纪录片,32&&欧美综艺,23&&日韩综艺,24&&国产综艺,25&&日韩动漫,26&&欧美动漫,27&&悬疑片,28&&灾难片,29&&犯罪片,30&&泰国剧,31&&B站区,33&&电视剧,34&&番剧,35",
      "click":true,
      "wePlus": {}
    },
    {
      "id":1,
      "name":"热映网",
      "url":"http://hl.reying.vip/api.php/provide/vod/at/xml/",
      "cate":"电影,1&&连续剧,2&&综艺,3&&动漫,4",
      "click":true,
      "wePlus": {}
    },
    {
      "id":1,
      "name":"网民电影",
      "url":"https://www.prinevillesda.org/api.php/provide/vod/at/xml/",
      "cate":"电影,1&&连续剧,2&&综艺,3&&动漫,4&&动作片,6&&喜剧片,7&&爱情片,8&&科幻片,9&&恐怖片,10&&剧情片,11&&战争片,12&&国产剧,13&&港台剧,14&&日韩剧,15&&欧美剧,16&&台湾剧,20&&日剧,21&&海外剧,22&&纪录片,23&&微电影,24&&玄幻片,28&&电影解说,29",
      "click":true,
      "wePlus": {}
    },
    {
      "id":1,
      "name":"木偶人",
      "url":"http://vip.muoutv.com/api.php/provide/vod/at/xml/",
      "cate":"电影,1&&连续剧,2&&综艺,3&&动漫,4&&动作片,6&&喜剧片,7&&爱情片,8&&科幻片,9&&恐怖片,10&&剧情片,11&&战争片,12&&国产剧,13&&港台剧,14&&日韩剧,15&&欧美剧,16",
      "click":true,
      "wePlus": {}
    },
    {
      "id":1,
      "name":"初心影视",
      "url":"https://18mv.club/api.php/provide/vod/at/xml/",
      "cate":"电影,1&&连续剧,2&&综艺,3&&动漫,4",
      "click":true,
      "wePlus": {}
    },
    {
      "id":1,
      "name":"348电影网",
      "url":"https://348z.com/api.php/provide/vod/at/xml/",
      "cate":"电影,1&&连续剧,2&&综艺,3&&动漫,4&&动作片,6&&喜剧片,7&&爱情片,8&&科幻片,9&&恐怖片,10&&剧情片,11&&战争片,12&&国产剧,13&&港台剧,14&&日韩剧,15&&欧美剧,16&&纪录片,20&&灾难片,21&&魔幻片,22&&青春片,23&&犯罪片,24&&悬疑片,25&&微电影,26&&音乐片,27&&伦理片,28&&其他片,29&&蓝光,37&&蓝光电影,38&&蓝光电视剧,39&&蓝光综艺,40&&蓝光动漫,41&&B站电影,44&&B站剧集,45&&B站番剧,46&&番剧国创,47",
      "click":true,
      "wePlus": {}
    },
    {
      "id": 1,
      "name": "❌555TV",
      "url": "https://www.o8tv.com/api.php/provide/vod/at/xml/",
      "cate": "国产剧,13&&日韩剧,44&&纪录片,91&&纪录片,92&&欧美剧,45&&港台剧,15&&国产动漫,96&&日本动漫,97&&欧美动漫,98&&日韩综艺,60&&欧美综艺,61&&港台综艺,62&&内地综艺,77&&喜剧片,80&&爱情片,81&&科幻片,82&&犯罪片,83&&动作片,84&&恐怖片,85&&战争片,86&&剧情片,87&&热剧推荐,88&&热综推荐,90&&热漫推荐,94&&热片推荐,111&&Netflix蓝光4k,78&&精品推荐,79&&蓝光电影,106&&蓝光连续剧,107&&蓝光动漫,108&&蓝光综艺,109&&蓝光纪录片,110",
      "click": true,
      "wePlus": {}
    },
    {
      "id": 1,
      "name": "❌555电影",
      "url": "http://w7tv.com/api.php/provide/vod/",
      "cate": "❌,2&&❌,3&&❌,4&&动作片,5&&❌,6&&喜剧片,7&&爱情片,8&&科幻片,9&&恐怖片,10&&剧情片,11&&战争片,12&&国产剧,13&&香港剧,14&&台湾剧,15&&欧美剧,16&&动漫电影,17&&❌,18&&❌,19&&❌,20&&综合电影,21&&日本剧,22&&❌,23&&❌,24&&海外剧,25&&韩国剧,26&&❌,27&&国产动漫,28&&日本动漫,29&&欧美动漫,30&&动漫,31&&纪录片,32&&大陆综艺,33&&韩国综艺,34&&❌,35&&台湾综艺,36&&欧美综艺,37&&❌,38&&说电影,39&&欧美综艺,40&&动漫,41&&国产动漫,42&&日本动漫,43&&欧美动漫,44&&海外动漫,45&&❌,46&&WWE摔跤,49&&赛车,51&&UFC终极格斗,52&&网球,53&&篮球,54&&足球,55&&海外剧,57&&台湾剧,58&&韩国剧,59&&❌,60&&❌,61&&❌,62&&脚车,63&&棒球,64&&摩托车,65&&橄榄球,66&&MMA综合格斗,67&&❌,68&&MV,69&&高尔夫,71&&台球,72&&❌,73&&❌,74&&❌,75&&❌,76&&拳击,77&&❌,80&&❌,81",
      "click": true,
      "wePlus": {}
    },
    {
     "id": 1,
     "name": "❌被窝影视",
     "url": "https://www.beiwoysw.com/api.php/provide/vod/at/xml",
     "cate": "国产剧,13&&欧美剧,16&&日韩剧,15&&港台剧,14&&国产动漫,24&&日韩动漫,25&&内地综艺,28&&电影,1&&连续剧,2&&综艺,3&&动漫,4",
     "click": true,
     "wePlus": {}
    },
    {
      "id": 1,
      "name": "❌麻花影视",
      "url": "https://www.bjmili.com/api.php/provide/vod/at/xml/",
      "cate": "国产剧,13&&日韩剧,44&&纪录片,91&&纪录片,92&&欧美剧,45&&港台剧,15&&国产动漫,96&&日本动漫,97&&欧美动漫,98&&日韩综艺,60&&欧美综艺,61&&港台综艺,62&&内地综艺,77&&喜剧片,80&&爱情片,81&&科幻片,82&&犯罪片,83&&动作片,84&&恐怖片,85&&战争片,86&&剧情片,87&&热剧推荐,88&&热综推荐,90&&热漫推荐,94&&热片推荐,111&&Netflix蓝光4k,78&&精品推荐,79&&蓝光电影,106&&蓝光连续剧,107&&蓝光动漫,108&&蓝光综艺,109&&蓝光纪录片,110",
      "click": true,
      "wePlus": {}
    },
    {
      "id": 1,
      "name": "❌麻花电影",
      "url": "https://www.ubo110.com/api.php/provide/vod/at/xml/",
      "cate": "国产剧,13&&日韩剧,44&&纪录片,91&&纪录片,92&&欧美剧,45&&港台剧,15&&国产动漫,96&&日本动漫,97&&欧美动漫,98&&日韩综艺,60&&欧美综艺,61&&港台综艺,62&&内地综艺,77&&喜剧片,80&&爱情片,81&&科幻片,82&&犯罪片,83&&动作片,84&&恐怖片,85&&战争片,86&&剧情片,87&&热剧推荐,88&&热综推荐,90&&热漫推荐,94&&热片推荐,111&&Netflix蓝光4k,78&&精品推荐,79&&蓝光电影,106&&蓝光连续剧,107&&蓝光动漫,108&&蓝光综艺,109&&蓝光纪录片,110",
      "click": true,
      "wePlus": {}
    },
    {
      "id": 1,
      "name": "❌电影先生",
      "url": "http://dyxs11.com/api.php/provide/vod/at/xml/",
      "cate": "国产剧,13&&日韩剧,44&&纪录片,91&&纪录片,92&&欧美剧,45&&港台剧,15&&国产动漫,96&&日本动漫,97&&欧美动漫,98&&日韩综艺,60&&欧美综艺,61&&港台综艺,62&&内地综艺,77&&喜剧片,80&&爱情片,81&&科幻片,82&&犯罪片,83&&动作片,84&&恐怖片,85&&战争片,86&&剧情片,87&&热剧推荐,88&&热综推荐,90&&热漫推荐,94&&热片推荐,111&&Netflix蓝光4k,78&&精品推荐,79&&蓝光电影,106&&蓝光连续剧,107&&蓝光动漫,108&&蓝光综艺,109&&蓝光纪录片,110",
      "click": true,
      "wePlus": {}
    },
    {
      "id": 1,
      "name": "❌最新资源",
      "url": "http://api.zuixinapi.com/inc/api.php",
      "cate": "综艺,3&&动漫,4&&动作片,5&&喜剧片,6&&爱情片,7&&科幻片,8&&恐怖片,9&&剧情片,10&&战争片,11&&犯罪片,22&&奇幻片,24&&惊悚片,25&&国产剧,12&&香港剧,13&&韩国剧,14&&欧美剧,15&&台湾剧,16&&日本剧,17&&海外剧,18&&纪录片,19&&情色片,23",
      "click": true,
      "wePlus": {}
    },
    {
      "id": 1,
      "name": "❌唐朝云",
      "url": "https://tangchaozy.vip/api.php/provide/vod/at/xml",
      "cate": "动作片,6&&喜剧片,7&&爱情片,8&&科幻片,9&&恐怖片,10&&国产剧,13&&日韩剧,15&&欧美剧,16&&综艺,3&&动漫,4",
      "click": true,
      "wePlus": {}
    },
    {
      "id": 1,
      "name": "❌一鹿影院",
      "url": "http://cms.91yilu.xyz/api.php/provide/vod/at/xml/",
      "cate":"国产剧,13&&日韩剧,15&&欧美剧,16&&港台剧,14&&动漫,4&&综艺,3&&电影,1&&动作片,6&&喜剧片,7&&爱情片,8&&科幻片,9&&恐怖片,10&&剧情片,11&&战争片,12",
      "click": true,
      "wePlus": {}
    },
    {
      "id": 1,
      "name": "❌PZ影视",
      "url": "https://puz.pub/api.php/provide/vod/at/xml/",
      "cate": "❌,1&&❌,2&&❌,3&&动漫,4&&国产剧,13&&日韩剧,15&&❌,29&&欧美剧,16&&港台剧,14&&❌,52&&台湾综艺,24&&欧美综艺,25&&国产动漫,26&&日本动漫,27&&欧美动漫,28&&❌,51&&综合电影,20&&记录片,21&&中国综艺,22&&韩国综艺,23&&动作片,6&&喜剧片,7&&爱情片,8&&科幻片,9&&恐怖片,10&&剧情片,11&&战争片,12&&微电影,30",
      "click": true,
      "wePlus": {}
    },
    {
      "id": 1,
      "name": "❌云豹",
      "url": "https://scxytz.cn/api.php/provide/vod/at/xml/",
      "cate": "国产剧,13&&日韩剧,15&&欧美剧,16&&港台剧,14&&动漫,4&&综艺,3&&动作片,6&&喜剧片,7&&爱情片,8&&科幻片,9&&恐怖片,10&&剧情片,11&&战争片,12",
      "click": true,
      "wePlus": {}
    },
    {
      "id": 1,
      "name": "❌牛牛",
      "url": "https://www.48da.net/api.php/provide/vod/at/xml/",
      "cate": "综艺,3&&动漫,4&&动作片,6&&喜剧片,7&&爱情片,8&&科幻片,9&&恐怖片,10&&剧情片,11&&战争片,12&&国产剧,13&&港台剧,14&&日韩剧,15&&欧美剧,16",
      "click": true,
      "wePlus": {}
    },
    {
      "id": 1,
      "name": "❌猪猪",
      "url": "https://www.zzyingyuan.com/api.php/provide/vod/at/xml/",
      "cate": "动作片,6&&喜剧片,7&&爱情片,8&&科幻片,9&&恐怖片,10&&剧情片,11&&战争片,12&&国产剧,13&&港台剧,14&&日韩剧,15&&欧美剧,16&&国产动漫,24&&内地综艺,20",
      "click": true,
      "wePlus": {}
    },
    {
      "id": 1,
      "name": "❌猪猪影院",
      "url": "https://www.dljtsgcl.net/api.php/provide/vod/at/xml/",
      "cate": "动作片,6&&喜剧片,7&&爱情片,8&&科幻片,9&&恐怖片,10&&剧情片,11&&战争片,12&&国产剧,13&&港台剧,14&&日韩剧,15&&欧美剧,16&&国产动漫,24&&内地综艺,20",
      "click": true,
      "wePlus": {}
    },
    {
      "id": 1,
      "name": "❌电牛",
      "url": "https://www.dianyingn.com/api.php/provide/vod/at/xml/",
      "cate": "电影,1&&电视剧,2&&综艺,3&&动漫,4&&动作片,6&&喜剧片,7&&爱情片,8&&科幻片,9&&恐怖片,10&&剧情片,11&&战争片,12&&国产剧,13&&港台剧,14&&日韩剧,15&&欧美剧,16&&纪录片,20&&理论片,23",
      "click": true,
      "wePlus": {}
    },
    {
      "id": 1,
      "name": "❌TVB云",
      "url": "https://www.hktvyb.com/api.php/provide/vod/at/xml/",
      "cate": "综艺,3&&动漫,4&&动作片,6&&喜剧片,7&&爱情片,8&&科幻片,9&&恐怖片,10&&剧情片,11&&战争片,12&&国产剧,13&&港台剧,14&&日韩剧,15&&欧美剧,16&&港产片,21",
      "click": true,
      "wePlus": {}
    },
    {
      "id": 1,
      "name": "❌聚合云",
      "url": "https://caiji.kuyun98.com/inc/ldg_api.php",
      "cate": "动作片,5&&喜剧片,6&&爱情片,7&&科幻片,8&&恐怖片,9&&国产剧,12&&韩国剧,14&&美国剧,15&&日本剧,17&&大陆综艺,32&&日韩综艺,31&&国产动漫,25&&日本动漫,27&&欧美动漫,26",
      "click": true,
      "wePlus": {}
    },
    {
      "id": 1,
      "name": "❌聚合资源网",
      "url": "https://cj.cbi88.com/inc/api_juhem3u8.php",
      "cate": "国产剧,12&&韩国剧,14&&记录片,22&&欧美剧,15&&台湾剧,16&&日本剧,17&&香港剧,13&&泰国剧,33&&海外剧,18&&港台综艺,30&&大陆综艺,32&&韩国综艺,31&&动画片,24&&国产动漫,25&&欧美动漫,26&&日本动漫,27&&动作片,5&&喜剧片,6&&爱情片,7&&科幻片,8&&恐怖片,9&&剧情片,10&&战争片,11",
      "click": true,
      "wePlus": {}
    },
    {
      "id": 1,
      "name": "❌沃酷云",
      "url": "https://api.wokuzy.com/api/xml/wokum3u8_s",
      "cate": "国产剧,14&&韩国剧,16&&美国剧,17&&日本剧,19&&动漫,4&&综艺,3&&动作片,5&&喜剧片,6&&爱情片,7&&科幻片,8&&恐怖片,9",
      "click": true,
      "wePlus": {}
    },
    {
      "id": 1,
      "name": "❌速播云",
      "url": "https://www.subo988.com/inc/maccms_subom3u8.php",
      "cate": "动作片,5&&喜剧片,6&&爱情片,7&&科幻片,8&&恐怖片,9&&国产剧,12&&韩国剧,18&&美国剧,15&&日本剧,14&&综艺,3&&动漫,4",
      "click": true,
      "wePlus": {}
    },
    {
      "id": 1,
      "name": "❌麻花资源",
      "url": "https://www.mhapi123.com/inc/ldg_api.php",
      "cate": "综艺,3&&动漫,4&&动作片,5&&喜剧片,6&&爱情片,7&&科幻片,8&&恐怖片,9&&剧情片,10&&战争片,11&&国产剧,12&&台湾剧,13&&韩国剧,14&&欧美剧,15&&香港剧,16&&泰国剧,17&&日本剧,18&&纪录片,20&&福利,19",
      "click": true,
      "wePlus": {}
    }
  ]
}
