{
  "data": [
    {
      "name": "电影轮播 ",
      "pic": "https://encrypted-tbn0.gstatic.com/images?q=tbn:ANd9GcRoFQZkfW4mB8-y1U43eM8kk1wegyRlphXO6g&usqp=CAU",
      "webUrl": "https://github.com/eklins/FreedTV/raw/main/tv/%E7%94%B5%E5%BD%B1%E8%BD%AE%E6%92%AD.json",
      "type": "json",
      "subTitle": "",
      "click": true,
      "autoNext": false,
      "webOpen": false,
      "keyDownPlay": true,
      "keyUpPlay": true,
      "userAgent": "Mozilla/5.0 (Linux; U; Android 8.1.0; zh-cn; BLA-AL00 Build/HUAWEIBLA-AL00) AppleWebKit/537.36 (KHTML, like Gecko) Version/4.0 Chrome/93.0.4535.3 MQQBrowser/8.9 Mobile Safari/537.36",
      "ads": "",
      "decoder": 0,
      "webPlus": {}
    },
    {
      "name": "电视剧轮播 ",
      "pic": "https://encrypted-tbn0.gstatic.com/images?q=tbn:ANd9GcR2JbDAisQCMVx6Q-zJ9SxT7aEfVGHZA7Jh9A&usqp=CAU",
      "webUrl": "https://github.com/eklins/FreedTV/raw/main/tv/%E7%94%B5%E8%A7%86%E5%89%A7%E8%BD%AE%E6%92%AD.json",
      "type": "json",
      "subTitle": "",
      "click": true,
      "autoNext": false,
      "webOpen": false,
      "keyDownPlay": true,
      "keyUpPlay": true,
      "userAgent": "Mozilla/5.0 (Linux; U; Android 8.1.0; zh-cn; BLA-AL00 Build/HUAWEIBLA-AL00) AppleWebKit/537.36 (KHTML, like Gecko) Version/4.0 Chrome/93.0.4535.3 MQQBrowser/8.9 Mobile Safari/537.36",
      "ads": "",
      "decoder": 0,
      "webPlus": {}
    },
    {
      "name": "动漫轮播 ",
      "pic": "https://encrypted-tbn0.gstatic.com/images?q=tbn:ANd9GcQa06nulHaH-fHaRBeOuU-m0rHYDR2dqcfxRA&usqp=CAU",
      "webUrl": "https://github.com/eklins/FreedTV/raw/main/tv/%E5%8A%A8%E6%BC%AB%E8%BD%AE%E6%92%AD.json",
      "type": "json",
      "subTitle": "",
      "click": true,
      "autoNext": false,
      "webOpen": false,
      "keyDownPlay": true,
      "keyUpPlay": true,
      "userAgent": "Mozilla/5.0 (Linux; U; Android 8.1.0; zh-cn; BLA-AL00 Build/HUAWEIBLA-AL00) AppleWebKit/537.36 (KHTML, like Gecko) Version/4.0 Chrome/93.0.4535.3 MQQBrowser/8.9 Mobile Safari/537.36",
      "ads": "",
      "decoder": 0,
      "webPlus": {}
    },
    {
      "name": "纪录•综艺•音乐 ",
      "pic": "https://encrypted-tbn0.gstatic.com/images?q=tbn:ANd9GcSxm_LTl3s8ZoEW-Xo1F1A2o6yInYSpA-Sihw&usqp=CAU",
      "webUrl": "https://github.com/eklins/FreedTV/raw/main/tv/%E7%BA%AA%E5%BD%95%E7%89%87%E3%80%81%E7%BB%BC%E8%89%BA%E3%80%81%E9%9F%B3%E4%B9%90.json",
      "type": "json",
      "subTitle": "",
      "click": true,
      "autoNext": false,
      "webOpen": false,
      "keyDownPlay": true,
      "keyUpPlay": true,
      "userAgent": "Mozilla/5.0 (Linux; U; Android 8.1.0; zh-cn; BLA-AL00 Build/HUAWEIBLA-AL00) AppleWebKit/537.36 (KHTML, like Gecko) Version/4.0 Chrome/93.0.4535.3 MQQBrowser/8.9 Mobile Safari/537.36",
      "ads": "",
      "decoder": 0,
      "webPlus": {}
    },
    {
      "name": "体育台 ",
      "pic": "https://encrypted-tbn0.gstatic.com/images?q=tbn:ANd9GcScDfsenVNcBvC14yv6J7n0wjlP-Pz_pbb-dg&usqp=CAU",
      "webUrl": "https://github.com/eklins/FreedTV/raw/main/tv/%E4%BD%93%E8%82%B2.json",
      "type": "json",
      "subTitle": "",
      "click": true,
      "autoNext": false,
      "webOpen": false,
      "keyDownPlay": true,
      "keyUpPlay": true,
      "userAgent": "Mozilla/5.0 (Linux; U; Android 8.1.0; zh-cn; BLA-AL00 Build/HUAWEIBLA-AL00) AppleWebKit/537.36 (KHTML, like Gecko) Version/4.0 Chrome/93.0.4535.3 MQQBrowser/8.9 Mobile Safari/537.36",
      "ads": "",
      "decoder": 0,
      "webPlus": {}
    },
    {
      "name": "NewTV ",
      "pic": "https://encrypted-tbn0.gstatic.com/images?q=tbn:ANd9GcTJT36iVmjzO_exUjPxkdQ8ZPQwDDCblcbx2Q&usqp=CAU",
      "webUrl": "https://github.com/eklins/FreedTV/raw/main/tv/newtv.m3u",
      "type": "txt",
      "subTitle": "",
      "click": true,
      "autoNext": false,
      "webOpen": false,
      "keyDownPlay": true,
      "keyUpPlay": true,
      "userAgent": "Mozilla/5.0 (Linux; U; Android 8.1.0; zh-cn; BLA-AL00 Build/HUAWEIBLA-AL00) AppleWebKit/537.36 (KHTML, like Gecko) Version/4.0 Chrome/93.0.4535.3 MQQBrowser/8.9 Mobile Safari/537.36",
      "ads": "",
      "decoder": 0,
      "webPlus": {}
    },
    {
      "name": "Global News ",
      "pic": "https://encrypted-tbn0.gstatic.com/images?q=tbn:ANd9GcQF9zSDPTv8-0dUMSimvMiPqHo4j0GPv-O6UQ&usqp=CAU",
      "webUrl": "https://github.com/eklins/FreedTV/raw/main/tv/tv%20news.json",
      "type": "json",
      "subTitle": "",
      "click": true,
      "autoNext": false,
      "webOpen": false,
      "keyDownPlay": true,
      "keyUpPlay": true,
      "userAgent": "Mozilla/5.0 (Linux; U; Android 8.1.0; zh-cn; BLA-AL00 Build/HUAWEIBLA-AL00) AppleWebKit/537.36 (KHTML, like Gecko) Version/4.0 Chrome/93.0.4535.3 MQQBrowser/8.9 Mobile Safari/537.36",
      "ads": "",
      "decoder": 0,
      "webPlus": {}
    },
    {
      "name": "China TV ",
      "pic": "https://encrypted-tbn0.gstatic.com/images?q=tbn:ANd9GcQxiWDXgLiDbvrJalOcxFsedP__HwZ-9tTYUA&usqp=CAU",
      "webUrl": "https://github.com/eklins/FreedTV/raw/main/tv/tv%20China.json",
      "type": "json",
      "subTitle": "",
      "click": true,
      "autoNext": false,
      "webOpen": false,
      "keyDownPlay": true,
      "keyUpPlay": true,
      "userAgent": "Mozilla/5.0 (Linux; U; Android 8.1.0; zh-cn; BLA-AL00 Build/HUAWEIBLA-AL00) AppleWebKit/537.36 (KHTML, like Gecko) Version/4.0 Chrome/93.0.4535.3 MQQBrowser/8.9 Mobile Safari/537.36",
      "ads": "",
      "decoder": 0,
      "webPlus": {}
    },
    {
      "name": "USA TV ",
      "pic": "https://encrypted-tbn0.gstatic.com/images?q=tbn:ANd9GcS2t6I8u-RbV6-wyfDNZiDsgC2K9pLq4RpPKQ&usqp=CAU",
      "webUrl": "https://github.com/eklins/FreedTV/raw/main/tv/tv%20USA.m3u",
      "type": "m3u",
      "subTitle": "",
      "click": true,
      "autoNext": false,
      "webOpen": false,
      "keyDownPlay": true,
      "keyUpPlay": true,
      "userAgent": "Mozilla/5.0 (Linux; U; Android 8.1.0; zh-cn; BLA-AL00 Build/HUAWEIBLA-AL00) AppleWebKit/537.36 (KHTML, like Gecko) Version/4.0 Chrome/93.0.4535.3 MQQBrowser/8.9 Mobile Safari/537.36",
      "ads": "",
      "decoder": 0,
      "webPlus": {}
    },
    {
      "name": "Global TV ",
      "pic": "https://encrypted-tbn0.gstatic.com/images?q=tbn:ANd9GcRkxtbviCaL2IHaeTGsvzF9STDJcqLIWRj1kw&usqp=CAU",
      "webUrl": "https://github.com/eklins/FreedTV/raw/main/tv/tv%20Global.m3u",
      "type": "m3u",
      "subTitle": "",
      "click": true,
      "autoNext": false,
      "webOpen": false,
      "keyDownPlay": true,
      "keyUpPlay": true,
      "userAgent": "Mozilla/5.0 (Linux; U; Android 8.1.0; zh-cn; BLA-AL00 Build/HUAWEIBLA-AL00) AppleWebKit/537.36 (KHTML, like Gecko) Version/4.0 Chrome/93.0.4535.3 MQQBrowser/8.9 Mobile Safari/537.36",
      "ads": "",
      "decoder": 0,
      "webPlus": {}
    },
    {
      "name": "成人TV ",
      "pic": "https://encrypted-tbn0.gstatic.com/images?q=tbn:ANd9GcT-B0Yxy981z3qDZn3V_9au3CpqgC36sp3HYw&usqp=CAU",
      "webUrl": "https://github.com/eklins/FreedTV/raw/main/tv/%E6%88%90%E4%BA%BATV.m3u",
      "type": "m3u",
      "subTitle": "",
      "click": true,
      "autoNext": false,
      "webOpen": false,
      "keyDownPlay": true,
      "keyUpPlay": true,
      "userAgent": "Mozilla/5.0 (Linux; U; Android 8.1.0; zh-cn; BLA-AL00 Build/HUAWEIBLA-AL00) AppleWebKit/537.36 (KHTML, like Gecko) Version/4.0 Chrome/93.0.4535.3 MQQBrowser/8.9 Mobile Safari/537.36",
      "ads": "",
      "decoder": 2,
      "webPlus": {}
    },
    {
      "name": "直播♥",
      "pic": "https://imgpub.chuangkit.com/materials/2021/09/15/75978b65-3340-4f8a-b146-8a5049febbd0?x-oss-process=image/resize,w_200/format,webp",
      "webUrl": "https://github.com/eklins/FreedTV/raw/main/tv/%E7%9B%B4%E6%92%AD%E2%9D%A4%EF%BC%88%E6%97%A7%EF%BC%89.m3u",
      "type": "m3u",
      "subTitle": "",
      "subTitle": "",
      "click": true,
      "autoNext": false,
      "webOpen": false,
      "keyDownPlay": true,
      "keyUpPlay": true,
      "userAgent": "Mozilla/5.0 (Linux; U; Android 8.1.0; zh-cn; BLA-AL00 Build/HUAWEIBLA-AL00) AppleWebKit/537.36 (KHTML, like Gecko) Version/4.0 Chrome/93.0.4535.3 MQQBrowser/8.9 Mobile Safari/537.36",
      "ads": "",
      "decoder": 0,
      "webPlus": {}
    },
    {
      "name": "直播*荐*",
      "pic": "https://imgpub.chuangkit.com/materials/2021/08/30/24ee516b-b5a2-415d-ba65-ea35b613cbd2?x-oss-process=image/resize,w_200/format,webp",
      "webUrl": "https://github.com/eklins/FreedTV/raw/main/tv/%E7%9B%B4%E6%92%AD%E2%80%9C%E8%8D%90%E2%80%9D%EF%BC%88%E6%97%A7%EF%BC%89.m3u",
      "type": "m3u",
      "subTitle": "",
      "click": true,
      "autoNext": false,
      "webOpen": false,
      "keyDownPlay": true,
      "keyUpPlay": true,
      "userAgent": "Mozilla/5.0 (Linux; U; Android 8.1.0; zh-cn; BLA-AL00 Build/HUAWEIBLA-AL00) AppleWebKit/537.36 (KHTML, like Gecko) Version/4.0 Chrome/93.0.4535.3 MQQBrowser/8.9 Mobile Safari/537.36",
      "ads": "",
      "decoder": 0,
      "webPlus": {}
    },
    {
      "name": "m3u测试源",
      "pic": "https://imgpub.chuangkit.com/materials/2021/08/17/b2e6c85e-27e4-461b-bc3b-3cef6b6a2d4e?x-oss-process=image/resize,w_200/format,webp",
      "webUrl": "https://github.com/eklins/FreedTV/raw/main/tv/tv%20test.m3u",
      "type": "m3u",
      "subTitle": "",
      "click": true,
      "autoNext": false,
      "webOpen": false,
      "keyDownPlay": true,
      "keyUpPlay": true,
      "userAgent": "Mozilla/5.0 (Linux; U; Android 8.1.0; zh-cn; BLA-AL00 Build/HUAWEIBLA-AL00) AppleWebKit/537.36 (KHTML, like Gecko) Version/4.0 Chrome/93.0.4535.3 MQQBrowser/8.9 Mobile Safari/537.36",
      "ads": "",
      "decoder": 0,
      "webPlus": {}
    },
    {
      "name": "json测试源",
      "pic": "https://imgpub.chuangkit.com/materials/2021/08/30/24ee516b-b5a2-415d-ba65-ea35b613cbd2?x-oss-process=image/resize,w_200/format,webp",
      "webUrl": "https://github.com/eklins/FreedTV/raw/main/tv/tv%20test.json",
      "type": "json",
      "subTitle": "",
      "click": true,
      "autoNext": false,
      "webOpen": false,
      "keyDownPlay": true,
      "keyUpPlay": true,
      "userAgent": "Mozilla/5.0 (Linux; U; Android 8.1.0; zh-cn; BLA-AL00 Build/HUAWEIBLA-AL00) AppleWebKit/537.36 (KHTML, like Gecko) Version/4.0 Chrome/93.0.4535.3 MQQBrowser/8.9 Mobile Safari/537.36",
      "ads": "",
      "decoder": 0,
      "webPlus": {}
    },
    {
      "name": "直播•轮播后备json",
      "pic": "https://imgpub.chuangkit.com/materials/2021/09/15/75978b65-3340-4f8a-b146-8a5049febbd0?x-oss-process=image/resize,w_200/format,webp",
      "webUrl": "https://github.com/eklins/FreedTV/raw/main/tv/%E7%9B%B4%E6%92%AD%E3%80%81%E8%BD%AE%E6%92%AD%E5%90%8E%E5%A4%87.json",
      "type": "json",
      "subTitle": "",
      "click": true,
      "autoNext": false,
      "webOpen": false,
      "keyDownPlay": true,
      "keyUpPlay": true,
      "userAgent": "Mozilla/5.0 (Linux; U; Android 8.1.0; zh-cn; BLA-AL00 Build/HUAWEIBLA-AL00) AppleWebKit/537.36 (KHTML, like Gecko) Version/4.0 Chrome/93.0.4535.3 MQQBrowser/8.9 Mobile Safari/537.36",
      "ads": "",
      "decoder": 0,
      "webPlus": {}
    }
  ]
}
