{
  "data": [
    {
      "id": 1,
      "name": "闪电",
      "ad": "no",
      "url": "https://www.shankubf.com/m3u8/?url="
    },
    {
      "id": 1,
      "name": "无尽备用",
      "ad": "no",
      "url": "https://jx.wujinkk.com/dplayer/?url="
    },
    {
      "id": 1,
      "name": "无尽",
      "ad": "no",
      "url": "https://jx.xhswglobal.com/dplayer/?url="
    },
    {
      "id": 1,
      "name": "卧龙",
      "ad": "no",
      "url": "https://jx.wolongzywcdn.com:65/m3u8.php?url="
    },
    {
      "id": 1,
      "name": "百度",
      "ad": "no",
      "url": "https://jx.jxbdzyw.com/m3u8/?url="
    },
    {
      "id": 1,
      "name": "光速",
      "ad": "no",
      "url": "https://www.guangsujx.com/m3u8/?url="
    },
    {
      "id": 1,
      "name": "FOX",
      "ad": "no",
      "url": "https://www.foxbfq.com/dplayer/?url="
    },
    {
      "id": 1,
      "name": "猫眼",
      "ad": "no",
      "url": "https://jiexi.maoyanbf5.com/m3u8/?url="
    },
    {
      "id": 1,
      "name": "芒果",
      "ad": "no",
      "url": "https://mgm3u8-player.com/player/DPm3u8.php?url="
    },
    {
      "id": 1,
      "name": "爱播",
      "ad": "no",
      "url": "https://player.aibozyplayer.com/m3u8/?url="
    },
    {
      "id": 1,
      "name": "红牛P2P",
      "ad": "no",
      "url": "https://www.tutukiki.com/m3u8/?url="
    },
    {
      "id": 1,
      "name": "红牛备用",
      "ad": "no",
      "url": "https://www.hongniujiexi.com/m3u8/?url="
    },
    {
      "id": 1,
      "name": "想看H5",
      "ad": "no",
      "url": "https://lyw28.com/m3u8/?url="
    },
    {
      "id": 1,
      "name": "U酷",
      "ad": "no",
      "url": "https://api.ukubf.com/m3u8/?url="
    },
    {
      "id": 1,
      "name": "天空",
      "ad": "no",
      "url": "https://jx.huishij.com/yun/?url="
    },
    {
      "id": 1,
      "name": "酷点",
      "ad": "no",
      "url": "https://jx.kujiexi.net/m3u8.php?url="
    },
    {
      "id": 1,
      "name": "速更源（失效）",
      "ad": "no",
      "url": "https://wuxiezx.com/player/?url="
    },
    {
      "id": 1,
      "name": "新浪XL",
      "ad": "no",
      "url": "https://www.xinlangjiexi.com/m3u8/?url="
    },
    {
      "id": 1,
      "name": "番茄",
      "ad": "no",
      "url": "https://dp.fqplayer.com/dplayer/?url="
    },
    {
      "id": 1,
      "name": "鱼乐",
      "ad": "no",
      "url": "https://jx.ylbfq.com/dplayer/?url="
    },
    {
      "id": 1,
      "name": "探探",
      "ad": "no",
      "url": "https://jiexi.ttbfp1.com/m3u8/?url="
    },
    {
      "id": 1,
      "name": "MWO",
      "ad": "no",
      "url": "https://parse.mw0.cc/Bei/?url="
    },
    {
      "id": 1,
      "name": "猪蹄影院",
      "ad": "no",
      "url": "https://api.iztyy.com/jiexi/?url="
    },
    {
      "id": 1,
      "name": "自定义1",
      "ad": "no",
      "url": "https://vip.parwix.com:4433/player/?url="
    },
    {
      "id": 1,
      "name": "自定义2",
      "ad": "no",
      "url": "https://sb.5gseo.net/?url="
    },
    {
      "id": 1,
      "name": "自定义3",
      "ad": "no",
      "url": "https://okjx.cc/?url="
    },
    {
      "id": 1,
      "name": "自定义5",
      "ad": "no",
      "url": "https://jx.blbo.cc:4433/?url="
    },
    {
      "id": 1,
      "name": "自定义6",
      "ad": "no",
      "url": "https://www.ckmov.vip/api.php?url="
    },
    {
      "id": 1,
      "name": "自定义7",
      "ad": "no",
      "url": "https://www.mtosz.com/m3u8.php?url="
    },
    {
      "id": 1,
      "name": "自定义8",
      "ad": "no",
      "url": "https://www.pangujiexi.cc/jiexi.php?url="
    },
    {
      "id": 1,
      "name": "自定义9",
      "ad": "no",
      "url": "https://jiexi.us/?url="
    },
    {
      "id": 1,
      "name": "自定义10",
      "ad": "no",
      "url": "https://www.8090g.cn/?url="
    },
    {
      "id": 1,
      "name": "自定义19",
      "ad": "no",
      "url": "https://api.leduotv.com/wp-api/ifr.php?vid="
    },
    {
      "id": 1,
      "name": "自定义20",
      "ad": "no",
      "url": "https://sb.5gseo.net/?url="
    }
  ]
}
