{
  "data": [
    {
      "name": "88看球⚽",
      "pic": "https://encrypted-tbn0.gstatic.com/images?q=tbn:ANd9GcTEGOW5AYlX60GtRlcQMJVnrbQwda0pCcOM8g&usqp=CAU",
      "keyDownPlay": false,
      "keyUpPlay": false,
      "userAgent": "",
      "ads": "",
      "webUrl": "http://www.88kanqiu.cc/",
      "webOpen": true,
      "click": true
    },
    {
      "name": "优直播⚽",
      "pic": "https://encrypted-tbn0.gstatic.com/images?q=tbn:ANd9GcQpL8M9RTVz9LX_1VqkxuVovt-2Rcx61cyuXA&usqp=CAU",
      "keyDownPlay": false,
      "keyUpPlay": false,
      "userAgent": "Mozilla/5.0 (Linux; U; Android 8.1.0; zh-cn; BLA-AL00 Build/HUAWEIBLA-AL00) AppleWebKit/537.36 (KHTML, like Gecko) Version/4.0 Chrome/57.0.2987.132 MQQBrowser/8.9 Mobile Safari/537.36",
      "ads": "",
      "webUrl": "https://www.yoozhibo.com/zuqiu/",
      "webOpen": true,
      "click": true
    },
    {
      "name": "515直播⚽",
      "pic": "https://encrypted-tbn0.gstatic.com/images?q=tbn:ANd9GcTuAKQ4dmSfdmdc2vE80tD2tU7wfMtU86PI4g&usqp=CAU",
      "keyDownPlay": false,
      "keyUpPlay": false,
      "userAgent": "Mozilla/5.0 (Linux; U; Android 8.1.0; zh-cn; BLA-AL00 Build/HUAWEIBLA-AL00) AppleWebKit/537.36 (KHTML, like Gecko) Version/4.0 Chrome/57.0.2987.132 MQQBrowser/8.9 Mobile Safari/537.36",
      "ads": "",
      "webUrl": "http://www.515.tv/",
      "webOpen": true,
      "click": true
    },
    {
      "name": "黑白直播⚽",
      "pic": "https://encrypted-tbn0.gstatic.com/images?q=tbn:ANd9GcSAlev9HNyw0K_cKpD-TAx5395jYwcaiTceGA&usqp=CAU",
      "keyDownPlay": false,
      "keyUpPlay": false,
      "userAgent": "Mozilla/5.0 (Linux; U; Android 8.1.0; zh-cn; BLA-AL00 Build/HUAWEIBLA-AL00) AppleWebKit/537.36 (KHTML, like Gecko) Version/4.0 Chrome/57.0.2987.132 MQQBrowser/8.9 Mobile Safari/537.36",
      "ads": "",
      "webUrl": "https://www.hbzb666.com/live/soccer",
      "webOpen": true,
      "click": true
    },
    {
      "name": "310直播⚽",
      "pic": "https://encrypted-tbn0.gstatic.com/images?q=tbn:ANd9GcQtoS7e-cgtq4LRAru6P-b5aeUXduZdwYZoUQ&usqp=CAU",
      "keyDownPlay": false,
      "keyUpPlay": false,
      "userAgent": "Mozilla/5.0 (Linux; U; Android 8.1.0; zh-cn; BLA-AL00 Build/HUAWEIBLA-AL00) AppleWebKit/537.36 (KHTML, like Gecko) Version/4.0 Chrome/57.0.2987.132 MQQBrowser/8.9 Mobile Safari/537.36",
      "ads": "",
      "webUrl": "http://www.310.tv/",
      "webOpen": true,
      "click": true
    },
    {
      "name": "JRS直播⚽",
      "pic": "https://encrypted-tbn0.gstatic.com/images?q=tbn:ANd9GcTK1ai78YhybmERMMuv6NkrcVkvYNcsufZyuw&usqp=CAU",
      "keyDownPlay": false,
      "keyUpPlay": false,
      "userAgent": "Mozilla/5.0 (Linux; U; Android 8.1.0; zh-cn; BLA-AL00 Build/HUAWEIBLA-AL00) AppleWebKit/537.36 (KHTML, like Gecko) Version/4.0 Chrome/57.0.2987.132 MQQBrowser/8.9 Mobile Safari/537.36",
      "ads": "",
      "webUrl": "http://www.jrszhibo2018.com/",
      "webOpen": true,
      "click": true
    },
    {
      "name": "乐视吧⚽",
      "pic": "https://encrypted-tbn0.gstatic.com/images?q=tbn:ANd9GcS2iDId3aMw0ewnTpWtZj2gxJ9HLffIN-B1jA&usqp=CAU",
      "keyDownPlay": false,
      "keyUpPlay": false,
      "userAgent": "Mozilla/5.0 (Linux; U; Android 8.1.0; zh-cn; BLA-AL00 Build/HUAWEIBLA-AL00) AppleWebKit/537.36 (KHTML, like Gecko) Version/4.0 Chrome/57.0.2987.132 MQQBrowser/8.9 Mobile Safari/537.36",
      "ads": "",
      "webUrl": "https://my.letv8.cc/list.html?id=1",
      "webOpen": true,
      "click": true
    },
    {
      "name": "考古纪录片",
      "pic": "https://encrypted-tbn0.gstatic.com/images?q=tbn:ANd9GcR2JbDAisQCMVx6Q-zJ9SxT7aEfVGHZA7Jh9A&usqp=CAU",
      "keyDownPlay": false,
      "keyUpPlay": false,
      "userAgent": "Mozilla/5.0 (Linux; U; Android 8.1.0; zh-cn; BLA-AL00 Build/HUAWEIBLA-AL00) AppleWebKit/537.36 (KHTML, like Gecko) Version/4.0 Chrome/57.0.2987.132 MQQBrowser/8.9 Mobile Safari/537.36",
      "ads": "",
      "webUrl": "https://youtube.com/playlist?list=PL30o6wc1jf3E5Q9ueXN1--4BYphMNZXbw",
      "webOpen": true,
      "click": true
    },
    {
      "name": "探索♦考古进行时",
      "pic": "https://encrypted-tbn0.gstatic.com/images?q=tbn:ANd9GcTAsdVks1KwC64rG-jRRvBU75rY-3NsuolBIw&usqp=CAU",
      "keyDownPlay": false,
      "keyUpPlay": false,
      "userAgent": "Mozilla/5.0 (Linux; U; Android 8.1.0; zh-cn; BLA-AL00 Build/HUAWEIBLA-AL00) AppleWebKit/537.36 (KHTML, like Gecko) Version/4.0 Chrome/57.0.2987.132 MQQBrowser/8.9 Mobile Safari/537.36",
      "ads": "",
      "webUrl": "https://youtube.com/playlist?list=PLANl3ClKhxfHZ2rjZmYElYpte-3CzzTFD",
      "webOpen": true,
      "click": true
    },
    {
      "name": "经典传奇2022",
      "pic": "https://encrypted-tbn0.gstatic.com/images?q=tbn:ANd9GcRpv_DK_N7CBG1QDaQ9IP9fItgWooV5LOIFPA&usqp=CAU",
      "keyDownPlay": false,
      "keyUpPlay": false,
      "userAgent": "Mozilla/5.0 (Linux; U; Android 8.1.0; zh-cn; BLA-AL00 Build/HUAWEIBLA-AL00) AppleWebKit/537.36 (KHTML, like Gecko) Version/4.0 Chrome/57.0.2987.132 MQQBrowser/8.9 Mobile Safari/537.36",
      "ads": "",
      "webUrl": "https://youtube.com/playlist?list=PLWyKG_HBHHZk0flIIrA6ZKMUAPH51ESDm",
      "webOpen": true,
      "click": true
    },
    {
      "name": "经典传奇2021",
      "pic": "https://encrypted-tbn0.gstatic.com/images?q=tbn:ANd9GcRpv_DK_N7CBG1QDaQ9IP9fItgWooV5LOIFPA&usqp=CAU",
      "keyDownPlay": false,
      "keyUpPlay": false,
      "userAgent": "Mozilla/5.0 (Linux; U; Android 8.1.0; zh-cn; BLA-AL00 Build/HUAWEIBLA-AL00) AppleWebKit/537.36 (KHTML, like Gecko) Version/4.0 Chrome/57.0.2987.132 MQQBrowser/8.9 Mobile Safari/537.36",
      "ads": "",
      "webUrl": "https://youtube.com/playlist?list=PLWyKG_HBHHZkdLT1V4APYUugvM3GvX2xY",
      "webOpen": true,
      "click": true
    },
    {
      "name": "经典传奇2020",
      "pic": "https://encrypted-tbn0.gstatic.com/images?q=tbn:ANd9GcRpv_DK_N7CBG1QDaQ9IP9fItgWooV5LOIFPA&usqp=CAU",
      "keyDownPlay": false,
      "keyUpPlay": false,
      "userAgent": "Mozilla/5.0 (Linux; U; Android 8.1.0; zh-cn; BLA-AL00 Build/HUAWEIBLA-AL00) AppleWebKit/537.36 (KHTML, like Gecko) Version/4.0 Chrome/57.0.2987.132 MQQBrowser/8.9 Mobile Safari/537.36",
      "ads": "",
      "webUrl": "https://youtube.com/playlist?list=PLWyKG_HBHHZkSghx2I-wlKVuyjPM1aU0y",
      "webOpen": true,
      "click": true
    },
    {
      "name": "经典传奇2018-2019",
      "pic": "https://encrypted-tbn0.gstatic.com/images?q=tbn:ANd9GcQBUG-TByorWW3iBHyrutNm-jmp_EkoGPnB7g&usqp=CAU",
      "keyDownPlay": false,
      "keyUpPlay": false,
      "userAgent": "Mozilla/5.0 (Linux; U; Android 8.1.0; zh-cn; BLA-AL00 Build/HUAWEIBLA-AL00) AppleWebKit/537.36 (KHTML, like Gecko) Version/4.0 Chrome/57.0.2987.132 MQQBrowser/8.9 Mobile Safari/537.36",
      "ads": "",
      "webUrl": "https://youtube.com/playlist?list=PLWyKG_HBHHZnu_Vab2Ga5dvnek8Bog1gj",
      "webOpen": true,
      "click": true
    },
    {
      "name": "经典传奇2017",
      "pic": "https://encrypted-tbn0.gstatic.com/images?q=tbn:ANd9GcQBUG-TByorWW3iBHyrutNm-jmp_EkoGPnB7g&usqp=CAU",
      "keyDownPlay": false,
      "keyUpPlay": false,
      "userAgent": "Mozilla/5.0 (Linux; U; Android 8.1.0; zh-cn; BLA-AL00 Build/HUAWEIBLA-AL00) AppleWebKit/537.36 (KHTML, like Gecko) Version/4.0 Chrome/57.0.2987.132 MQQBrowser/8.9 Mobile Safari/537.36",
      "ads": "",
      "webUrl": "https://youtube.com/playlist?list=PLWyKG_HBHHZlO2KiWE0d7VeRVLSahQdjK",
      "webOpen": true,
      "click": true
    },
    {
      "name": "经典传奇2016",
      "pic": "https://encrypted-tbn0.gstatic.com/images?q=tbn:ANd9GcQBUG-TByorWW3iBHyrutNm-jmp_EkoGPnB7g&usqp=CAU",
      "keyDownPlay": false,
      "keyUpPlay": false,
      "userAgent": "Mozilla/5.0 (Linux; U; Android 8.1.0; zh-cn; BLA-AL00 Build/HUAWEIBLA-AL00) AppleWebKit/537.36 (KHTML, like Gecko) Version/4.0 Chrome/57.0.2987.132 MQQBrowser/8.9 Mobile Safari/537.36",
      "ads": "",
      "webUrl": "https://youtube.com/playlist?list=PLWyKG_HBHHZmRc6K7JQ_djcrcZ9wzqwTn",
      "webOpen": true,
      "click": true
    },
    {
      "name": "二分之一强",
      "pic": "https://encrypted-tbn0.gstatic.com/images?q=tbn:ANd9GcSLtiQr-NlRkNxd20uSu12mLwA3TbGP3ezUjg&usqp=CAU",
      "keyDownPlay": false,
      "keyUpPlay": false,
      "userAgent": "Mozilla/5.0 (Linux; U; Android 8.1.0; zh-cn; BLA-AL00 Build/HUAWEIBLA-AL00) AppleWebKit/537.36 (KHTML, like Gecko) Version/4.0 Chrome/57.0.2987.132 MQQBrowser/8.9 Mobile Safari/537.36",
      "ads": "",
      "webUrl": "https://youtube.com/playlist?list=PLyi-Ztspx3ak8Y5MFFSlMiUi4hSAUjVCl",
      "webOpen": true,
      "click": true
    },
    {
      "name": "济公（台语）周明增",
      "pic": "https://encrypted-tbn0.gstatic.com/images?q=tbn:ANd9GcThUoeeNc6sh8ES4irpJVxgkh4gn-PBz1NrpA&usqp=CAU",
      "keyDownPlay": true,
      "keyUpPlay": true,
      "userAgent": "Mozilla/5.0 (Linux; U; Android 8.1.0; zh-cn; BLA-AL00 Build/HUAWEIBLA-AL00) AppleWebKit/537.36 (KHTML, like Gecko) Version/4.0 Chrome/57.0.2987.132 MQQBrowser/8.9 Mobile Safari/537.36",
      "ads": "",
      "webUrl": "https://youtube.com/playlist?list=PL30o6wc1jf3G1HGqmDMadnfhrVRk-aJir",
      "webOpen": true,
      "click": true
    },
    {
      "name": "中天新闻",
      "pic": "https://encrypted-tbn0.gstatic.com/images?q=tbn:ANd9GcT31DH1ouN_B4TKVE5IQvVOB5NNTzm7MLPiWg&usqp=CAUrV-7jvRxGQ",
      "keyDownPlay": false,
      "keyUpPlay": false,
      "userAgent": "Mozilla/5.0 (Linux; U; Android 8.1.0; zh-cn; BLA-AL00 Build/HUAWEIBLA-AL00) AppleWebKit/537.36 (KHTML, like Gecko) Version/4.0 Chrome/57.0.2987.132 MQQBrowser/8.9 Mobile Safari/537.36",
      "ads": "",
      "webUrl": "https://youtu.be/_QbRXRnHMVY",
      "webOpen": true,
      "click": true
    },
    {
      "name": "YouTube",
      "pic": "https://encrypted-tbn0.gstatic.com/images?q=tbn:ANd9GcSwK_TMom4MEq9GrwA4uRP4q9cl2vSD5WlgMw&usqp=CAU",
      "keyDownPlay": false,
      "keyUpPlay": false,
      "userAgent": "Mozilla/5.0 (Linux; U; Android 8.1.0; zh-cn; BLA-AL00 Build/HUAWEIBLA-AL00) AppleWebKit/537.36 (KHTML, like Gecko) Version/4.0 Chrome/57.0.2987.132 MQQBrowser/8.9 Mobile Safari/537.36",
      "ads": "",
      "webUrl": "https://youtu.be/",
      "webOpen": true,
      "click": true
    },
    {
      "name": "Google",
      "pic": "https://encrypted-tbn0.gstatic.com/images?q=tbn:ANd9GcQ_H7hpxx4hQumZkg2Vcss5buGgww3KB3YxEw&usqp=CAU",
      "keyDownPlay": false,
      "keyUpPlay": false,
      "userAgent": "PC",
      "ads": "",
      "webUrl": "https://www.google.com/",
      "webOpen": true,
      "click": true
    },
    {
      "name": "焱冰（18X）",
      "pic": "https://encrypted-tbn0.gstatic.com/images?q=tbn:ANd9GcT_o20rNCKy3opdrBShyA1-p-j2h9iaOgjdvg&usqp=CAU",
      "keyDownPlay": false,
      "keyUpPlay": false,
      "userAgent": "Mozilla/5.0 (Linux; U; Android 8.1.0; zh-cn; BLA-AL00 Build/HUAWEIBLA-AL00) AppleWebKit/537.36 (KHTML, like Gecko) Version/4.0 Chrome/57.0.2987.132 MQQBrowser/8.9 Mobile Safari/537.36",
      "ads": "",
      "webUrl": "http://www.275hd.com/",
      "webOpen": true,
      "click": true
    },
    {
      "name": "StripChat",
      "pic": "https://encrypted-tbn0.gstatic.com/images?q=tbn:ANd9GcSooxV_gUDvJ0ERWBFzyvQrZywzXQhNNsV7Bg&usqp=CAU",
      "keyDownPlay": false,
      "keyUpPlay": false,
      "userAgent": "Mozilla/5.0 (Linux; U; Android 8.1.0; zh-cn; BLA-AL00 Build/HUAWEIBLA-AL00) AppleWebKit/537.36 (KHTML, like Gecko) Version/4.0 Chrome/57.0.2987.132 MQQBrowser/8.9 Mobile Safari/537.36",
      "ads": "",
      "webUrl": "https://zh.stripchat.global/",
      "webOpen": true,
      "click": true
    },
    {
      "name": "AZNude",
      "pic": "https://encrypted-tbn0.gstatic.com/images?q=tbn:ANd9GcRkOiJ2JL3ZXMja0edLQdQXXNqtgjTvpgZYUQ&usqp=CAU",
      "keyDownPlay": false,
      "keyUpPlay": false,
      "userAgent": "Mozilla/5.0 (Linux; U; Android 8.1.0; zh-cn; BLA-AL00 Build/HUAWEIBLA-AL00) AppleWebKit/537.36 (KHTML, like Gecko) Version/4.0 Chrome/57.0.2987.132 MQQBrowser/8.9 Mobile Safari/537.36",
      "ads": "",
      "webUrl": "https://www.aznude.com/",
      "webOpen": true,
      "click": true
    },
    {
      "name": "KTK卡通站",
      "pic": "https://encrypted-tbn0.gstatic.com/images?q=tbn:ANd9GcSy7aiJ4UQK5jVtQYWjzhm7KnwOa8f7v-3dhA&usqp=CAU",
      "keyDownPlay": false,
      "keyUpPlay": false,
      "userAgent": "Mozilla/5.0 (Linux; U; Android 8.1.0; zh-cn; BLA-AL00 Build/HUAWEIBLA-AL00) AppleWebKit/537.36 (KHTML, like Gecko) Version/4.0 Chrome/57.0.2987.132 MQQBrowser/8.9 Mobile Safari/537.36",
      "ads": "",
      "webUrl": "https://www.ktkkt.top/",
      "webOpen": true,
      "click": true
    },
    {
      "name": "TVB卡通站",
      "pic": "https://encrypted-tbn0.gstatic.com/images?q=tbn:ANd9GcSy7aiJ4UQK5jVtQYWjzhm7KnwOa8f7v-3dhA&usqp=CAU",
      "keyDownPlay": false,
      "keyUpPlay": false,
      "userAgent": "Mozilla/5.0 (Linux; U; Android 8.1.0; zh-cn; BLA-AL00 Build/HUAWEIBLA-AL00) AppleWebKit/537.36 (KHTML, like Gecko) Version/4.0 Chrome/57.0.2987.132 MQQBrowser/8.9 Mobile Safari/537.36",
      "ads": "",
      "webUrl": "https://www.tvbkt.cc/",
      "webOpen": true,
      "click": true
    },
    {
      "name": "人人美剧7",
      "pic": "https://encrypted-tbn0.gstatic.com/images?q=tbn:ANd9GcS_49_g4gb9khQ7AFj537z2v9VjDZf0qsOfsg&usqp=CAU",
      "keyDownPlay": false,
      "keyUpPlay": false,
      "userAgent": "Mozilla/5.0 (Linux; U; Android 8.1.0; zh-cn; BLA-AL00 Build/HUAWEIBLA-AL00) AppleWebKit/537.36 (KHTML, like Gecko) Version/4.0 Chrome/57.0.2987.132 MQQBrowser/8.9 Mobile Safari/537.36",
      "ads": "",
      "webUrl": "https://kan.meiju7.com/",
      "webOpen": true,
      "click": true
    },
    {
      "name": "UU粤语网",
      "pic": "https://encrypted-tbn0.gstatic.com/images?q=tbn:ANd9GcRNTiekVDhUrhcgiSOyq5MP4MTlP6fiJ6eEyw&usqp=CAU",
      "keyDownPlay": false,
      "keyUpPlay": false,
      "userAgent": "Mozilla/5.0 (Linux; U; Android 8.1.0; zh-cn; BLA-AL00 Build/HUAWEIBLA-AL00) AppleWebKit/537.36 (KHTML, like Gecko) Version/4.0 Chrome/57.0.2987.132 MQQBrowser/8.9 Mobile Safari/537.36",
      "ads": "",
      "webUrl": "https://www.uuyuuy.com/",
      "webOpen": true,
      "click": true
    },
    {
      "name": "港剧社8090",
      "pic": "https://encrypted-tbn0.gstatic.com/images?q=tbn:ANd9GcRNTiekVDhUrhcgiSOyq5MP4MTlP6fiJ6eEyw&usqp=CAU",
      "keyDownPlay": false,
      "keyUpPlay": false,
      "userAgent": "Mozilla/5.0 (Linux; U; Android 8.1.0; zh-cn; BLA-AL00 Build/HUAWEIBLA-AL00) AppleWebKit/537.36 (KHTML, like Gecko) Version/4.0 Chrome/57.0.2987.132 MQQBrowser/8.9 Mobile Safari/537.36",
      "ads": "",
      "webUrl": "https://m.tvbs.cc/",
      "webOpen": true,
      "click": true
    },
    {
      "name": "欧乐影院",
      "pic": "https://encrypted-tbn0.gstatic.com/images?q=tbn:ANd9GcRNTiekVDhUrhcgiSOyq5MP4MTlP6fiJ6eEyw&usqp=CAU",
      "keyDownPlay": false,
      "keyUpPlay": false,
      "userAgent": "Mozilla/5.0 (Linux; U; Android 8.1.0; zh-cn; BLA-AL00 Build/HUAWEIBLA-AL00) AppleWebKit/537.36 (KHTML, like Gecko) Version/4.0 Chrome/57.0.2987.132 MQQBrowser/8.9 Mobile Safari/537.36",
      "ads": "",
      "webUrl": "https://www.olevod.com/",
      "webOpen": true,
      "click": true
    },
    {
      "name": "小宝影院",
      "pic": "https://encrypted-tbn0.gstatic.com/images?q=tbn:ANd9GcRNTiekVDhUrhcgiSOyq5MP4MTlP6fiJ6eEyw&usqp=CAU",
      "keyDownPlay": false,
      "keyUpPlay": false,
      "userAgent": "Mozilla/5.0 (Linux; U; Android 8.1.0; zh-cn; BLA-AL00 Build/HUAWEIBLA-AL00) AppleWebKit/537.36 (KHTML, like Gecko) Version/4.0 Chrome/57.0.2987.132 MQQBrowser/8.9 Mobile Safari/537.36",
      "ads": "",
      "webUrl": "https://xiaoheimi.net/",
      "webOpen": true,
      "click": true
    },
    {
      "name": "努努影院",
      "pic": "https://encrypted-tbn0.gstatic.com/images?q=tbn:ANd9GcRNTiekVDhUrhcgiSOyq5MP4MTlP6fiJ6eEyw&usqp=CAU",
      "keyDownPlay": false,
      "keyUpPlay": false,
      "userAgent": "Mozilla/5.0 (Linux; U; Android 8.1.0; zh-cn; BLA-AL00 Build/HUAWEIBLA-AL00) AppleWebKit/537.36 (KHTML, like Gecko) Version/4.0 Chrome/57.0.2987.132 MQQBrowser/8.9 Mobile Safari/537.36",
      "ads": "",
      "webUrl": "https://www.nnyy6.top/",
      "webOpen": true,
      "click": true
    },
    {
      "name": "枫林网",
      "pic": "https://encrypted-tbn0.gstatic.com/images?q=tbn:ANd9GcRNTiekVDhUrhcgiSOyq5MP4MTlP6fiJ6eEyw&usqp=CAU",
      "keyDownPlay": false,
      "keyUpPlay": false,
      "userAgent": "Mozilla/5.0 (Linux; U; Android 8.1.0; zh-cn; BLA-AL00 Build/HUAWEIBLA-AL00) AppleWebKit/537.36 (KHTML, like Gecko) Version/4.0 Chrome/57.0.2987.132 MQQBrowser/8.9 Mobile Safari/537.36",
      "ads": "",
      "webUrl": "https://imaple.co/",
      "webOpen": true,
      "click": true
    },
    {
      "name": "Auete影视",
      "pic": "https://encrypted-tbn0.gstatic.com/images?q=tbn:ANd9GcRNTiekVDhUrhcgiSOyq5MP4MTlP6fiJ6eEyw&usqp=CAU",
      "keyDownPlay": false,
      "keyUpPlay": false,
      "userAgent": "Mozilla/5.0 (Linux; U; Android 8.1.0; zh-cn; BLA-AL00 Build/HUAWEIBLA-AL00) AppleWebKit/537.36 (KHTML, like Gecko) Version/4.0 Chrome/57.0.2987.132 MQQBrowser/8.9 Mobile Safari/537.36",
      "ads": "",
      "webUrl": "https://auete.com/",
      "webOpen": true,
      "click": true
    },
    {
      "name": "韩剧宝",
      "pic": "https://encrypted-tbn0.gstatic.com/images?q=tbn:ANd9GcRNTiekVDhUrhcgiSOyq5MP4MTlP6fiJ6eEyw&usqp=CAU",
      "keyDownPlay": false,
      "keyUpPlay": false,
      "userAgent": "Mozilla/5.0 (Linux; U; Android 8.1.0; zh-cn; BLA-AL00 Build/HUAWEIBLA-AL00) AppleWebKit/537.36 (KHTML, like Gecko) Version/4.0 Chrome/57.0.2987.132 MQQBrowser/8.9 Mobile Safari/537.36",
      "ads": "",
      "webUrl": "https://www.hanjubo.com/",
      "webOpen": true,
      "click": true
    },
    {
      "name": "蛋蛋赞影院",
      "pic": "https://encrypted-tbn0.gstatic.com/images?q=tbn:ANd9GcRNTiekVDhUrhcgiSOyq5MP4MTlP6fiJ6eEyw&usqp=CAU",
      "keyDownPlay": false,
      "keyUpPlay": false,
      "userAgent": "Mozilla/5.0 (Linux; U; Android 8.1.0; zh-cn; BLA-AL00 Build/HUAWEIBLA-AL00) AppleWebKit/537.36 (KHTML, like Gecko) Version/4.0 Chrome/57.0.2987.132 MQQBrowser/8.9 Mobile Safari/537.36",
      "ads": "",
      "webUrl": "https://www.dandanzan10.top/",
      "webOpen": true,
      "click": true
    },
    {
      "name": "西瓜视频(Web)",
      "pic": "https://imgpub.chuangkit.com/materials/2021/08/30/24ee516b-b5a2-415d-ba65-ea35b613cbd2?x-oss-process=image/resize,w_200/format,webp",
      "ads": "",
      "webUrl": "https://www.ixigua.com/channel/dianying/",
      "webOpen": true,
      "click": true
    },
    {
      "name": "长资源(Web)",
      "pic": "https://imgpub.chuangkit.com/materials/2021/08/30/24ee516b-b5a2-415d-ba65-ea35b613cbd2?x-oss-process=image/resize,w_200/format,webp",
      "type": "webPlug",
      "ads": "",
      "webUrl": "https://www.qianoo.cn/",
      "webOpen": true,
      "click": true
    },
    {
      "name": "低端影视(Web)",
      "pic": "https://imgpub.chuangkit.com/materials/2021/08/30/24ee516b-b5a2-415d-ba65-ea35b613cbd2?x-oss-process=image/resize,w_200/format,webp",
      "type": "webPlug",
      "ads": "https://ddrk.me/mtp/0712_s.jpg,https://ddrk.me/mtp/0712_h.jpg",
      "webUrl": "https://ddrk.me",
      "webOpen": true,
      "click": true
    },
    {
      "name": "zzzfun(Web)",
      "pic": "https://imgpub.chuangkit.com/materials/2021/08/30/24ee516b-b5a2-415d-ba65-ea35b613cbd2?x-oss-process=image/resize,w_200/format,webp",
      "type": "webPlug",
      "ads": "ad,https://nfxhd.com/pic/p.gif",
      "webUrl": "http://www.zzzfun.com/",
      "webOpen": true,
      "click": true
    },
    {
      "name": "百度搜索(Web)",
      "pic": "https://imgpub.chuangkit.com/materials/2021/09/15/75978b65-3340-4f8a-b146-8a5049febbd0?x-oss-process=image/resize,w_200/format,webp",
      "keyDownPlay": false,
      "keyUpPlay": false,
      "userAgent": "PC",
      "ads": "",
      "webUrl": "https://www.baidu.com/",
      "webOpen": true,
      "click": true
    },
    {
      "name": "央视直播(Web)",
      "pic": "https://imgpub.chuangkit.com/materials/2021/09/15/75978b65-3340-4f8a-b146-8a5049febbd0?x-oss-process=image/resize,w_200/format,webp",
      "keyDownPlay": false,
      "keyUpPlay": false,
      "userAgent": "PC",
      "ads": "",
      "webUrl": "https://tv.cctv.com/live/",
      "webOpen": true,
      "click": true
    },
    {
      "name": "虎牙一起看(Web)",
      "pic": "https://imgpub.chuangkit.com/materials/2021/08/17/b2e6c85e-27e4-461b-bc3b-3cef6b6a2d4e?x-oss-process=image/resize,w_200/format,webp",
      "keyDownPlay": false,
      "keyUpPlay": false,
      "userAgent": "PC",
      "ads": "",
      "webUrl": "https://www.huya.com/g/seeTogether",
      "webOpen": true,
      "click": true
    },
    {
      "name": "斗鱼一起看(Web)",
      "pic": "https://imgpub.chuangkit.com/materials/2021/08/17/b2e6c85e-27e4-461b-bc3b-3cef6b6a2d4e?x-oss-process=image/resize,w_200/format,webp",
      "keyDownPlay": false,
      "keyUpPlay": false,
      "userAgent": "PC",
      "ads": "",
      "webUrl": "https://www.douyu.com/g_yqk",
      "webOpen": true,
      "click": true
    },
    {
      "name": "哔哩哔哩一起看(Web)",
      "pic": "https://imgpub.chuangkit.com/materials/2021/08/17/b2e6c85e-27e4-461b-bc3b-3cef6b6a2d4e?x-oss-process=image/resize,w_200/format,webp",
      "keyDownPlay": false,
      "keyUpPlay": false,
      "userAgent": "PC",
      "ads": "",
      "webUrl": "https://live.bilibili.com/p/eden/area-tags?visit_id=c6opq06jels0&areaId=33&parentAreaId=10",
      "webOpen": true,
      "click": true
    },
    {
      "name": "企鹅一起看(Web)",
      "pic": "https://imgpub.chuangkit.com/materials/2021/08/17/b2e6c85e-27e4-461b-bc3b-3cef6b6a2d4e?x-oss-process=image/resize,w_200/format,webp",
      "keyDownPlay": false,
      "keyUpPlay": false,
      "userAgent": "PC",
      "ads": "",
      "webUrl": "https://egame.qq.com/livelist?layoutid=2000000110",
      "webOpen": true,
      "click": true
    }
  ]
}
