{
  "data": [
    {
      "id": 1,
      "name": "影派资源",
      "url": "https://v.dtjos.com/api.php/provide/vod/at/xml",
      "cate": "国产剧,13&&日韩剧,15&&港台剧,14&&欧美剧,16&&国产动漫,21&&日本动漫,22&&综艺,3&&动作片,6&&喜剧片,7&&爱情片,8&&科幻片,9&&恐怖片,10&&剧情片,11&&战争片,12&&动漫,4",
      "click": true,
      "wePlus": {}
    },
    {
      "id": 1,
      "name": "※百度云",
      "url": "https://m3u8.apibdzy.com/api.php/provide/vod/at/xml",
      "cate": "国产剧,32&&韩国剧,59&&记录片,30&&台湾剧,58&&美国剧,35&&日本剧,34&&国产动漫,42&&日韩动漫,43&&欧美动漫,44&&动作片,21&&喜剧片,22&&爱情片,23&&科幻片,24&&恐怖片,25&&动画电影,28&&大陆综艺,37&&日韩综艺,38",
      "click": true,
      "wePlus": {}
    },
    {
      "id": 1,
      "name": "唐朝资源",
      "url": "https://tangchaozy.vip/api.php/provide/vod/at/xml",
      "cate": "国产剧,13&&日韩剧,15&&美国剧,16&&综艺,3&&动漫,4&&动作片,6&&喜剧片,7&&爱情片,8&&科幻片,9&&恐怖片,10",
      "click": true,
      "wePlus": {}
    },
    {
      "id": 1,
      "name": "※天空云",
      "url": "https://api.tiankongapi.com/api.php/provide/vod/at/xml/from/tkm3u8/",
      "cate": "国产剧,13&&韩国剧,26&&记录片,32&&台湾剧,15&&美国剧,16&&日本剧,24&&国产动漫,28&&日本动漫,29&&欧美动漫,30&&动作片,6&&喜剧片,7&&爱情片,8&&科幻片,9&&恐怖片,10&&大陆综艺,33&&日韩综艺,34",
      "click": true,
      "wePlus": {}
    },
    {
      "id": 1,
      "name": "八戒云",
      "url": "http://cj.bajiecaiji.com/inc/bjm3u8.php",
      "cate": "国产剧,12&&韩国剧,15&&纪录片,99&&欧美剧,17&&台湾剧,14&&日本剧,16&&香港剧,13&&海外剧,42&&港台综艺,98&&国外综艺,97&&大陆综艺,96&&国产动漫,91&&日本动漫,92&&欧美动漫,93&&其他动漫,94&&动画片,100&&微电影,19&&动作片,5&&喜剧片,6&&爱情片,7&&科幻片,8&&恐怖片,9&&奇幻片,10&&剧情片,11&&战争片,101",
      "click": true,
      "wePlus": {}
    },
    {
      "id": 1,
      "name": "※快播云",
      "url": "http://www.kuaibozy.com/api.php/provide/vod/from/kbm3u8/at/xml/",
      "cate": "国产剧,13&&日韩剧,15&&纪录片,21&&欧美剧,16&&港台剧,14&&泰剧,20&&综艺,3&&动漫,4&&动作片,6&&喜剧片,7&&爱情片,8&&科幻片,9&&恐怖片,10&&剧情片,11&&战争片,12",
      "click": true,
      "wePlus": {}
    },
    {
      "id": 1,
      "name": "88云",
      "url": "http://www.88zyw.net/inc/m3u8.php",
      "cate": "国产剧,12&&日韩剧,14&&纪录片,20&&欧美剧,15&&港台剧,13&&东南亚剧,16&&国产动漫,22&&日本动漫,21&&欧美动漫,23&&综艺,3&&欧美片,25&&动作片,5&&喜剧片,6&&爱情片,7&&科幻片,8&&恐怖片,9&&剧情片,10&&战争片,11&&",
      "click": true,
      "wePlus": {}
    },
    {
      "id": 1,
      "name": "红牛资源网",
      "url": "http://www.hongniuzy.com/inc/seacms.php",
      "cate": "国产剧,12&&韩剧,18&&日剧,14&&欧美剧,15&&台湾剧,16&&港澳剧,13&&泰剧,17&&动漫,4&&综艺,3&&动作片,5&&喜剧片,6&&爱情片,7&&科幻片,8&&恐怖片,9&&剧情片,10&&战争片,11",
      "click": true,
      "wePlus": {}
    },
    {
      "id": 1,
      "name": "1886资源",
      "url": "http://cj.1886zy.co/inc/api.php",
      "cate": "国产剧,12&&韩剧,17&&纪录片,23&&日剧,14&&欧美剧,15&&台剧,18&&港剧,13&&泰剧,20&&动漫,4&&综艺,3&&动作片,5&&喜剧片,6&&爱情片,7&&科幻片,8&&恐怖片,9&&剧情片,10&&战争片,11&&奇幻片,24",
      "click": true,
      "wePlus": {}
    },
    {
    "id": 1,
    "name": "789盘",
    "url": "http://cms.789pan.cn/api.php/provide/vod/at/xml",
    "cate": "国产剧,13&&日韩剧,15&&欧美剧,16&&港台剧,14&&动漫,4&&综艺,3&&动作片,6&&喜剧片,7&&爱情片,8&&科幻片,9&&恐怖片,10&&剧情片,11&&战争片,12",
    "click": true,
    "wePlus": {}
    },
    {
      "id": 1,
      "name": "沃酷云",
      "url": "http://api.wokuzy.com/api/xml/wokum3u8_s",
      "cate": "国产剧,14&&韩国剧,16&&美国剧,17&&日本剧,19&&动漫,4&&综艺,3&&动作片,5&&喜剧片,6&&爱情片,7&&科幻片,8&&恐怖片,9",
      "click": true,
      "wePlus": {}
    },
    {
      "id": 1,
      "name": "麻花资源",
      "url": "https://www.mhapi123.com/inc/api.php",
      "cate": "国产剧,12&&韩剧,14&&台湾剧,13&&记录片,20&&欧美剧,15&&日剧,18&&香港剧,16&&泰剧,17&&综艺,3&&国产动漫,40&&日韩动漫,39&&欧美动漫,47&&动画片,41&&动作片,5&&喜剧片,6&&爱情片,7&&科幻片,8&&恐怖片,9&&剧情片,10&&战争片,11",
      "click": true,
      "wePlus": {}
    },
    {
    "id": 1,
    "name": "※被窝影视",
    "url": "https://www.beiwoysw.com/api.php/provide/vod/at/xml",
    "cate": "国产剧,13&&日韩剧,15&&纪录片,20&&港台剧,14&&欧美剧,16&&泰国剧,66&&连续剧,2&&纪录片,20&&国产动漫,24&&日韩动漫,25&&欧美动漫,26&&港台动漫,32&&海外动漫,33&&a动画片,34&&动漫电影,65&&内地综艺,28&&港台综艺,29&&日韩综艺,30&&欧美综艺,31&&综艺,3&&动作片,6&&喜剧片,7&&爱情片,8&&科幻片,9&&恐怖片,10&&剧情片,11&&战争片,12&&微电影,23",
    "click": true,
    "wePlus": {}
    },
    {
      "id": 1,
      "name": "聚合资源网",
      "url": "https://cj.cbi88.com/inc/api_juhem3u8.php",
      "cate": "国产剧,12&&韩国剧,14&&记录片,22&&欧美剧,15&&台湾剧,16&&日本剧,17&&香港剧,13&&泰国剧,33&&海外剧,18&&港台综艺,30&&大陆综艺,32&&韩国综艺,31&&动画片,24&&国产动漫,25&&欧美动漫,26&&日本动漫,27&&动作片,5&&喜剧片,6&&爱情片,7&&科幻片,8&&恐怖片,9&&剧情片,10&&战争片,11",
      "click": true,
      "wePlus": {}
    },
    {
      "id": 1,
      "name": "※555电影",
      "url": "https://www.o8tv.com/api.php/provide/vod/at/xml/",
      "cate": "国产剧,13&&日韩剧,44&&纪录片,91&&纪录片,92&&欧美剧,45&&港台剧,15&&国产动漫,96&&日本动漫,97&&欧美动漫,98&&日韩综艺,60&&欧美综艺,61&&港台综艺,62&&内地综艺,77&&喜剧片,80&&爱情片,81&&科幻片,82&&犯罪片,83&&动作片,84&&恐怖片,85&&战争片,86&&剧情片,87&&热剧推荐,88&&热综推荐,90&&热漫推荐,94&&热片推荐,111&&Netflix蓝光4k,78&&精品推荐,79&&蓝光电影,106&&蓝光连续剧,107&&蓝光动漫,108&&蓝光综艺,109&&蓝光纪录片,110",
      "click": true,
      "wePlus": {}
    },
    {
      "id": 1,
      "name": "※九零影院",
      "url": "http://www.9xku.com/api.php/provide/vod/at/xml/",
      "cate": "国产剧,13&&日韩剧,15&&欧美剧,16&&港台剧,14&&泰国剧,20&&动漫,4&&综艺,3&&动作片,6&&喜剧片,7&&爱情片,8&&科幻片,9&&恐怖片,10&&剧情片,11&&战争片,12",
      "click": true,
      "wePlus": {}
    },
   {
      "id": 1,
      "name": "一鹿影院",
      "url": "http://cms.91yilu.xyz/api.php/provide/vod/at/xml/",
      "cate":"国产剧,13&&日韩剧,15&&欧美剧,16&&港台剧,14&&动漫,4&&综艺,3&&电影,1&&动作片,6&&喜剧片,7&&爱情片,8&&科幻片,9&&恐怖片,10&&剧情片,11&&战争片,12",
      "click": true,
      "wePlus": {}
   },
    {
          "id": 1,
          "name": "猪猪影视",
          "url": "https://www.zzyingyuan.com/api.php/provide/vod/at/xml/",
          "cate": "动作片,6&&喜剧片,7&&爱情片,8&&科幻片,9&&恐怖片,10&&剧情片,11&&战争片,12&&国产剧,13&&港台剧,14&&日韩剧,15&&欧美剧,16&&国产动漫,24&&内地综艺,20",
         "click": true,
          "wePlus": {}
     },
     {
          "id": 1,
         "name": "玖玖影视",
         "url": "http://www.9-l.cn/api.php/provide/vod/at/xml/",
         "cate": "动漫,4&&动作片,6&&喜剧片,7&&爱情片,8&&科幻片,9&&恐怖片,10&&剧情片,11&&战争片,12&&国产剧,13&&港台剧,14&&日韩剧,15&&欧美剧,16&&蓝光资源,20&&预告,24",
         "click": true,
         "wePlus": {}
     },
     {
         "id": 1,
         "name": "胖猫影院",
         "url": "https://www.pangmaotv.com/api.php/provide/vod/at/xml/",
         "cate": "电影,1&&电视剧,2&&综艺,3&&动漫,4&&韩剧,20&&美剧,21&&预告片,23",
         "click": true,
         "wePlus": {}
    },
    {
      "id": 1,
      "name": "ADC电影网",
      "url": "https://www.adcmove.com/api.php/provide/vod/at/xml/",
      "cate": "电影,1&&电视剧,2&&综艺,3&&动漫,4&&直播,23&&电台,24",
      "click": true,
      "wePlus": {}
    },
    {
      "id": 1,
      "name": "可乐",
      "url": "https://m.keledyw.com/api.php/provide/vod/at/xml/",
      "cate": "综艺,3&&国产剧,13&&韩剧,15&&港剧,14&&欧美剧,16&&喜剧片,7&&爱情片,8&&动作片,6&&科幻片,9&&恐怖片,10&&剧情片,11&&战争片,12&&伦理剧,20&&动漫,4&&海外剧,21&&台湾剧,22&&日本剧,23&&泰国剧,24",
      "click": true,
      "wePlus": {}
    },
  {
      "id": 1,
      "name": "速影",
      "url": "https://xn--128-zm3fr26s.xyz/inc/api.php",
      "cate": "综艺,3&&动漫,4&&动作片,5&&喜剧片,6&&爱情片,7&&科幻片,8&&恐怖片,9&&剧情片,10&&战争片,11&&国产剧,12&&欧美剧,15&&日本剧,16&&韩国剧,17&&香港剧,18&&台湾剧,19&&海外剧,21&&纪录片,20",
      "click": true,
      "wePlus": {}
    },
    {
      "id": 1,
      "name": "免费影院",
      "url": "http://www.ruiuri.com/api.php/provide/vod/at/xml/",
      "cate":"电影,1&&电视剧,2&&综艺,3&&动漫,4&&动作片,6&&喜剧片,7&&爱情片,8&&科幻片,9&&恐怖片,10&&剧情片,11&&战争片,12&&国产剧,13&&港台剧,14&&日韩剧,15&&欧美剧,16&&泰国剧,39&&其它剧,41&&国产动漫,43&&日韩动漫,44&&欧美动漫,45&&国产综艺,46&&日韩综艺,47&&港台综艺,48&&欧美综艺,49&&纪录片,50",
      "click": true,
      "wePlus": {}
    },
    {
      "id": 1,
      "name": "共青春",
      "url": "http://gqcyy.com/api.php/provide/vod/at/xml/",
      "cate":"综艺,3&&动漫,4&&动作片,6&&喜剧片,7&&爱情片,8&&科幻片,9&&恐怖片,10&&剧情片,11&&战争片,12&&大陆剧,13&&TVB,14&&韩剧,15&&美剧,16&&日剧,20&&海外剧,21&&台剧,22&&福利,23&&纪录片,26",
      "click": true,
      "wePlus": {}
    },
    {
      "id": 1,
      "name": "安逸影院",
      "url": "http://dy.51isu.com:11801/api.php/provide/vod/at/xml/",
      "cate": "综艺,3&&动漫,4&&动作片,6&&喜剧片,7&&爱情片,8&&科幻片,9&&恐怖片,10&&剧情片,11&&战争片,12&&国产剧,13&&港台剧,14&&日韩剧,15&&欧美剧,16",
      "click": true,
      "wePlus": {}
    },
    {
      "id": 1,
      "name": "TVB云",
      "url": "https://www.hktvyb.com/api.php/provide/vod/at/xml/",
      "cate": "综艺,3&&动漫,4&&动作片,6&&喜剧片,7&&爱情片,8&&科幻片,9&&恐怖片,10&&剧情片,11&&战争片,12&&国产剧,13&&港台剧,14&&日韩剧,15&&欧美剧,16&&港产片,21",
      "click": true,
      "wePlus": {}
    },
    {
      "id": 1,
      "name": "乐多资源",
      "url": "http://www.leduozy.com/inc/api.php",
      "cate": "国产剧,12&&韩剧,17&&纪录片,22&&欧美剧,15&&台剧,16&&日剧,14&&港剧,13&&海外剧,21&&动漫,4&&动作片,5&&喜剧片,6&&爱情片,7&&科幻片,8&&恐怖片,9&&剧情片,10&&战争片,11",
      "click": true,
      "wePlus": {}
    },
    {
      "id": 1,
      "name": "PZ影视",
      "url": "https://puz.pub/api.php/provide/vod/at/xml/",
      "cate": "电影,1&&连续剧,2&&综艺,3&&动漫,4&&国产剧,13&&日韩剧,15&&纪录片,29&&欧美剧,16&&港台剧,14&&泰国剧,52&&国产动漫,24&&日韩动漫,25&&欧美动漫,26&&港台动漫,27&&海外动漫,28&&动漫电影,51&&内地综艺,20&&港台综艺,21&&日韩综艺,22&&欧美综艺,23&&动作片,6&&喜剧片,7&&爱情片,8&&科幻片,9&&恐怖片,10&&剧情片,11&&战争片,12&&微电影,30",
      "click": true,
      "wePlus": {}
    },
    {
      "id": 1,
      "name": "365影视",
      "url": "http://video.365tx.com/api.php/provide/vod/at/xml/",
      "cate": "综艺,3&&动漫,4&&动作片,6&&喜剧片,7&&爱情片,8&&科幻片,9&&恐怖片,10&&剧情片,11&&战争片,12&&国产剧,13&&港台剧,14&&日韩剧,15&&欧美剧,16&&悬疑魔幻,20&&青春,21&&其他,29&&国产动漫,23&&日本动漫,24&&欧美动漫,25&&儿童,26&&动画片,27",
      "click": true,
      "wePlus": {}
    },
    {
      "id": 1,
      "name": "追剧吧",
      "url": "http://www.huaxiab.com/api.php/provide/vod/at/xml/",
      "cate": "电影,1&&连续剧,2&&综艺,3&&动漫,4&&动作片,6&&喜剧片,7&&爱情片,8&&科幻片,9&&恐怖片,10&&剧情片,11&&战争片,12&&国产剧,13&&港台剧,14&&日韩剧,15&&欧美剧,16&&悬疑片,23&&灾难片,24&&犯罪片,25&&其他片,29&&泰国剧,30",
      "click": true,
      "wePlus": {}
    },
    {
      "id": 1,
      "name": "飘花云",
      "url": "http://www.2mjtt.com/inc/api.php/provide/vod/at/xml/",
      "cate": "综艺,3&&国产剧,12&&港剧,13&&韩剧,14&&喜剧片,7&&动作片,6&&爱情片,8&&科幻片,9&&恐怖片,10&&动漫,4&&美剧,15",
      "click": true,
      "wePlus": {}
    },
    {
    "id": 1,
    "name": "穿梭",
    "url": "http://ok.888hyk.com/api.php/provide/vod/from/dbm3u8/at/xml/",
    "cate": "动作片,6&&喜剧片,7&&爱情片,8&&科幻片,9&&恐怖片,10&&剧情片,11&&战争片,12&&国产剧,13&&奇幻片,20&&香港剧,21&&台湾剧,22&&韩国剧,23&&海外剧,24&&日本剧,25&&日本动漫,26&&欧美动漫,27&&国产动漫,28&&其他动漫,29&&动画片,30&&大陆综艺,31&&国外综艺,32&&港台综艺,33&&欧美剧,34&&体育频道,35&&街舞,54&&极限运动,55&&搏击格斗,56&&足球,57&&赛车,58&&网球,59&&台球,60&&篮球,61&&综合,62&&台湾剧,63",
    "click": true,
    "wePlus": {}
    },
    {
      "id": 1,
      "name": "77看片",
      "url": "https://www.77kpp.com/inc/api.php",
      "cate": "综艺,3&&动漫,4&&动作片,6&&喜剧片,7&&爱情片,8&&科幻片,9&&恐怖片,10&&剧情片,11&&战争片,12&&国产剧,13&&港台剧,14&&日韩剧,15&&欧美剧,16",
      "click": true,
      "wePlus": {}
    },    
      {
          "id":1,
         "name": "爪可可影院",
         "url":"https://www.zwcoco.com/api.php/provide/vod/at/xml/",
         "cate":"动漫,4&&动作片,6&&喜剧片,7&&爱情片,8&&科幻片,9&&恐怖片,10&&剧情片,11&&战争片,12&&国产剧,13&&欧美剧,16&&香港剧,20&&台湾剧,21&&灾难片,30&&蓝光,48&&微电影,50",
         "click": true,
         "wePlus": {}
     },
    {
      "id": 1,
      "name": "39影视",
      "url": "https://www.39kan.com/api.php/provide/vod/at/xml/",
      "cate": "动漫,4&&动作片,6&&喜剧片,7&&爱情片,8&&科幻片,9&&恐怖片,10&&剧情片,11&&战争片,12&&国产剧,13&&港台剧,14&&日韩剧,15&&欧美剧,16",
      "click": true,
      "wePlus": {}
    },
    {
      "id": 1,
      "name": "※云豹影视",
      "url": "https://scxytz.cn/api.php/provide/vod/at/xml/",
      "cate": "国产剧,13&&日韩剧,15&&欧美剧,16&&港台剧,14&&动漫,4&&综艺,3&&动作片,6&&喜剧片,7&&爱情片,8&&科幻片,9&&恐怖片,10&&剧情片,11&&战争片,12",
      "click": true,
      "wePlus": {}
    },
    {
      "id": 1,
      "name": "※宅看(蓝光高清)",
      "url": "https://www.zhaikanys.com/api.php/provide/vod/at/xml/",
      "cate": "动漫,4&&动漫电影,22&&国产剧,13&&日韩剧,15&&4K专区,20&&欧美剧,16&&港台剧,14&&内地综艺,21&&欧美综艺,23&&动作片,6&&喜剧片,7&&爱情片,8&&科幻片,9&&恐怖片,10&&剧情片,11&&战争片,12",
      "click": false,
      "wePlus": {}
    },
    {
      "id": 1,
      "name": "牛牛影院",
      "url": "https://www.48da.net/api.php/provide/vod/at/xml/",
      "cate": "综艺,3&&动漫,4&&动作片,6&&喜剧片,7&&爱情片,8&&科幻片,9&&恐怖片,10&&剧情片,11&&战争片,12&&国产剧,13&&港台剧,14&&日韩剧,15&&欧美剧,16",
      "click": false,
      "wePlus": {}
    },
    {
      "id": 1,
      "name": "新奇遇电影",
      "url": "https://www.newqiyu.com/api.php/provide/vod/at/xml/",
      "cate": "电影,1&&电视剧,2&&综艺,3&&动漫,4&&直播,47&&纪录片,54&&动作片,62&&喜剧片,63&&爱情片,64&&科幻片,65&&恐怖片,66&&剧情片,67&&战争片,68&&动画片,69&&国产剧,70&&香港剧,71&&韩国剧,72&&欧美剧,73&&台湾剧,74&&日本剧,75&&泰国剧,76&&海外剧,77&&国产综艺,78&&港台综艺,79&&日韩综艺,80&&欧美综艺,81&&国产动漫,82&&日韩动漫,83&&欧美动漫,84&&港台动漫,85&&海外动漫,86&&纪录片电影,87&&纪录片剧集,88&&卫视直播,89&&电影轮播,90&&娱乐直播,91&&犯罪片,93",
      "click": false,
      "wePlus": {}
    },
    {
      "id": 1,
     "name": "爱看电影",
     "url": "http://www.ikanmv.com/api.php/provide/vod/at/xml/",
     "cate": "综艺,3&&动漫,4&&动作片,6&&喜剧片,7&&爱情片,8&&科幻片,9&&恐怖片,10&&剧情片,11&&战争片,12&&国产剧,13&&港台剧,14&&日韩剧,15&&欧美剧,16",
     "click": false,
    "wePlus": {}
     },
    {
      "id": 1,
      "name": "永久资源",
      "url": "http://cj.yongjiuzyw.com/inc/yjm3u8.php",
      "cate": "国产剧,12&&韩剧,16&&纪录片,26&&欧美剧,15&&台剧,17&&日剧,14&&港剧,13&&泰剧,&&综艺,3&&动漫,4&&动作片,5&&喜剧片,6&&爱情片,7&&科幻片,8&&恐怖片,9&&剧情片,10&&战争片,11",
      "click": false,
      "wePlus": {}
    },
    {
      "id": 1,
      "name": "酷播资源",
      "url": "http://api.kbzyapi.com/inc/api.php",
      "cate": "国产剧,12&&韩剧,19&&记录片,18&&欧美剧,15&&台湾剧,13&&日剧,20&&泰剧,17&&香港剧,22&&海外剧,24&&动漫,4&&综艺,3&&动作片,5&&喜剧片,6&&爱情片,7&&科幻片,8&&奇幻片,23&&恐怖片,9&&剧情片,10&&战争片,11",
      "click": false,
      "wePlus": {}
    },
    {
      "id": 1,
      "name": "※OK资源",
      "url": "https://api.okzy.tv/api.php/provide/vod/at/xml/",
      "cate": "国产剧,13&&韩国剧,15&&纪录片,20&&欧美剧,16&&台湾剧,22&&日本剧,23&&香港剧,14&&海外剧,24&&国产动漫,29&&日韩动漫,30&&欧美动漫,31&&港台动漫,32&&海外动漫,33&&内地综艺,25&&港台综艺,26&&日韩综艺,27&&欧美综艺,28&&动作片,6&&喜剧片,7&&爱情片,8&&科幻片,9&&恐怖片,10&&剧情片,11&&战争片,12&&微电影,21",
      "click": false,
      "wePlus": {}
    },
    {
      "id": 1,
     "name": "4k影视",
     "url": "http://www.4ktv.me/api.php/provide/vod/at/xml/",
      "cate": "电影,1&&连续剧,2&&综艺,3&&动漫,4&&动作片,6&&喜剧片,7&&爱情片,8&&科幻片,9&&恐怖片,10&&剧情片,11&&战争片,12&&国产剧,13&&港台剧,14&&日韩剧,15&&欧美剧,16&&B站分类,20&&番剧,21&&国创,22&&放映厅,23&&惊惧片,25&&犯罪片,26&&宣险片,27&&悬疑片,28&&武侠片,29&&奇幻片,30&&记录片,31&&其他剧,32&&泰国剧,33&&古装片,34",
    "click": false,
    "wePlus": {}
     },
    {
      "id": 1,
      "name": "※OK资源(新接口)",
      "url": "https://cj.okzy.tv/inc/apickm3u8s_subname.php",
      "cate": "国产剧,12&&韩国剧,14&&纪录片,19&&欧美剧,15&&台湾剧,16&&日本剧,17&&香港剧,13&&海外剧,18&&泰国剧,35&&国产动漫,23&&日韩动漫,24&&欧美动漫,25&&港台动漫,31&&海外动漫,32&&动漫电影,36&&内地综艺,26&&港台综艺,27&&日韩综艺,28&&欧美综艺,29&&动作片,5&&喜剧片,6&&爱情片,7&&科幻片,8&&恐怖片,9&&剧情片,10&&战争片,11&&微电影,20&&解说,33&&电影解说,34",
      "click": false,
      "wePlus": {}
    },
    {
      "id": 1,
      "name": "最大资源",
      "url": "http://www.zdziyuan.com/inc/api_zuidam3u8.php",
      "cate": "国产剧,12&&韩国剧,14&&记录片,22&&欧美剧,15&&台湾剧,19&&日本剧,20&&香港剧,13&&海外剧,21&&综艺片,3&&动漫片,4&&动作片,5&&喜剧片,6&&爱情片,7&&科幻片,8&&恐怖片,9&&剧情片,10&&战争片,11",
      "click": false,
      "wePlus": {}
    },
    {
      "id": 1,
      "name": "最新资源",
      "url": "http://api.zuixinapi.com/inc/apixinm3u8.php",
      "cate": "国产剧,12&&韩国剧,14&&纪录片,19&&欧美剧,15&&香港剧,13&&泰国剧,16&&日本剧,17&&海外剧,18&&动漫片,4&&动作片,5&&喜剧片,6&&爱情片,7&&科幻片,8&&恐怖片,9&&剧情片,10&&战争片,11&&传记片,27&&犯罪片,22&&奇幻片,24&&惊悚片,25&&悬疑片,28",
      "click": false,
      "wePlus": {}
    },
    {
      "id": 1,
      "name": "酷云资源",
      "url": "http://caiji.kuyun98.com/inc/ldg_kkm3u8.php",
      "cate": "国产剧,12&&韩国剧,19&&记录片,18&&欧美剧,20&&台湾剧,14&&日本剧,15&&海外剧,21&&香港剧,13&&综艺节目,3&&动漫剧场,4&&动作片,5&&喜剧片,6&&爱情片,7&&科幻片,8&&恐怖片,9&&剧情片,10&&战争片,11&&动画片,16&&微电影,17",
      "click": false,
      "wePlus": {}
    },
        {
    "id": 1,
    "name": "乐活影视",
    "url": "https://lehootv.com/api.php/provide/vod/at/xml",
    "cate": "国产剧,13&&韩剧,21&&记录片,27&&美剧,16&&日剧,15&&台剧,20&&港剧,14&&泰剧,22&&越南剧,42&&海外剧,23&&国产动漫,36&&日本动漫,37&&港台动漫,38&&欧美动漫,39&&动画片,28&&大陆综艺,32&&港台综艺,33&&欧美综艺,34&&日韩综艺,35&&动作片,6&&喜剧片,7&&爱情片,8&&科幻片,9&&恐怖片,10&&剧情片,11&&战争片,12&&奇幻片,43",
    "click": false,
    "wePlus": {}
    },
    {
    "id": 1,
    "name": "乐活影视(直播)",
    "url": "https://lehootv.com/api.php/provide/vod/at/xml",
    "cate": "游戏,29&&短视频,45&&音乐,46&&搞笑,47&&解说,49&&新闻,51&&财经,52&&娱乐,53&&儿童,54&&综合,55&&摔跤娱乐,57&&赛车,58&&终极格斗,59&&网球,60&&篮球,61&&足球,62&&自行车,63&&棒球,64&&摩托车,65&&橄榄球,66&&综合格斗,67&&高尔夫,68&&台球,69&&拳击,70&&地方台,71",
    "click": false,
    "wePlus": {}
    }
  ]
}
