{
  "data": [
    {
      "id": 1,
      "name": "18X 色鸭",
      "url": "https://api.seyavod.com/api.php/provide/vod/at/xml/",
      "cate": "视频一区,21&&视频二区,22&&视频三区,23&&国产情色,24&&主播直播,25&&日本无码,26&&日本有码,27&&中文字幕,28&&欧美性爱,29&&成人动漫,30&&强奸乱伦,31&&变态另类,32&&巨乳美乳,33&&制服诱惑,34&&熟女人妻,35&&三级伦理,36&&自拍偷拍,37&&明星换脸,38&&少女萝莉,39&&中国传媒,40&&海外明星,41",
      "click": true,
      "type": "xml",
      "detailUrl": ""
    },
    {
      "id": 1,
      "name": "18X 色鸭（备）",
      "url": "https://api.seyacdn.com/api.php/provide/vod/at/xml/",
      "cate": "视频一区,21&&视频二区,22&&视频三区,23&&国产情色,24&&主播直播,25&&日本无码,26&&日本有码,27&&中文字幕,28&&欧美性爱,29&&成人动漫,30&&强奸乱伦,31&&变态另类,32&&巨乳美乳,33&&制服诱惑,34&&熟女人妻,35&&三级伦理,36&&自拍偷拍,37&&明星换脸,38&&少女萝莉,39&&中国传媒,40&&海外明星,41",
      "click": true,
      "type": "xml",
      "detailUrl": ""
    },
    {
      "id": 1,
      "name": "18X 速看",
      "url": "https://ziyuan.skm3u8.com/api.php/sea/provide/vod",
      "cate": "国产偷拍,2&&日韩精品,3&&欧美高清,4&&中文字幕,5&&成人动漫,6&&麻豆传媒,7&&SWAG,8&&三级伦理,9&&女同性恋,10&&福利姬,11",
      "click": true,
      "type": "xml",
      "detailUrl": ""
    },
    {
      "id": 1,
      "name": "18X 草榴",
      "url": "https://www.caoliuzy.com/api.php/provide/vod/at/xml/",
      "cate": "亚洲无码,2&&亚洲有码,3&&欧美情色,4&&中文字幕,5&&动漫卡通,20&&美女主播,21&&人妻熟女,22&&强奸乱伦,23&&三级伦理,24&&国产自拍,26&&网友自拍,27&&卡通漫画,28&&露出激情,29&&亚洲性爱,30&&丝袜美腿,31&&欧美风情,32&&清纯唯美,33&&科学幻想,34&&学生校园,35&&玄幻仙侠,36&&GIF动图,40&&经验故事,41&&明星偶像,42&&不伦恋情,43&&暴力虐待,44&&生活都市,45&&美女写真,46&&国产传媒,48&&女优合集,49",
      "click": true,
      "type": "xml",
      "detailUrl": ""
    },
    {
      "id": 1,
      "name": "18X 芒果",
      "url": "https://mgzyz1.com/api.php/provide/vod/at/xml/",
      "cate": "中字,1&&欧美,2&&无码,3&&中国,4&&素人,5&&JAV,6&&动漫,7&&三级,8",
      "click": true,
      "type": "xml",
      "detailUrl": ""
    },
    {
      "id": 1,
      "name": "18X 佳丽",
      "url": "https://jializyzapi.com/api.php/provide/vod/at/xml",
      "cate": "❌,20&&中国精品,21&&主播直播,22&&日本无码,23&&日本有码,24&&欧美极品,25&&中文字幕,26&&强奸乱伦,27&&制服黑丝,28&&巨乳美乳,29&&少女萝莉,30&&变态捆绑,31&&三级伦理,32&&成人动漫,36&&自拍偷拍,38&&编辑专用,39&&熟女人妻,40&&AI换脸,41",
      "click": true,
      "wePlus": {}
    },
    {
      "id": 1,
      "name": "18X 热巴",
      "url": "http://reba.liuxinxs.com/api.php/provide/vod/at/xml/",
      "cate": "❌,20&&中文字幕,21&&中国传媒,22&&中国视频,23&&日本有码,24&&日本无码,25&&巨乳美乳,26&&强奸乱伦,27&&成人动漫,29&&欧美激情,30&&站长精选,31&&网曝门,32&&91探花,33&&自拍偷拍,34&&福利姬,35&&主播网红,36",
      "click": true,
      "wePlus": {}
    },
    {
      "id": 1,
      "name": "18X 水蜜桃",
      "url": "http://51smt4.xyz/api.php/provide/vod/at/xml",
      "cate": "❌,22&无码,23&&中文字幕,24&&欧美,25&&日本女优,26&&H动画,30&&中国,35&&人妻熟女,36&&强暴虐待,37&&乱伦小说,38&&校园师生,39&&都市小说,40",
      "click": true,
      "wePlus": {}
    },
    {
      "id": 1,
      "name": "18X 玉蝴蝶",
      "url": "https://jindiezy.com/api.php/provide/vod/at/xml",
      "cate": "❌,20&&视频一区,21&&视频二区,22&&中文字幕,23&&网曝黑料,24&&中国剧情,25&&中国视频,26&&日本有码,27&&日本无码,28&&强奸乱伦,29&&欧美无码,30&&激情动漫,31&&自拍偷拍,32&&小视频,33&&淫荡女优,34&&三级伦理,35&&制服诱惑,36&&中国主播,37",
      "click": true,
      "wePlus": {}
    },
    {
      "id": 1,
      "name": "18X 乐鱼",
      "url": "https://www.leyuzyapi.com/inc/api.php",
      "cate": "国产自拍,1&&日本无码,2&&日本有码,3&&中文字幕,4&&欧美精品,5&&动漫,6&&❌,7&&❌,8&&稀有另类,9",
      "click": true,
      "type": "xml",
      "detailUrl": ""
    },
    {
      "id": 1,
      "name": "❌18X 丝袜（国内）",
      "url": "https://www.siwazyw.cc/api.php/provide/vod/at/xml/",
      "cate": "亚洲无码,2&&亚洲有码,3&&欧美情色,4&&中文字幕,5&&动漫卡通,20&&美女主播,21&&人妻熟女,22&&强奸乱伦,23&&日韩伦理,24&&国产自拍,26&&网友自拍,27&&卡通漫画,28&&露出激情,29&&亚洲性爱,30&&丝袜美腿,31&&欧美风情,32&&清纯唯美,33&&科学幻想,34&&学生校园,35&&玄幻仙侠,36&&GIF动图,37&&精选口爆,38&&同性同志,39&&重口味,40&&经验故事,41&&明星偶像,42&&不伦恋情,43&&暴力虐待,44&&生活都市,45&&美女写真,46&&韩国主播,47&&JAV 4K,48&&91大神,49&&AV解说,50&&国外热门资源,52&&精品海外欧美资源,53&&精品海外亚洲资源,54",
      "click": true,
      "wePlus": {}
    },
    {
      "id": 1,
      "name": "❌18X 丝袜（国外）",
      "url": "https://haiwai.siwazyw.org/api.php/provide/vod/at/xml/",
      "cate": "❌,50&&国外热门资源,52&&精品海外欧美资源,53&&精品海外亚洲资源,54",
      "click": true,
      "wePlus": {}
    },
    {
      "id": 1,
      "name": "❌18X 速度",
      "url": "http://www.ggmmzy.com:9999/inc/xml",
      "cate": "中文字幕,2&&日韩三级,3&&日本骑兵,4&&亚洲无码,5&&欧美无码,6&&国产自拍,7&&精品动漫,8",
      "click": true,
      "wePlus": {}
    },
    {
      "id": 1,
      "name": "18X 金莲",
      "url": "https://111kkkkk.com/api.php/provide/vod/at/xml/",
      "cate": "中文字幕,21&&国产视频,22&&国产传媒,23&&日本有码,24&&日本无码,25&&欧美极品,26&&美乳巨乳,27&&强奸乱伦,28&&制服诱惑,30&&主播直播,31&&激情动漫,36&&暴力虐待,37&&学生校园,38&&玄幻仙侠,39&&明星偶像,40&&生活都市,41&&不论恋情,42&&经验故事,43&&科学幻想,44&&唯美清纯,45&&网友自拍,46&&亚洲性爱,47&&欧美激情,48&&露出偷窥,49&&高跟丝袜,50&&卡通漫画,51&&三级伦理,52&&网曝门,53&&AI换脸,54&&抖阴短视频,55&&女优集合,56",
      "click": true,
      "type": "xml",
      "detailUrl": ""
    },
    {
      "id": 1,
      "name": "18X 香蕉",
      "url": "https://ea111.cc/api.php/provide/vod/at/xml/",
      "cate": "❌,20&&麻豆精品,21&&中国自拍,22&&中文字幕,23&&日系精品,24&&欧美激情,25&&无码高清,26&&动漫新番,27",
      "click": true,
      "type": "xml",
      "detailUrl": ""
    },
    {
      "id": 1,
      "name": "18X 丝袜",
      "url": "https://siwazyw.tv/api.php/provide/vod/at/xml/",
      "cate": "亚洲无码,1&&亚洲有码,2&&欧美情色,3&&中文字幕,4&&动漫,5&&❌,20&&人妻熟女,21&&强奸乱伦,22&&❌,23&&国产自拍,24&&❌,26&&❌,27&&❌,28&&❌,29&&❌,30&&❌,31&&❌,32&&❌,33&&❌,34&&❌,35&&❌,36&&精选口爆,37&&同性同志,38&&重口味,39&&❌,40&&❌,41&&❌,42&&❌,43&&❌,44&&❌,45&&❌,46&&❌,47&&91大神,48&&❌,49&&❌,50&&Pornhub资源,52&&❌,53&&❌,54",
      "click": true,
      "type": "xml",
      "detailUrl": ""
    },
    {
      "id":1,
      "name":"18X 神速",
      "url":"https://api.yinwoapi.com/api.php/provide/vod/from/ywm3u8/at/xml",
      "cate":"❌,20&&视频一区,21&&视频二区,22&&国产视频,23&&主播直播,24&&日本无码,25&&日本有码,26&&中文字幕,27&&巨乳美乳,28&&强奸乱伦,29&&欧美极品,30&&熟女人妻,31&&少女萝莉,32&&成人动漫,33&&制服诱惑,34&&变态调教,35&&自拍偷拍,36&&三级伦理,37&&明星偶像,38",
      "click":true,
      "type": "xml",
      "detailUrl": ""
    },
    {
      "id": 1,
      "name": "18X 色窝",
      "url": "https://sewozyapi.com/api.php/provide/vod/at/xml/",
      "cate": "❌,50&&国产情色,52&&主播,53&&动漫,54&&日韩综合,55&&欧美AV,56&&中文字幕,57&&强奸乱伦,58&&制服黑丝,59&&AI明星偶像,60&&巨乳美乳,61&&美女模特,62&&变态调教,63&&偷拍自拍,64&&熟女人妻,65&&AI换脸,67&&❌,76&&日本无码,77&&日本有码,78&&少女萝莉,79&&❌,80&&❌,81",
      "click": true,
      "type": "xml",
      "detailUrl": ""
    },
    {
      "id": 1,
      "name": "18X 猫眼",
      "url": "http://maoyanapi.com/api.php/provide/vod/at/xml/",
      "cate": "中文字幕,21&&国产传媒,22&&日韩有码,23&&美女主播,24&&欧美激情,25&&成人动漫,26&&国产精品,27&&亚洲无码,28&&强奸乱轮,29&&天真少女,31&&萝莉羞涩,32&&好色人妻,36&&巨乳美乳,37&&制服诱惑,38&&都市情感,39&&家庭乱伦,40&&暴力虐待,41&&校园春色,42&&玄幻武侠,43&&科学幻想,44&&明星偶像,45&&网友自拍,46&&亚洲性爱,47&&欧美激情,48&&卡通动漫,49&&露出偷窥,50&&长腿丝袜,51&&清纯唯美,52",
      "click": true,
      "type": "xml",
      "detailUrl": ""
    },
    {
      "id": 1,
      "name": "18X 大地",
      "url": "https://dadiapi.com/api.php",
      "cate": "日韩无码,1&&强奸乱伦,2&&欧美精品,3&&国产精品,4&&日韩精品,23&&动漫精品,20&&伦理影片,22&&偷拍自拍,27&&制服诱惑,25&&中文字幕,18&&有码视频,28&&人妻系列,16&&3p合集,32&&sm重口,40&&自慰系列,39",
      "click": true,
      "wePlus": {}
    },
    {
      "id": 1,
      "name": "18X 鲨鱼",
      "url": "https://shayuapi.com/api.php/provide/vod/at/xml/",
      "cate": "国产情色,1&&日本无码,2&&日本有码,3&&中文字幕,20&&网红主播,21&&成人动漫,22&&欧美情色,23&&国模私拍,24&&长腿丝袜,25&&邻家人妻,26&&韩国伦理,27&&香港伦理,28&&精品推荐,31",
      "click": true,
      "wePlus": {}
    },
    {
      "id": 1,
      "name": "18X 9号",
      "url": "http://fhapi9.com/api.php/provide/vod/at/xml/",
      "cate": "丝袜,1&&群乱,2&&无码,3&&自拍,4&&动漫,5&&中字,6&&欧美,7&&巨乳,8&&国裸,9&&国自,10&&国偷,11&&伦理,12&&女同,13&&少女,14&&人妖,15&&虚拟,16",
      "click": true,
      "wePlus": {}
    },
    {
      "id": 1,
      "name": "18X 佳丽TV",
      "url": "https://jialiapi.com/api.php/provide/vod/at/xml/",
      "cate": "无码,1&&有码,2&&欧美,3&&中字,4&&网红,5&&精品,17&&情色,22&&人妻,23&&强乱,24&&巨乳,25&&制服,26&&丝袜,27&&少女,28&&女同,29&&动画,30&&韩伦,31",
      "click": true,
      "wePlus": {}
    },
    {
      "id": 1,
      "name": "18X 环亚",
      "url": "http://wmcj8.com/inc/sapi.php",
      "cate": "乱伦,2&&巨乳,12&&强奸,3&&人妻,4&&制服,5",
      "click": true,
      "wePlus": {}
    },
    {
      "id": 1,
      "name": "18X JAV名优",
      "url": "http://mygzycj.com/sapi.php",
      "cate": "欧美精选,3&&港台三级片,4&&❌,6&&韩国SNL,7&&VR,8&&自拍,9&&❌,10&&巨乳,11&&禁忌相奸,12&&日本有码,13&&中文字幕,14",
      "click": true,
      "wePlus": {}
    },
    {
      "id": 1,
      "name": "18X AV88资源",
      "url": "http://m.7777688.com/inc/api.php",
      "cate": "韩国淫案,19&&明星淫梦,18&&自拍偷拍,2&&三级自慰,3&&成人动漫,4&&巨乳波霸,5&&强奸乱伦,6&&人妻熟女,7&&制服丝袜,8&&花季少女,9&&无码露毛,10&&欧美色情,11&&群P多人,12&&中文字幕,13&&网红主播,20",
      "click": true,
      "wePlus": {}
    },
    {
      "id": 1,
      "name": "18X 乐播",
      "url": "https://lbapi9.com/api.php/provide/vod/at/xml/",
      "cate": "日本AV,1&&国产主播,2&&国产自拍,3&&日本无码,4&&❌,23&&❌,20&&❌,22&&❌,27&&❌,25&&❌,18&&❌,28&&人兽,16&&❌,32&&❌,40&&❌,39",
      "click": true,
      "wePlus": {}
    },
    {
      "id": 1,
      "name": "18X 色色",
      "url": "http://secj8.com/inc/sapi.php",
      "cate": "AV,1&&AV,2&&AV,3&&强奸乱伦,4",
      "click": true,
      "wePlus": {}
    },
    {
      "id": 1,
      "name": "18X 字幕网",
      "url": "http://zmcj88.com/sapi",
      "cate": "无码,1&&强奸,2&&巨乳,3&&禁断乱伦,4",
      "click": true,
      "wePlus": {}
    },
    {
      "id": 1,
      "name": "18X 久草",
      "url": "http://jcspcj8.com/sapi",
      "cate": "无码,1&&强奸乱伦,2&&禁断乱伦,3&&国产精品,4",
      "click": true,
      "wePlus": {}
    },
    {
      "id": 1,
      "name": "18X 狼少年",
      "url": "http://cjmygzy.com/inc/sapi.php",
      "cate": "AV,1&&AV,2&&❌,3&&强奸乱伦,4&&❌,23&&欧美人妖,20&&❌,22&&❌,27&&动漫,25&&❌,18&&❌,28&&短片,16&&❌,32&&❌,40&&❌,39",
      "click": true,
      "wePlus": {}
    },
    {
      "id": 1,
      "name": "18X 芒果",
      "url": "https://mgzyz1.com/api.php/provide/vod/at/xml/",
      "cate": "中字,1&&欧美,2&&无码,3&&国产,4&&素人,5&&JAV,6&&动漫,7&&三级,8",
      "click": true,
      "wePlus": {}
    },
    {
      "id": 1,
      "name": "18X 老鸭",
      "url": "https://api.apilyzy.com/api.php/Seacms/vod/",
      "cate": "日韩无码,1&&强奸乱伦,2&&欧美精品,3&&国产精品,4&&日韩精品,23&&动漫精品,20&&伦理影片,22&&偷拍自拍,27&&制服诱惑,25&&中文字幕,18&&有码视频,28&&人妻系列,16&&3p合集,32&&sm重口,40&&自慰系列,39",
      "click": true,
      "wePlus": {}
    },
    {
      "id": 1,
      "name": "18X 花椒",
      "url": "https://apihjzy.com/api.php/Seacms/vod/",
      "cate": "日韩无码,1&&强奸乱伦,2&&欧美精品,3&&国产精品,4&&日韩精品,23&&动漫精品,20&&伦理影片,22&&偷拍自拍,27&&制服诱惑,25&&中文字幕,18&&有码视频,28&&人妻系列,16&&3p合集,32&&sm重口,40&&自慰系列,39",
      "click": true,
      "wePlus": {}
    },
    {
      "id": 1,
      "name": "18X 76",
      "url": "http://m.7777688.com/inc/api.php",
      "cate": "日韩无码,1&&强奸乱伦,2&&欧美精品,3&&国产精品,4&&日韩精品,23&&动漫精品,20&&伦理影片,22&&偷拍自拍,27&&制服诱惑,25&&中文字幕,18&&有码视频,28&&人妻系列,16&&3p合集,32&&sm重口,40&&自慰系列,39",
      "click": true,
      "wePlus": {}
    },
    {
      "id": 1,
      "name": "18X 秀色资源",
      "url": "https://api.xiuseapi.com/api.php/provide/vod/from/xiuse/at/xml/",
      "cate": "国产精品,1&&中文字幕,2&&欧美精品,3&&自拍偷拍,4&&日韩无码,6&&日韩有码,7&&动漫精品,8&&❌,9&&人妻乱伦,10&&SM重口味,11&&小视频,20&&潮吹喷射,21&&❌,23&&❌,24&&❌,25&&❌,26&&❌,27&&❌,28&&❌,29&&❌,30&&❌,31&&❌,32&&❌,33&&❌,34&&❌,35&&❌,36&&❌,37&&❌,38&&❌,39&&高清华语,40&&❌,41&&❌,42",
      "click": true,
      "wePlus": {}
    },
    {
      "id": 1,
      "name": "18X 爱播",
      "url": "https://cj.apiabzy.com/api.php/provide/vod/at/xml/",
      "cate": "主播直播,21&&日本无码,22&&日本有码,23&&欧美极品,24&&中文字幕,25&&强奸乱伦,26&&制服诱惑,27&&巨乳美乳,28&&少女萝莉,29&&变态另类,30&&❌,31&&成人动漫,32&&自拍偷拍,36&&日韩综合,37&&❌,38&&熟女人妻,39&&AI换脸,40&&海外明星,41&&❌,42",
      "click": true,
      "wePlus": {}
    },
    {
      "id": 1,
      "name": "18X 丝袜",
      "url": "https://siwazyw.tv/api.php/provide/vod/at/xml/",
      "cate": "亚洲无码,1&&亚洲有码,2&&欧美情色,3&&中文字幕,4&&动漫,5&&❌,20&&人妻熟女,21&&强奸乱伦,22&&❌,23&&国产自拍,24&&❌,26&&❌,27&&❌,28&&❌,29&&❌,30&&❌,31&&❌,32&&❌,33&&❌,34&&❌,35&&❌,36&&精选口爆,37&&同性同志,38&&重口味,39&&❌,40&&❌,41&&❌,42&&❌,43&&❌,44&&❌,45&&❌,46&&❌,47&&91大神,48&&❌,49&&❌,50&&Pornhub资源,52&&❌,53&&❌,54",
      "click": true,
      "wePlus": {}
    },
    {
      "id": 1,
      "name": "18X 花魁",
      "url": "https://caiji.huakuiapi.com/inc/api.php",
      "cate": "国产精品,1&&偷拍自拍,2&&日本无码,3&&日本有码,4&&人妻制服,5&&中文字幕,6&&欧美精品,7&&卡通动漫,8&&❌,9",
      "click": true,
      "wePlus": {}
    },
    {
      "id": 1,
      "name": "18X 速播",
      "url": "http://api.suboapi.com/api.php/provide/vod/at/xml/",
      "cate": "国产自拍,1&&亚洲有码,2&&亚洲大秀,13&&亚洲无码,14&&欧美激情,15&&中文字幕,16&&成人动漫,20&&❌,21&&日韩经典,22&&❌,23",
      "click": true,
      "wePlus": {}
    },
    {
      "id": 1,
      "name": "18X 探探",
      "url": "https://apittzy.com/api.php/provide/vod/at/xml/",
      "cate": "精品推荐,2&&国产视频,3&&主播直播,4&&日本无码,5&&日本有码,6&&中文字幕,7&&巨乳美乳,8&&熟女人妻,9&&强奸乱伦,10&&欧美精品,11&&少女萝莉,12&&三级伦理,13&&成人动漫,20&&网友自拍,21&&唯美写真,22&&露出激情,23&&街拍偷拍,24&&丝袜美腿,25&&欧美风情,26&&图片动漫,27&&都市激情,28&&校园之恋,29&&真实体验,30&&武侠虚幻,31&&家庭乱伦,32&&职场丽人,33&&经验故,34",
      "click": true,
      "wePlus": {}
    },
    {
      "id": 1,
      "name": "18X KK资源",
      "url": "http://kkzy1.com/api.php/provide/vod/at/xml/",
      "cate": "日韩无码,1&&强奸乱伦,2&&欧美精品,3&&国产精品,4&&日韩精品,23&&动漫精品,20&&伦理影片,22&&偷拍自拍,27&&制服诱惑,25&&中文字幕,18&&有码视频,28&&人妻系列,16&&3p合集,32&&sm重口,40&&自慰系列,41",
      "click": true,
      "wePlus": {}
    }
  ]
}
