{
  "data": [
    {
      "id": 1,
      "name": "百度",
      "url": "https://api.apibdzy.com/api.php/provide/vod/from/dbm3u8/at/xml/",
      "cate": "动漫,4&&❌,5&&动作片,6&&喜剧片,7&&爱情片,8&&科幻片,9&&恐怖片,10&&剧情片,11&&战争片,12&&国产剧,13&&香港剧,14&&韩国剧,15&&日本剧,16&&纪录片,17&&犯罪片,18&&动漫电影,20&&台湾剧,21&&欧美剧,22&&海外剧,23&&泰国剧,24&&中国综艺,25&&日韩综艺,26&&港台综艺,27&&欧美综艺,28&&中国动漫,29&&日本动漫,30&&欧美动漫,31&&悬疑片,32&&邵氏电影,33&&体育赛事,34",
      "click": true,
      "type": "xml",
      "detailUrl": ""
    },
    {
      "id": 1,
      "name": "乐视",
      "url": "https://leshizyapi.com/api.php/provide/vod/at/xml",
      "cate": "电影,2&&纪录片,3&&连续剧,4&&欧美剧,5&&香港剧,6&&动作片,7&&爱情片,8&&科幻片,9&&恐怖片,10&&剧情片,11&&战争片,12&&喜剧片,20&&动画片,21&&犯罪片,22&&中国剧,23&&韩国剧,24&&动漫,25&&综艺,26&&大陆综艺,27&&港台综艺,28&&日韩综艺,29&&欧美综艺,30&&台湾剧,31&&中国动漫,32&&日本动漫,33&&欧美动漫,34&&海外动漫,35&&泰国剧,36&&日剧,37&&电影解说,38&&奇幻片,39&&灾难片,40&&悬疑片,41&&其他片,42&&体育赛事,44&&海外剧,46&&短剧,47",
      "click": true,
      "type": "xml",
      "detailUrl": ""
    },
    {
      "id": 1,
      "name": "虎牙",
      "url": "https://www.huyaapi.com/api.php/provide/vod/at/xml/",
      "cate": "电视剧,2&&电影,3&&欧美剧,4&&香港剧,5&&韩剧,6&&日剧,7&&马泰剧,8&&伦理片,9&&动作片,10&&爱情片,11&&喜剧片,12&&科幻片,13&&恐怖片,14&&剧情片,15&&战争片,16&&记录片,17&&动漫,20&&内地剧,23&&动画片,24&&7中国动漫,25&&7日本动漫,26&&7欧美动漫,27&&综艺,28&&台湾剧,29&&体育赛事,30",
      "click": true,
      "type": "xml",
      "detailUrl": ""
    },
    {
      "id": 1,
      "name": "索尼",
      "url": "https://suoniapi.com/api.php/provide/vod/from/snm3u8/at/xml",
      "cate": "电影,2&&电视剧,3&&综艺,4&&动漫,6&&动作片,7&&喜剧片,8&&爱情片,9&&科幻片,10&&恐怖片,11&&剧情片,12&&战争片,13&&中国剧,14&&欧美剧,15&&韩剧,16&&日剧,17&&港剧,18&&台剧,19&&泰剧,20&&纪录片,23&&海外剧,25&&大陆综艺,26&&日韩综艺,27&&港台综艺,28&&欧美综艺,29&&中国动漫,30&&日韩动漫,31&&欧美动漫,39&&动画片,44&&港台动漫,45&&海外动漫,47&&演唱会,48&&体育赛事,49&&篮球,50&&足球,51&&预告片,52&&斯诺克,53&&影视解说,54&&爽文短剧,55&&伦理,56&&港台三级,57&&韩国伦理,58&&西方伦理,59&&日本伦理,60&&两性课堂,61&&写真热舞,62",
      "click": true,
      "type": "xml",
      "detailUrl": ""
    },
    {
      "id": 1,
      "name": "新浪",
      "url": "https://api.xinlangapi.com/xinlangapi.php/provide/vod/at/xml/",
      "cate": "动漫,3&&综艺,4&&纪录片,5&&动作片,6&&爱情片,7&&科幻片,8&&战争片,9&&剧情片,10&&恐怖片,11&&喜剧片,12&&中国剧,13&&香港剧,14&&台湾剧,15&&欧美剧,16&&动漫电影,17&&韩国剧,18&&日本剧,20&&泰国剧,21&&❌,22&&❌,23",
      "click": true,
      "type": "xml",
      "detailUrl": ""
    },
    {
      "id": 1,
      "name": "乐视",
      "url": "https://leshizyapi.com/api.php/provide/vod/at/xml",
      "cate": "电影,2&&纪录片,3&&连续剧,4&&欧美剧,5&&香港剧,6&&动作片,7&&爱情片,8&&科幻片,9&&恐怖片,10&&剧情片,11&&战争片,12&&喜剧片,20&&动画片,21&&犯罪片,22&&中国剧,23&&韩国剧,24&&动漫,25&&综艺,26&&大陆综艺,27&&港台综艺,28&&日韩综艺,29&&欧美综艺,30&&台湾剧,31&&中国动漫,32&&日本动漫,33&&欧美动漫,34&&海外动漫,35&&泰国剧,36&&日剧,37&&电影解说,38&&奇幻片,39&&灾难片,40&&悬疑片,41&&其他片,42&&体育赛事,44&&海外剧,46&&短剧,47",
      "click": true,
      "type": "xml",
      "detailUrl": ""
    },
    {
      "id": 1,
      "name": "全站",
      "url": "https://caiji.yueai55.cc:2277/yuelove.php/provide/vod/at/xml",
      "cate": "电影,2&&连续剧,3&&综艺,4&&动漫电影,6&&动作片,7&&喜剧片,8&&爱情片,9&&科幻片,10&&恐怖片,11&&剧情片,12&&战争片,13&&中国剧,14&&港台剧,15&&日韩剧,16&&欧美剧,20&&惊悚片,21&&犯罪片,22&&冒险片,23&&悬疑片,24&&动画片,25&&武侠片,26&&奇幻片,27&&记录片,28",
      "click": true,
      "type": "xml",
      "detailUrl": ""
    },
    {
      "id": 1,
      "name": "极光",
      "url": "https://jiguang.la/api.php/provide/vod/at/xml",
      "cate": "演员,2&&内地,3&&港台,4&&欧美,5&&日韩,20&&电影片,21&&动作片,22&&喜剧片,23&&恐怖片,24&&科幻片,25&&爱情片,26&&剧情片,27&&战争片,28&&纪录片,29&&伦理片,30&&连续剧,31&&中国剧,32&&欧美剧,33&&香港剧,34&&韩国剧,35&&台湾剧,36&&日本剧,37&&海外剧,38&&泰国剧,39&&动漫片,40&&中国动漫,41&&日韩动漫,42&&欧美动漫,43&&港台动漫,44&&海外动漫,45&&综艺片,46&&大陆综艺,47&&港台综艺,48&&日韩综艺,49&&欧美综艺,50&&动画片,51&&电影解说,52&&预告片,53&&体育赛事,54&&足球,55&&篮球,56&&网球,57&&斯诺克,58",
      "click": true,
      "type": "xml",
      "detailUrl": ""
    },
    {
      "id": 1,
      "name": "18X 花魁",
      "url": "https://caiji.huakuiapi.com/inc/api.php",
      "cate": "中国精品,1&&偷拍自拍,2&&日本无码,3&&日本有码,4&&人妻制服,5&&中文字幕,6&&欧美精品,7&&卡通动漫,8&&❌,9",
      "click": true,
      "type": "xml",
      "detailUrl": ""
    },
    {
      "id": 1,
      "name": "18X 影库",
      "url": "http://yingkuzy.com/api.php/provide/vod/at/xml",
      "cate": "三级伦理,22&&韩国伦理,23&&日本伦理,24&&香港伦理,25&&欧美伦理,26&&台湾伦理,28&&美女写真,29&&日本写真,30&&欧美写真,31",
      "click": true,
      "type": "xml",
      "detailUrl": ""
    },
    {
      "id": 1,
      "name": "18X 色鸭",
      "url": "https://api.seyavod.com/api.php/provide/vod/at/xml/",
      "cate": "视频一区,21&&视频二区,22&&视频三区,23&&国产情色,24&&主播直播,25&&日本无码,26&&日本有码,27&&中文字幕,28&&欧美性爱,29&&成人动漫,30&&强奸乱伦,31&&变态另类,32&&巨乳美乳,33&&制服诱惑,34&&熟女人妻,35&&三级伦理,36&&自拍偷拍,37&&明星换脸,38&&少女萝莉,39&&中国传媒,40&&海外明星,41",
      "click": true,
      "type": "xml",
      "detailUrl": ""
    },
    {
      "id": 1,
      "name": "18X 色窝",
      "url": "https://sewozyapi.com/api.php/provide/vod/at/xml",
      "cate": "视频一区,21&&视频二区,22&&视频三区,23&&国产情色,24&&主播直播,25&&动漫里番,26&&日韩综合,27&&欧美性爱,28&&中文字幕,29&&强奸乱伦,30&&制服黑丝,31&&巨乳美乳,32&&变态调教,33&&自拍偷拍,34&&熟女人妻,35&&日本无码,36&&日本有码,37&&少女萝莉,38&&三级伦理,39&&明星偶像,40&&美女模特,41&&AI换脸,42&&国产传媒,43&&女同性恋,44&&人妖系列,45&&网红黑料,46&&AV解说,47&&测试分类1,48",
      "click": true,
      "type": "xml",
      "detailUrl": ""
    },
    {
      "id": 1,
      "name": "18X 博天堂",
      "url": "http://bttcjz.com/inc/sapi.php",
      "cate": "一区,2&&二区,3&&三区,4&&四区,6&&国产裸聊,7&&抖音视频,10&&欧美无码,11&&女优明星,12&&SM调教,14&&无码专区,20&&AI换脸,21&&中文字幕,22&&卡通动漫,23&&极品探花,24&&美女主播,25&&自拍偷拍,26&&熟女人妻,27&&萝莉少女,32&&内地传媒,33&&国产精品,34&&日韩有码,35",
      "click": true,
      "type": "xml",
      "detailUrl": ""
    },
    {
      "id": 1,
      "name": "18X 草榴（新）",
      "url": "https://www.caoliuzyw.com/api.php/provide/vod/at/xml/",
      "cate": "亚洲无码,2&&亚洲有码,3&&欧美情色,4&&中文字幕,5&&动漫卡通,20&&美女主播,21&&人妻熟女,22&&强奸乱伦,23&&三级伦理,24&&中国自拍,26&&网友自拍,27&&卡通漫画,28&&露出激情,29&&亚洲性爱,30&&丝袜美腿,31&&欧美风情,32&&清纯唯美,33&&科学幻想,34&&学生校园,35&&玄幻仙侠,36&&GIF动图,40&&经验故事,41&&明星偶像,42&&不伦恋情,43&&暴力虐待,44&&生活都市,45&&美女写真,46&&中国传媒,48&&女优合集,54&&中国乱伦,55&&网曝门事件,56&&绿帽淫妻,57&&中国乱伦,58&&AV解说,59&&中国探花,60",
      "click": true,
      "type": "xml",
      "detailUrl": ""
    },
    {
      "id": 1,
      "name": "18X 草榴",
      "url": "https://www.caoliuzy.com/api.php/provide/vod/at/xml/",
      "cate": "亚洲无码,2&&亚洲有码,3&&欧美情色,4&&中文字幕,5&&动漫卡通,20&&美女主播,21&&人妻熟女,22&&强奸乱伦,23&&三级伦理,24&&国产自拍,26&&网友自拍,27&&卡通漫画,28&&露出激情,29&&亚洲性爱,30&&丝袜美腿,31&&欧美风情,32&&清纯唯美,33&&科学幻想,34&&学生校园,35&&玄幻仙侠,36&&GIF动图,40&&经验故事,41&&明星偶像,42&&不伦恋情,43&&暴力虐待,44&&生活都市,45&&美女写真,46&&国产传媒,48&&女优合集,49",
      "click": true,
      "type": "xml",
      "detailUrl": ""
    },
    {
      "id": 1,
      "name": "18X 速看",
      "url": "https://ziyuan.skm3u8.com/api.php/sea/provide/vod",
      "cate": "国产偷拍,2&&日韩精品,3&&欧美高清,4&&中文字幕,5&&成人动漫,6&&麻豆传媒,7&&SWAG,8&&三级伦理,9&&女同性恋,10&&福利姬,11",
      "click": true,
      "type": "xml",
      "detailUrl": ""
    },
    {
      "id": 1,
      "name": "18X 丝袜",
      "url": "https://siwazyw.tv/api.php/provide/vod/at/xml/",
      "cate": "亚洲无码,1&&亚洲有码,2&&欧美情色,3&&中文字幕,4&&动漫,5&&❌,20&&人妻熟女,21&&强奸乱伦,22&&❌,23&&国产自拍,24&&❌,26&&❌,27&&❌,28&&❌,29&&❌,30&&❌,31&&❌,32&&❌,33&&❌,34&&❌,35&&❌,36&&精选口爆,37&&同性同志,38&&重口味,39&&❌,40&&❌,41&&❌,42&&❌,43&&❌,44&&❌,45&&❌,46&&❌,47&&91大神,48&&❌,49&&❌,50&&Pornhub资源,52&&❌,53&&❌,54",
      "click": true,
      "type": "xml",
      "detailUrl": ""
    },
    {
      "id": 1,
      "name": "暴风",
      "url": "http://bfzy.tv/api.php/provide/vod/at/xml/",
      "cate": "电影,21&&动作片,22&&喜剧片,23&&恐怖片,24&&科幻片,25&&爱情片,26&&剧情片,27&&战争片,28&&纪录片,29&&伦理片,30&&连续剧,31&&国产剧,32&&欧美剧,33&&香港剧,34&&韩国剧,35&&台湾剧,36&&日本剧,37&&海外剧,38&&泰国剧,39&&动漫片,40&&国产动漫,41&&日韩动漫,42&&欧美动漫,43&&港台动漫,44&&海外动漫,45&&综艺片,46&&大陆综艺,47&&港台综艺,48&&日韩综艺,49&&欧美综艺,50&&动画片,51",
      "click": true,
      "type": "xml",
      "detailUrl": ""
    },
    {
      "id": 1,
      "name": "大漠",
      "url": "https://damozy2.com/api.php/provide/vod/at/xml/",
      "cate": "热门短剧,6&&动作片,7&&喜剧片,8&&爱情片,9&&科幻片,10&&恐怖片,11&&剧情片,12&&战争片,13&&中国剧,14&&香港剧,15&&台湾剧,16&&韩国剧,20&&伦理片,21&&纪录片,22&&悬疑片,23&&动画电影,24&&犯罪片,25&&奇幻片,26&&邵氏电影,27&&欧美剧,28&&日本剧,29&&海外剧,30&&泰国剧,31&&中国综艺,32&&日韩综艺,33&&港台综艺,34&&欧美综艺,35&&中国动漫,36&&日韩动漫,37&&欧美动漫,38",
      "click": true,
      "type": "xml",
      "detailUrl": ""
    },
    {
      "id": 1,
      "name": "非凡",
      "url": "https://www.ffzy.tv/api.php/provide/vod/at/xml/",
      "cate": "动漫电影,4&&动作片,6&&喜剧片,7&&爱情片,8&&科幻片,9&&恐怖片,10&&剧情片,11&&战争片,12&&中国剧,13&&香港剧,14&&韩国剧,15&&欧美剧,16&&纪录片,20&&台湾剧,21&&日本剧,22&&海外剧,23&&泰国剧,24&&中国综艺,25&&港台综艺,26&&日韩综艺,27&&欧美综艺,28&&中国动漫,29&&日本动漫,30&&欧美动漫,31&&台湾动漫,32&&海外动漫,33&&❌,34&&❌,35",
      "click": true,
      "type": "xml",
      "detailUrl": ""
    },
    {
      "id": 1,
      "name": "阳光",
      "url": "https://www.xxzy.org/api.php/provide/vod/at/xml/",
      "cate": "动作片,6&&喜剧片,7&&爱情片,8&&科幻片,9&&恐怖片,10&&剧情片,11&&战争片,12&&中国剧,13&&港台剧,14&&日韩剧,15&&欧美剧,16&&❌,17&&❌,18&&动画电影,20&&悬疑片,21&&犯罪片,22&&歌舞片,23&&传记片,25&&历史片,27&&西部片,28&&奇幻片,29&&冒险片,30&&惊悚片,31&&音乐片,32&&情色片,33&&武侠片,34&&灾难片,35&&短片,36&&其他剧,37&&纪录片,38&&其他电影,39&&❌,40",
      "click": true,
      "type": "xml",
      "detailUrl": ""
    },
    {
      "id": 1,
      "name": "天猫",
      "url": "https://www.tianmaozy.com/api.php/provide/vod/at/xml/",
      "cate": "欧美剧,3&&香港剧,4&&韩国剧,5&&日本剧,6&&马泰剧,7&&❌,8&&动作片,9&&爱情片,10&&喜剧片,11&&科幻片,12&&恐怖片,13&&剧情片,14&&战争片,15&&纪录片,16&&动漫,17&&中国剧,20&&动画电影,23&&中国动漫,24&&日本动漫,25&&欧美动漫,26&&综艺,27&&台湾剧,28&&体育赛事,29&&❌,30",
      "click": true,
      "type": "xml",
      "detailUrl": ""
    },
    {
      "id": 1,
      "name": "酷点",
      "url": "https://kudian10.com/api.php/provide/vod/at/xml",
      "cate": "动作片,6&&喜剧片,7&&爱情片,8&&科幻片,9&&恐怖片,10&&剧情片,11&&战争片,12&&中国剧,13&&香港剧,14&&日本剧,15&&欧美剧,16&&台湾剧,20&&韩国剧,21&&泰国剧,22&&❌,23&&纪录片,24&&动漫电影,25&&MV专区,29&&中国综艺,30&&韩国综艺,31&&❌,32&&欧美综艺,33&&中国动漫,34&&日本动漫,35&&欧美动漫,36&&音乐MV,37&&❌,38",
      "click": true,
      "type": "xml",
      "detailUrl": ""
    },
    {
      "id": 1,
      "name": "68资源",
      "url": "https://caiji.68zyapi.com/api.php/provide/vod/at/xml/",
      "cate": "动作片,2&&喜剧片,3&&爱情片,4&&科幻片,5&&恐怖片,6&&战争片,7&&剧情片,8&&❌,9&&动漫电影,10&&❌,11&&中国剧,12&&香港剧,13&&台湾剧,14&&欧美剧,15&&韩国剧,16&&日本剧,17&&海外剧,18&&❌,20&&中国动漫,21&&日本动漫,22&&欧美动漫,23&&❌,24&&❌,25&&中国综艺,26&&韩国综艺,27&&港台综艺,28&&欧美综艺,29&&泰国剧,31&&日本综艺,32&&纪录片,33&&网络电影,34&&新马泰综艺,35&&体育赛事,36&&❌,37",
      "click": true,
      "type": "xml",
      "detailUrl": ""
    },
    {
      "id": 1,
      "name": "星海",
      "url": "https://www.xhzy01.com/api.php/provide/vod/at/xml/",
      "cate": "中国剧,22&&港台剧,23&&欧美剧,24&&韩国剧,25&&日本剧,26&&海外剧,27&&泰国剧,28&&动作片,29&&喜剧片,30&&爱情片,31&&科幻片,32&&恐怖片,33&&剧情片,34&&战争片,35&&伦理片,36&&纪录片,37&&悬疑片,38&&动漫电影,39&&犯罪片,40&&奇幻片,41&&综艺,42&&中国综艺,43&&日韩综艺,44&&港台综艺,45&&欧美综艺,46&&动漫,47&&中国动漫,48&&日韩动漫,49&&欧美动漫,50",
      "click": true,
      "type": "xml",
      "detailUrl": ""
    },
    {
      "id": 1,
      "name": "FOX",
      "url": "https://foxzyw.com/api.php/provide/vod/at/xml/",
      "cate": "犯罪片,1&&纪录片,2&&动漫片,3&&动作片,4&&喜剧片,5&&爱情片,6&&科幻片,7&&恐怖片,8&&剧情片,9&&战争片,10&&台湾剧,32&&国产剧,33&&韩国剧,34&&香港剧,35&&欧美剧,36&&日本剧,37&&其他剧,38&&日韩综艺,40&&大陆综艺,41&&港台综艺,42&&欧美综艺,43&&国产动漫,45&&日本动漫,46&&欧美动漫,47&&海外动漫,48&&伦理片,49",
      "click": true,
      "type": "xml",
      "detailUrl": ""
    },
    {
      "id": 1,
      "name": "TOM",
      "url": "https://api.tomcaiji.com/api.php/provide/vod/at/xml/",
      "cate": "综艺,3&&动漫,25&&动作片,6&&喜剧片,7&&爱情片,8&&科幻片,9&&恐怖片,10&&剧情片,11&&战争片,12&&日本剧,15&&欧美剧,16&&韩国剧,21&&泰国剧,22&&纪录片,24&&日韩综艺,31&&欧美综艺,33&&日本动漫,35&&欧美动漫,36&&犯罪片,38&&灾难片,39&&奇幻片,40&&悬疑片,41&&惊悚片,56",
      "click": true,
      "type": "xml",
      "detailUrl": ""
    },
    {
      "id": 1,
      "name": "OK资源",
      "url": "https://www.okzyw.tv/api.php/provide/vod/at/xml/",
      "cate": "电影片,21&&连续剧,22&&综艺片,23&&动漫片,24&&动作片,25&&喜剧片,26&&爱情片,27&&科幻片,28&&恐怖片,29&&剧情片,30&&战争片,31&&中国剧,32&&香港剧,33&&韩国剧,34&&欧美剧,35&&记录片,36&&台湾剧,37&&日本剧,38&&海外剧,39&&泰国剧,40&&中国综艺,41&&港台综艺,42&&日韩综艺,43&&欧美综艺,44&&中国动漫,45&&日韩动漫,46&&欧美动漫,47&&港台动漫,48&&海外动漫,49&&伦理片,52&&动画片,53&&古装片,54&&犯罪片,55&&惊悚片,56&&冒险片,57&&悬疑片,58&&其他剧,59&&邵氏电影,60",
      "click": true,
      "type": "xml",
      "detailUrl": ""
    },
    {
      "id": 1,
      "name": "江南",
      "url": "https://api.yjiexi.com/provide/xml.html",
      "cate": "电影,12&&国产剧,5&&动作片,6&&喜剧片,2&&电视剧,13&&港台剧,3&&动漫,14&&日韩剧,7&&爱情片,4&&综艺,8&&科幻片,15&&欧美剧,9&&恐怖片,16&&综合频道,10&&剧情片,11&&战争片,17",
      "click": true,
      "type": "xml",
      "detailUrl": ""
    },
    {
      "id": 1,
      "name": "速播",
      "url": "https://subocaiji.com/api.php/provide/vod/at/xml",
      "cate": "电视剧,3&&动漫,4&&综艺,5&&纪录片,6&&动作片,7&&爱情片,8&&科幻片,9&&战争片,10&&剧情片,11&&恐怖片,12&&喜剧片,13&&动漫电影,14&&中国剧,15&&台湾剧,16&&韩国剧,17&&欧美剧,18&&港澳剧,20&&日本剧,21&&泰国剧,22&&伦理片,23&&体育赛事,24",
      "click": true,
      "type": "xml",
      "detailUrl": ""
    },
    {
      "id": 1,
      "name": "天堂",
      "url": "http://vipmv.cc/api.php/provide/vod/at/xml",
      "cate": "电影,1&&连续剧,2&&综艺,3&&动漫,4&&动作片,6&&喜剧片,7&&爱情片,8&&科幻片,9&&恐怖片,10&&剧情片,11&&战争片,12&&国产剧,13&&港台剧,14&&日韩剧,15&&欧美剧,16&&哔哩哔哩,20",
      "click": true,
      "wePlus": {}
    },
    {
      "id": 1,
      "name": "18X 热巴",
      "url": "http://reba.liuxinxs.com/api.php/provide/vod/at/xml/",
      "cate": "❌,20&&中文字幕,21&&中国传媒,22&&中国视频,23&&日本有码,24&&日本无码,25&&巨乳美乳,26&&强奸乱伦,27&&成人动漫,29&&欧美激情,30&&站长精选,31&&网曝门,32&&91探花,33&&自拍偷拍,34&&福利姬,35&&主播网红,36",
      "click": true,
      "wePlus": {}
    },
    {
      "id": 1,
      "name": "18X 玉蝴蝶",
      "url": "https://jindiezy.com/api.php/provide/vod/at/xml",
      "cate": "❌,20&&视频一区,21&&视频二区,22&&中文字幕,23&&网曝黑料,24&&中国剧情,25&&中国视频,26&&日本有码,27&&日本无码,28&&强奸乱伦,29&&欧美无码,30&&激情动漫,31&&自拍偷拍,32&&小视频,33&&淫荡女优,34&&三级伦理,35&&制服诱惑,36&&中国主播,37",
      "click": true,
      "wePlus": {}
    },
    {
      "id": 1,
      "name": "18X 乐鱼",
      "url": "https://www.leyuzyapi.com/inc/api.php",
      "cate": "国产自拍,1&&日本无码,2&&日本有码,3&&中文字幕,4&&欧美精品,5&&动漫,6&&❌,7&&❌,8&&稀有另类,9",
      "click": true,
      "type": "xml",
      "detailUrl": ""
    },
    {
      "id":1,
      "name":"18X 神速",
      "url":"https://api.yinwoapi.com/api.php/provide/vod/from/ywm3u8/at/xml",
      "cate":"❌,20&&视频一区,21&&视频二区,22&&国产视频,23&&主播直播,24&&日本无码,25&&日本有码,26&&中文字幕,27&&巨乳美乳,28&&强奸乱伦,29&&欧美极品,30&&熟女人妻,31&&少女萝莉,32&&成人动漫,33&&制服诱惑,34&&变态调教,35&&自拍偷拍,36&&三级伦理,37&&明星偶像,38",
      "click":true,
      "type": "xml",
      "detailUrl": ""
    },
    {
      "id": 1,
      "name": "18X 香蕉",
      "url": "https://ea111.cc/api.php/provide/vod/at/xml/",
      "cate": "❌,20&&麻豆精品,21&&中国自拍,22&&中文字幕,23&&日系精品,24&&欧美激情,25&&无码高清,26&&动漫新番,27",
      "click": true,
      "type": "xml",
      "detailUrl": ""
    },
    {
      "id": 1,
      "name": "金鹰（旧）",
      "url": "https://www.jinyingzy.com/provide/vod/at/xml",
      "cate":"电影,2&&战争片,15&&恐怖片,13&&动画电影,23&&综艺,27&&日本剧,6&&爱情片,10&&剧情片,14&&国产剧,20&&欧美动漫,26&&动漫,17&&欧美剧,3&&喜剧片,11&&马泰剧,7&&纪录片,16&&日本动漫,25&&港台剧,4&&动作片,9&&科幻片,12&&电视剧,1&&中国动漫,24&&韩国剧,5&&❌,8&&❌,28",
      "click":true,
      "type": "xml",
      "detailUrl": ""
    },
    {
      "id": 1,
      "name": "一帆",
      "url": "http://m3u.if101.tv/api.php/provide/vod/at/xml/",
      "cate": "体育,24&&纪录片,25&&冒险片,28&&剧情片,29&&动作片,30&&动漫电影,31&&同性片,32&&喜剧片,33&&奇幻片,34&&恐怖片,35&&悬疑片,36&&惊悚片,37&&歌舞片,38&&灾难片,39&&爱情片,40&&犯罪片,41&&科幻片,42&&经典片,43&&网络电影,44&&战争片,117&&欧美剧,119&&日本剧,120&&韩国剧,121&&中国剧,122&&泰国剧,123&&香港剧,124&&台湾剧,125&&新马剧,126&&海外剧,127&&欧美综艺,128&&日本综艺,129&&韩国综艺,130&&中国综艺,131&&新马泰综艺,132&&港台综艺,133&&海外综艺,134&&欧美动漫,135&&日本动漫,136&&韩国动漫,137&&中国动漫,138&&新马泰动漫,139&&港台动漫,140&&海外动漫,142",
      "click": true,
      "type": "xml",
      "detailUrl": ""
    },
    {
      "id": 1,
      "name": "极客",
      "url": "https://jkzy1.com/api.php/provide/vod/at/xml/",
      "cate": "动作片,25&&喜剧片,26&&爱情片,27&&科幻片,28&&恐怖片,29&&剧情片,30&&战争片,31&&中国剧,32&&香港剧,33&&台湾剧,34&&欧美剧,35&&伦理片,36&&韩国剧,37&&日本剧,38&&海外剧,39&&中国综艺,40&&日韩综艺,41&&港台综艺,42&&欧美综艺,43&&中国动漫,44&&日韩动漫,45&&欧美动漫,46&&悬疑片,47&&犯罪片,48&&奇幻片,49&&泰国剧,50&&明星偶像,57&&纪录片,59&&邵氏电影,60&&动漫电影,61&&英国剧,62",
      "click": true,
      "type": "xml",
      "detailUrl": ""
    },
    {
      "id":1,
      "name":"橘猫",
      "url":"http://www.zitv.cc/api.php/provide/vod/at/xml/",
      "cate":"电影,1&&连续剧,2&&综艺,3&&动漫,4&&动作片,6&&喜剧片,7&&爱情片,8&&科幻片,9&&恐怖片,10&&剧情片,11&&战争片,12&&中国剧,13&&香港剧,14&&台湾剧,15&&欧美剧,16&&韩国剧,20&&日本剧,21&&海外剧,22&&纪录片,24&&动漫电影,25&&泰国剧,26",
      "click":true,
      "type": "xml",
      "detailUrl": ""
    },
    {
      "id": 1,
      "name": "韩剧资源",
      "url": "http://www.hanjuzy.com/inc/api.php",
      "cate": "综艺,3&&动漫,4&&动作片,5&&喜剧片,6&&爱情片,7&&科幻片,8&&恐怖片,9&&剧情片,10&&战争片,11&&犯罪片,12&&纪录片,13&&中国剧,14&&香港剧,15&&台湾剧,16&&日本剧,17&&韩国剧,18&&泰国剧,19&&欧美剧,20&&海外剧,21",
      "click": true,
      "type": "xml",
      "detailUrl": ""
    },
    {
      "id": 1,
      "name": "新卧龙",
      "url": "https://www.wolongzyw.com/api.php/provide/vod/at/xml/",
      "cate": "动作片,5&&喜剧片,6&&爱情片,7&&科幻片,8&&恐怖片,9&&剧情片,10&&战争片,11&&国产剧,12&&香港剧,13&&韩国剧,14&&欧美剧,15&&台湾剧,16&&日本剧,17&&海外剧,18&&纪录片,22&&短片,23&&动漫电影,24&&中国动漫,25&&欧美动漫,26&&日本动漫,27&&台湾综艺,30&&韩国综艺,31&&中国综艺,32&&泰国剧,33&&欧美综艺,37&&电影解说,38&&惊悚片,39&&歌舞片,41&&家庭片,42&&古装片,43&&历史片,44&&悬疑片,45&&犯罪片,46",
      "click": true,
      "type": "xml",
      "detailUrl": ""
    },
    {
      "id": 1,
      "name": "卧龙",
      "url": "https://collect.wolongzy.cc/api.php/provide/vod/at/xml/",
      "cate": "动作片,5&&喜剧片,6&&爱情片,7&&科幻片,8&&恐怖片,9&&剧情片,10&&战争片,11&&中国剧,12&&香港剧,13&&韩国剧,14&&欧美剧,15&&台湾剧,16&&日本剧,17&&海外剧,18&&纪录片,22&&短片,23&&动漫电影,24&&中国动漫,25&&欧美动漫,26&&日本动漫,27&&台湾综艺,30&&韩国综艺,31&&中国综艺,32&&泰国剧,33&&欧美综艺,37&&电影解说,38&&惊悚片,39&&歌舞片,41&&家庭片,42&&古装片,43&&历史片,44&&悬疑片,45&&犯罪片,48&&篮球,49伦理片,50&&足球,51",
      "click": true,
      "type": "xml",
      "detailUrl": ""
    },
    {
      "id": 1,
      "name": "松鼠",
      "url": "https://m3u8.songshuzy.com/api.php/provide/vod/at/xml/",
      "cate": "综艺,3&&动漫,4&&动作片,6&&喜剧片,7&&爱情片,8&&科幻片,9&&恐怖片,10&&悬疑片,11&&剧情片,12&&战争片,20&&纪录片,21&&❌,22&&动漫电影,23&&怀旧电影,24&&国产剧,25&&港台剧,26&&日韩剧,27&&欧美剧,28&&海外剧,29&&中国综艺,30&&港台综艺,31&&日韩综艺,32&&欧美综艺,33&&中国动漫,34&&日本动漫,35&&欧美动漫,36&&❌,37",
      "click": true,
      "type": "xml",
      "detailUrl": ""
    },
    {
      "id": 1,
      "name": "多多",
      "url": "https://www.ddzyz1.com/api.php/provide/vod/at/xml/",
      "cate": "综艺,3&&动漫,4&&动作片,6&&喜剧片,7&&爱情片,8&&科幻片,9&&恐怖片,10&&剧情片,11&&战争片,12&&国产剧,13&&港台剧,14&&日韩剧,15&&欧美剧,16&&泰国剧,20&&灾难片,21&&犯罪片,22&&悬疑片,23&&奥运,24&&纪录片,25&&伦理片,26&&动漫电影,27&&中国动漫,28&&日本动漫,29&&欧美动漫,30&&惊悚片,31&&奇幻片,32&&冒险片,33&&武侠片,34&&海外剧,35",
      "click": true,
      "type": "xml",
      "detailUrl": ""
    },
    {
      "id": 1,
      "name": "无尽海",
      "url": "https://api.wujinapi.me/api.php/provide/vod/at/xmlsea/",
      "cate":"动作片,6&&喜剧片,7&&爱情片,8&&科幻片,9&&恐怖片,10&&剧情片,11&&战争片,12&&国产剧,13&&香港剧,14&&台湾剧,15&&欧美剧,16&&❌,20&&纪录片,21&&韩国剧,22&&日本剧,23&&海外剧,24&&中国综艺,25&&韩国综艺,26&&台湾综艺,27&&欧美综艺,28&&中国动漫,29&&日本动漫,30&&欧美动漫,31&&悬疑片,32&&动漫电影,33&&犯罪片,34&&奇幻片,35&&邵氏电影,36&&泰国剧,37&&❌,38&&体育赛事,39",
      "click":true,
      "type": "xml",
      "detailUrl": ""
    },
    {
      "id":1,
      "name":"闪电海",
      "url":"https://sdzyapi.com/api.php/provide/vod/at/xmlsea/",
      "cate":"动作片,6&&喜剧片,7&&爱情片,8&&科幻片,9&&恐怖片,10&&剧情片,11&&战争片,12&&国产剧,13&&欧美剧,14&&韩国剧,15&&日本剧,16&&香港剧,17&&台湾剧,18&&泰国剧,19&&纪录片,20&&悬疑片,21&&犯罪片,22&&海外剧,23&&中国综艺,25&&韩国综艺,26&&台湾综艺,27&&欧美综艺,28&&中国动漫,29&&日本动漫,30&&欧美动漫,31&&冒险片,38&&动漫电影,39&&惊悚片,40&&奇幻片,43&&台湾动漫,44&&海外动漫,45&&伦理片,46&&演唱会,47&&体育赛事,48",
      "click":true,
      "type": "xml",
      "detailUrl": ""
    },
    {
      "id": 1,
      "name": "速影",
      "url": "https://xn--128-zm3fr26s.xyz/inc/api.php",
      "cate": "综艺,3&&动漫,4&&动作片,5&&喜剧片,6&&爱情片,7&&科幻片,8&&恐怖片,9&&剧情片,10&&战争片,11&&国产剧,12&&纪录片,20&&海外剧,21&&欧美剧,15&&日本剧,16&&韩国剧,17&&香港剧,18&&台湾剧,19",
      "click": true,
      "type": "xml",
      "detailUrl": ""
    },
    {
      "id":1,
      "name":"乐活",
      "url":"https://lehootv.com/api.php/provide/vod/at/xml/",
      "cate":"电影,1&&连续剧,2&&综艺,3&&动漫,4&&动作片,6&&喜剧片,7&&爱情片,8&&科幻片,9&&恐怖片,10&&剧情片,11&&战争片,12&&国产剧,13&&香港剧,14&&日本剧,15&&欧美剧,16&&台湾剧,20&&韩国剧,21&&泰国剧,22&&海外剧,23&&纪录片,27&&动画电影,28&&游戏,29&&微电影,30&&粤语片,31&&中国综艺,32&&港台综艺,33&&欧美综艺,34&&日韩综艺,35&&中国动漫,36&&日本动漫,37&&港台动漫,38&&欧美动漫,39&&越南剧,42&&奇幻片,43&&短视频,45&&音乐MV,46&&搞笑,47&&热点,48&&解说,49&&福利,50&&伦理片,55&&体育频道,56&&WWE摔跤娱乐,57&&赛车,58&&UFC终极格斗,59&&网球,60&&篮球,61&&足球,62&&自行车,63&&棒球,64&&摩托车,65&&橄榄球,66&&MMA综合格斗,67&&高尔夫,68&&台球,69&&拳击,70",
      "click":true,
      "type": "xml",
      "detailUrl": ""
    },
    {
      "id":1,
      "name":"神速",
      "url":"https://api.sszyapi.com/api.php/provide/vod/from/ssm3u8/at/xml",
      "cate":"动漫,4&&动作片,6&&喜剧片,7&&爱情片,8&&科幻片,9&&恐怖片,10&&犯罪片,11&&战争片,12&&国产剧,13&&香港剧,14&&台湾剧,15&&欧美剧,16&&动漫电影,20&&纪录片,21&&剧情片,22&&韩国剧,23&&日本剧,24&&海外剧,25&&中国综艺,26&&日韩综艺,27&&港台综艺,28&欧美综艺,29&&中国动漫,30&&欧美动漫,31&&日本动漫,32&&海外动漫,33&&电影解说,37&&奇幻片,38&&灾难片,39&&悬疑片,41&&❌,42&&泰国剧,43&&❌,44",
      "click":true,
      "type": "xml",
      "detailUrl": ""
    },
    {
      "id": 1,
      "name": "北斗",
      "url": "https://api.bdxapi.com/api.php/provide/vod/from/bdxm3u8/at/xml",
      "cate": "动作片,6&&喜剧片,7&&爱情片,8&&科幻片,9&&恐怖片,10&&犯罪片,11&&战争片,12&&国产剧,13&&香港剧,14&&台湾剧,15&&欧美剧,16&&动漫电影,20&&纪录片,21&&剧情片,22&&韩国剧,23&&日本剧,24&&海外剧,25&&中国综艺,26&&日韩综艺,27&&台湾综艺,28&&欧美综艺,29&&中国动漫,30&&欧美动漫,31&&日本动漫,32&&海外动漫,33&&电影解说,37&&奇幻片,38&&灾难片,39&&泰国剧,41&&❌,42&&❌,43",
      "click": true,
      "type": "xml",
      "detailUrl": ""
    },
    {
      "id": 1,
      "name": "555",
      "url": "http://www.zzrhgg.com/api.php/provide/vod/at/xml",
      "cate":"综合,1&&电视剧,2&&综艺,3&&动漫,4&&动作片,6&&喜剧片,7&&爱情片,8&&科幻片,9&&恐怖片,10&&剧情片,11&&战争片,12&&国产剧,13&&香港剧,14&&日本剧,15&&欧美剧,16&&❌,17&&❌,18&&❌,19",
      "click": true,
      "type": "xml",
      "detailUrl": ""
    },
    {
      "id": 1,
      "name": "欧乐",
      "url": "https://www.olevod.com/api.php/provide/vod/at/xml",
      "cate": "电影,1&&连续剧,2&&综艺,3&&动漫,703&&午夜影院,5&&蓝光影院,6&&专区,7&&电视直播,8&&欧美,701&&国产,504&&女优,505&&动作片,601&&喜剧片,602&&爱情片,603&&科幻片,604&&恐怖片,605&&剧情片,606&&战争片,607&&动画电影,608&&悬疑片,609&&惊悚片,610&&纪录片,611&&奇幻片,612&&犯罪片,613&&欧美剧,201&&国产剧,202&&港台剧,203&&日韩剧,204&&家庭,301&&音乐,302&&曲艺,303&&搞笑,304&&真人秀,305&&日本,401&&日韩,702&&亚洲,704&&知名女优,705&&央视,801&&地方,802&&免费,1002",
      "click": true,
      "type": "xml",
      "detailUrl": ""
    },
    {
      "id": 1,
      "name": "88云",
      "url": "http://www.88zyw.net/inc/m3u8.php",
      "cate": "动作片,5&&喜剧片,6&&爱情片,7&&科幻片,8&&恐怖片,9&&国产剧,12&&韩国剧,14&&欧美剧,15综艺,3&&中国动漫,22&&日本动漫,21&&欧美动漫,23",
      "click": true,
      "type": "xml",
      "detailUrl": ""
    },
    {
      "id": 1,
      "name": "美剧虫",
      "url": "https://meijuchong.com/api.php/v1.vod?type=typeId&class=&area=&lang=&year=&page=pageNum",
      "detailUrl": "https://meijuchong.com/api.php/v1.vod/detail?vod_id=detailId",
      "cate": "欧美剧,1&&海外剧,2&&日韩剧,3&&电影,4&&动漫,5",
      "type": "json",
      "click": true
    },
    {
      "id": 1,
      "name": "火猫视频",
      "url": "http://vv.humaoweb.com/mogai_api.php/gctvapi.vod?type=typeId&class=&area=&lang=&year=&page=pageNum",
      "detailUrl": "http://vv.humaoweb.com/mogai_api.php/gctvapi.vod/detail?vod_id=detailId",
      "cate": "电影,1&&电视剧,2&&综艺,3&&动漫,4",
      "type": "json",
      "click": true
    },
    {
      "id": 1,
      "name": "爱酷影视",
      "url": "https://www.zhanlangbu.com/ruifenglb_api.php/v1.vod?type=typeId&class=&area=&lang=&year=&page=pageNum",
      "detailUrl": "https://www.zhanlangbu.com/ruifenglb_api.php/v1.vod/detail?vod_id=detailId",
      "cate": "电影,1&&电视剧,2&&综艺,3&&动漫,4",
      "type": "json",
      "click": true
    },
    {
      "id": 1,
      "name": "DC影视",
      "url": "http://chaorenbb.com/api.php/v1.vod?type=typeId&class=&area=&lang=&year=&page=pageNum",
      "detailUrl": "http://chaorenbb.com/api.php/v1.vod/detail?vod_id=detailId",
      "cate": "电影,1&&电视剧,2&&综艺,3&&动漫,4",
      "type": "json",
      "click": true
    },
    {
      "id": 1,
      "name": "300看世界",
      "url": "https://300ys.xyz/mogai_api.php/v1.vod?type=typeId&class=&area=&lang=&year=&page=pageNum",
      "detailUrl": "https://300ys.xyz/mogai_api.php/v1.vod/detail?vod_id=detailId",
      "cate": "电影,1&&电视剧,2&&综艺,3&&动漫,4",
      "type": "json",
      "click": true
    },
    {
      "id": 1,
      "name": "哦呜影视",
      "url": "http://www.cx99999.cn/lvdou_api.php/v1.vod?type=typeId&class=&area=&lang=&year=&page=pageNum",
      "detailUrl": "http://www.cx99999.cn/lvdou_api.php/v1.vod/detail?vod_id=detailId",
      "cate": "电影,1&&电视剧,2&&综艺,3&&动漫,4",
      "type": "json",
      "click": true
    },
    {
      "id": 1,
      "name": "初心影视",
      "url": "https://www.5znn.video/api.php/v1.vod?type=typeId&class=&area=&lang=&year=&page=pageNum",
      "detailUrl": "https://www.5znn.video/api.php/v1.vod/detail?vod_id=detailId",
      "cate": "电影,1&&电视剧,2&&综艺,3&&动漫,4",
      "type": "json",
      "click": true
    },
    {
      "id": 1,
      "name": "创意影视",
      "url": "https://www.30dian.cn/api.php/v1.vod?type=typeId&class=&area=&lang=&year=&page=pageNum",
      "detailUrl": "https://www.30dian.cn/api.php/v1.vod/detail?vod_id=detailId",
      "cate": "电影,1&&电视剧,2&&综艺,3&&动漫,4",
      "type": "json",
      "click": true
    },
    {
      "id": 1,
      "name": "独播社",
      "url": "http://35ys.cc/api.php/v1.vod?type=typeId&class=&area=&lang=&year=&page=pageNum",
      "detailUrl": "http://35ys.cc/api.php/v1.vod/detail?vod_id=detailId",
      "cate": "电影,1&&电视剧,2&&综艺,3&&动漫,4",
      "type": "json",
      "click": true
    },
    {
      "id": 1,
      "name": "饭后影视",
      "url": "http://yinliub.cn/lvdou_api.php/v1.vod?type=typeId&class=&area=&lang=&year=&page=pageNum",
      "detailUrl": "http://yinliub.cn/lvdou_api.php/v1.vod/detail?vod_id=detailId",
      "cate": "电影,1&&电视剧,2&&综艺,3&&动漫,4",
      "type": "json",
      "click": true
    },
    {
      "id": 1,
      "name": "飓风影视",
      "url": "http://yidayy.top/lehailb_api.php/v1.vod?type=typeId&class=&area=&lang=&year=&page=pageNum",
      "detailUrl": "http://yidayy.top/lehailb_api.php/v1.vod/detail?vod_id=detailId",
      "cate": "电影,1&&电视剧,2&&综艺,3&&动漫,4",
      "type": "json",
      "click": true
    },
    {
      "id": 1,
      "name": "暖光影视",
      "url": "https://app.bl210.com/api.php/v1.vod?type=typeId&class=&area=&lang=&year=&page=pageNum",
      "detailUrl": "https://app.bl210.com/api.php/v1.vod/detail?vod_id=detailId",
      "cate": "电影,1&&电视剧,2&&综艺,3&&动漫,4",
      "type": "json",
      "click": true
    },
    {
      "id": 1,
      "name": "每天看看",
      "url": "http://47.113.126.237:1234/api.php/provide/vod/at/xml/",
      "cate": "电影,1&&连续剧,2&&综艺,3&&动漫,4&&动作片,6&&喜剧片,7&&爱情片,8&&科幻片,9&&恐怖片,10&&剧情片,11&&战争片,12&&国产剧,13&&港台剧,14&&日韩剧,15&&欧美剧,16&&犯罪片,20&&奇幻片,21&&悬疑片,22&&惊悚片,23&&其他剧,25&&泰国剧,26&&纪录片,27&&武侠片,29&&国产动漫,30&&日韩动漫,31&&欧美动漫,32&&大陆综艺,35&&港台综艺,36&&日韩综艺,37&&欧美综艺,38&&国创,40&&番剧,41&&B站资源,42&&少儿,43",
      "click": true,
      "type": "xml",
      "detailUrl": ""
    },
    {
      "id": 1,
      "name": "筋斗云",
      "url": "https://tv.jindcloud.com/api.php/provide/vod/at/xml/",
      "cate": "电影,1&&连续剧,2&&综艺,3&&动漫,4",
      "click": true,
      "type": "xml",
      "detailUrl": ""
    },
    {
      "id": 1,
      "name": "番茄",
      "url": "https://api.fqzy.cc/api.php/provide/vod/at/xml/",
      "cate": "❌,2&&综艺,3&&动漫,4&&❌,5&&动作片,6&&喜剧片,7&&爱情片,8&&科幻片,9&&恐怖片,10&&剧情片,11&&战争片,12&&国产剧,13&&香港剧,14&&韩国剧,15&&日本剧,16&&❌,17&&❌,18&&欧美剧,20&&❌,21&&纪录片,22&&中国综艺,23&&韩国综艺,24&&台湾综艺,25&&欧美综艺,26&&中国动漫,27&&日本动漫,28&&欧美动漫,29&&海外动漫,30&&动漫电影,31&&台湾剧,32&&海外剧,33&&❌,34",
      "click": true,
      "type": "xml",
      "detailUrl": ""
    },
    {
      "id": 1,
      "name": "海外电影",
      "url": "https://www.200121.com/api.php/provide/vod/at/xml/",
      "cate":"电影,1&&连续剧,2&&综艺,3&&动漫,4&&动作片,6&&喜剧片,7&&爱情片,8&&科幻片,9&&恐怖片,10&&剧情片,11&&战争片,12&&国产剧,13&&港台剧,14&&日韩剧,15&&欧美剧,16&&纪录片,24&&奇幻片,25&&泰国剧,26&&足球,32",
      "click": true,
      "type": "xml",
      "detailUrl": ""
    },
    {
      "id": 1,
      "name": "飘花",
      "url": "http://www.zzrhgg.com/api.php/provide/vod/at/xml/",
      "cate": "电影,1&&电视剧,2&&综艺,3&&动漫,4&&动作片,6&&喜剧片,7&&爱情片,8&&科幻片,9&&恐怖片,10&&剧情片,11&&战争片,12&&国产剧,13&&港台剧,14&&日韩剧,15&&欧美剧,16",
      "click": true,
      "type": "xml",
      "detailUrl": ""
    },
    {
      "id":1,
      "name":"CK原生解码",
      "url":"https://ckzy.me/api.php/provide/vod/from/ckm3u8/at/xml/",
      "cate":"伦理片,21&&教程,22&&电影,23&&动作片,24&&喜剧片,25&&爱情片,26&&科幻片,27&&恐怖片,28&&剧情片,29&&战争片,30&&悬疑片,31&&记录片,32&&犯罪片,33&&奇幻片,34&&电视剧,35&&国产剧,36&&欧美剧,37&&日韩剧,38&&港台剧,39",
      "click":true,
      "type": "xml",
      "detailUrl": ""
    },
    {
      "id":1,
      "name":"酷源",
      "url":"https://api.kuapi.cc/api.php/provide/vod/at/xml/",
      "cate":"电影,1&&电视剧,2&&综艺,3&&动漫,4&&动作片,6&&喜剧片,7&&爱情片,8&&科幻片,9&&恐怖片,10&&剧情片,11&&战争片,12&&国产剧,13&&港澳剧,14&&日剧,15&&欧美剧,16&&台湾剧,20&&韩剧,21&&泰剧,22&&纪录片,24&&动漫电影,25&&音乐MV,29",
      "click":true,
      "type": "xml",
      "detailUrl": ""
    },
    {
      "id": 1,
      "name": "39影视",
      "url": "https://www.39kan.com/api.php/provide/vod/at/xml/",
      "cate": "动漫,4&&动作片,6&&喜剧片,7&&爱情片,8&&科幻片,9&&恐怖片,10&&剧情片,11&&战争片,12&&国产剧,13&&港台剧,14&&日韩剧,15&&欧美剧,16",
      "click": true,
      "type": "xml",
      "detailUrl": ""
    },
    {
      "id":1,
      "name":"千寻时光",
      "url":"http://wy.dqyhg.cn/api.php/provide/vod/at/xml/",
      "cate":"电影,1&&连续剧,2&&综艺,3&&动漫,4&&动作片,6&&喜剧片,7&&爱情片,8&&科幻片,9&&恐怖片,10&&剧情片,11&&战争片,12&&国产剧,13&&港台剧,14&&日韩剧,15&&欧美剧,16&&直播,21&&国产动漫,22&&日本动漫,23&&动漫片,24&&蓝光,25&&大陆综艺,26&&日韩综艺,27&&港台综艺,28&&欧美综艺,29&&欧美动漫,30&&体育赛事,31&&格斗摔跤,32&&赛车,33&&网球,34&&篮球,35&&足球,36&&歌曲MV,37&&短视频,38&&自行车,39&&摩托车,40&&棒球,41&&高尔夫,42&&台球,43",
      "click":true,
      "type": "xml",
      "detailUrl": ""
    },
    {
      "id":1,
      "name":"趣看",
      "url":"http://qkmp4.cn/api.php/provide/vod/at/xml/",
      "cate":"电影,1&&连续剧,2&&综艺,3&&动漫,4&&动作片,6&&喜剧片,7&&爱情片,8&&科幻片,9&&恐怖片,10&&剧情片,11&&战争片,12&&国产剧,13&&港台剧,14&&日韩剧,15&&欧美剧,16",
      "click":true,
      "type": "xml",
      "detailUrl": ""
    },
    {
      "id":1,
      "name":"飞鱼",
      "url":"https://app.feiyu5.com/api.php/provide/vod/at/xml/",
      "cate":"电影,1&&连续剧,2&&综艺,3&&动漫,4&&动作片,6&&喜剧片,7&&爱情片,8&&科幻片,9&&恐怖片,10&&剧情片,11&&战争片,12&&国产剧,13&&港台剧,14&&日韩剧,15&&欧美剧,16",
      "click":true,
      "type": "xml",
      "detailUrl": ""
    },
    {
      "id": 1,
      "name": "播放呀",
      "url": "https://www.bofangya.com/api.php/provide/vod/at/xml",
      "cate": "电影,1&&连续剧,2&&综艺,3&&动漫,4&&动作片,6&&喜剧片,7&&爱情片,8&&科幻片,9&&恐怖片,10&&剧情片,11&&战争片,12&&国产剧,13&&港台剧,14&&日韩剧,15&&欧美剧,16&&纪录片,21&&泰剧,23&&惊辣片,24&&犯罪片,25&&冒险片,26&&悬疑片,27&&动画片,28&&武侠片,29&&奇幻片,30",
      "click": true,
      "type": "xml",
      "detailUrl": ""
    },
    {
      "id": 1,
      "name": "柚子",
      "url": "http://tv.aitesucai.xyz/api.php/provide/vod/at/xml",
      "cate": "32&&蓝光电影,34&&蓝光电视剧,37&&蓝光动漫,38&&蓝光综艺,40&&综艺,3&&动漫,4&&动作片,6&&喜剧片,7&&爱情片,8&&科幻片,9&&恐怖片,10&&剧情片,11&&战争片,12&&国产剧,13&&港台剧,14&&日韩剧,15&&欧美剧,16&&海外剧,21",
      "click": true,
      "type": "xml",
      "detailUrl": ""
    }
  ]
}
