
{
  "data": [
    {
      "name": "已经迁移至CDN此外仅作测试(体育）",
      "pic": "https://imgtu.com/i/69Burj",
      "url": "https://gitee.com/shuncaigao/sourceShare/raw/master/tv/doubantop100.json",
      "type": "webPlug",
      "subTitle": "高清有筛选",
      "subMobileTitle": "(wpcm有空再调2.23）",
      "ads": "",
      "webUrl": "https://www.heibaizhibo.com/",
      "webOpen": true,
      "click": true,
      "webPlus": {
        "search_url": "https://www.pianku.li/s/{kw}.html",
        "nav_url": "https://www.heibaizhibo.com/live/navCate",
        "cate_url": "https://www.pianku.li/vod/show/id/cateNav/page/catePage/year/cateYear.html",
        "web_name": "片库",
        "kw": "wd",
        "params": [
          {
            "key": "key",
            "value": "value"
          }
        ],
        "navHtml": {
          "name": [
           
           
            "篮球",
            
            "足球"
            
          ],
          "cate": [
            "basketball",
            "soccer"          
          ],
          "page": "1"
        },
        "cateHtml": {
          "isCate": false,
          "isYear": false,
          "isArea": false,
          "cate": "全部,&&动作,动作&&剧情,剧情&&喜剧,喜剧&&爱情,爱情&&科幻,科幻&&惊悚,惊悚&&恐怖,恐怖&&悬疑,悬疑&&奇幻,奇幻&&历史,历史&&犯罪,犯罪&&动画,动画&&丧尸,丧尸&&幻想,幻想&&战争,战争&&暴力,暴力&&古装,古装&&武侠,武侠&&灾难,灾难",
          "year": "全部,&&2020,2020&&2019,2019&&2018,2018&&2017,2017&&2016,2016&&2015,2015&&2014,2014&&2013,2013&&2012,2012&&2011,2011&&2010,2010&&2009,2009&&2008,2008&&更早,更早",
          "area": "全部,&&大陆,大陆&&香港,香港&&台湾,台湾&&美国,美国&&法国,法国&&英国,英国&&日本,日本&&韩国,韩国&&印度,印度&&德国,德国&&泰国,泰国&&其他,其他"
        },
        "html": {
          "episodes": {
            "hasUrlPrefix": false,
            "isListItemAttr": true,
            "isReg": false,
            "isRegNeedDecoder": false,
            "listCss": "div.list",
            "isMultiList": false,
            "listCssMulti": "",
            "listItemAttr": "href",
            "listItemCss": "span.name",
            "listItemIndex": 0,
            "mainCss": "div.list",
            "mainIndex": 0,
            "regIndexList": [
              0
            ],
            "regItemIndex": 0,
            "regItemStr": "",
            "regSplitList": [
              ""
            ],
            "regStrList": [
              ""
            ]
          },
          "nav": {
            "isKWInUrl": false,
            "isWebPlay": false,
            "descAttr": "",
            "descCss": "",
            "descIndex": 0,
            "hasImgUrlPrefix": true,
            "hasUrlPrefix": false,
            "imgAttr": "src",
            "imgCss": "span.left > img",
            "imgIndex": 0,
            "isDescAttr": false,
            "isImgAttr": true,
            "isNameAttr": true,
            "isUrlAttr": true,
            "mainCss": "div.events-list",
            "mainListIndex": 0,
            "nameAttr": "text",
            "nameCss": "span.left > em",
            "nameIndex": 0,
            "searchListCss": "",
            "urlAttr": "href",
            "urlCss": "div > a",
            "urlIndex": 0
          },
          "search": {
            "isKWInUrl": false,
            "isWebPlay": false,
            "descAttr": "",
            "descCss": "span.bottom1",
            "descIndex": 0,
            "hasImgUrlPrefix": true,
            "hasUrlPrefix": false,
            "imgAttr": "data-funlazy",
            "imgCss": "img",
            "imgIndex": 0,
            "isDescAttr": false,
            "isImgAttr": true,
            "isNameAttr": true,
            "isUrlAttr": true,
            "mainCss": "ul.player.ckp",
            "mainListIndex": 0,
            "nameAttr": "title",
            "nameCss": "a",
            "nameIndex": 0,
            "searchListCss": "ul > li",
            "urlAttr": "href",
            "urlCss": "a",
            "urlIndex": 0
          },
          "video": {
            "episodesListCss": "",
            "episodesMainCss": "",
            "episodesMainIndex": 0,
            "hasEpisodes": false,
            "hasUrlPrefix": false,
            "iframeAttr": "src",
            "iframeIndex": 0,
            "isFrame": true,
            "isFrameProcess": false,
            "isItemAttr": false,
            "isNameAttr": false,
            "isReg": true,
            "isUrlAttr": false,
            "itemAttr": "",
            "itemCss": "script",
            "itemIndex": 2,
            "mainCss": "body",
            "mainIndex": 0,
            "nameAttr": "",
            "nameCss": "",
            "nameIndex": 0,
            "regIndex": 0,
            "regStr": "(?<=<video src=\")(.*)(?=\" controls=)",
            "title": "",
            "urlAttr": "",
            "urlCss": "",
            "urlIndex": 0,
            "videoCss": "",
            "videoIndex": 1,
            "isVideoUrlAttr": true,
            "videoUrlAttr": "",
            "isFromWebView": false,
            "js": ""
          }
        }
      }
    },

    {
      "name": "24看球网(体育）",
      "pic": "https://imgtu.com/i/69Burj",
      "url": "https://gitee.com/shuncaigao/sourceShare/raw/master/tv/doubantop100.json",
      "type": "webPlug",
      "subTitle": "高清有筛选",
      "subMobileTitle": "(wpcm有空再调2.23）",
      "ads": "",
      "webUrl": "http://24kanqiu.com/",
      "webOpen": true,
      "click": true,
      "webPlus": {
        "search_url": "",
        "nav_url": "http://24kanqiu.com/navCate/",
        "cate_url": "https://www.pianku.li/vod/show/id/cateNav/page/catePage/year/cateYear.html",
        "web_name": "24看球网",
        "kw": "wd",
        "params": [
          {
            "key": "key",
            "value": "value"
          }
        ],
        "navHtml": {
          "name": [
           
           "热门",
            "篮球",
            
            "足球"
            
          ],
          "cate": [
            "hot",
            "lanqiu",
            "zuqiu"          
          ],
          "page": "1"
        },
        "cateHtml": {
          "isCate": false,
          "isYear": false,
          "isArea": false,
          "cate": "全部,&&动作,动作&&剧情,剧情&&喜剧,喜剧&&爱情,爱情&&科幻,科幻&&惊悚,惊悚&&恐怖,恐怖&&悬疑,悬疑&&奇幻,奇幻&&历史,历史&&犯罪,犯罪&&动画,动画&&丧尸,丧尸&&幻想,幻想&&战争,战争&&暴力,暴力&&古装,古装&&武侠,武侠&&灾难,灾难",
          "year": "全部,&&2020,2020&&2019,2019&&2018,2018&&2017,2017&&2016,2016&&2015,2015&&2014,2014&&2013,2013&&2012,2012&&2011,2011&&2010,2010&&2009,2009&&2008,2008&&更早,更早",
          "area": "全部,&&大陆,大陆&&香港,香港&&台湾,台湾&&美国,美国&&法国,法国&&英国,英国&&日本,日本&&韩国,韩国&&印度,印度&&德国,德国&&泰国,泰国&&其他,其他"
        },
        "html": {
          "episodes": {
            "hasUrlPrefix": false,
            "isListItemAttr": true,
            "isReg": false,
            "isRegNeedDecoder": false,
            "listCss": "",
            "isMultiList": false,
            "listCssMulti": "",
            "listItemAttr": "data-url",
            "listItemCss": "",
            "listItemIndex": 0,
            "mainCss": "a.toLive",
            "mainIndex": 0,
            "regIndexList": [
              0
            ],
            "regItemIndex": 0,
            "regItemStr": "",
            "regSplitList": [
              ""
            ],
            "regStrList": [
              ""
            ]
          },
          "nav": {
            "isKWInUrl": false,
            "isWebPlay": false,
            "descAttr": "",
            "descCss": "",
            "descIndex": 0,
            "hasImgUrlPrefix": true,
            "hasUrlPrefix": false,
            "imgAttr": "src",
            "imgCss": "div.home_team > img",
            "imgIndex": 0,
            "isDescAttr": false,
            "isImgAttr": true,
            "isNameAttr": true,
            "isUrlAttr": true,
            "mainCss": "div.today > a",
            "mainListIndex": 0,
            "nameAttr": "text",
            "nameCss": "div.home_team > p",
            "nameIndex": 0,
            "searchListCss": "",
            "urlAttr": "href",
            "urlCss": "a",
            "urlIndex": 0
          },
          "search": {
            "isKWInUrl": false,
            "isWebPlay": false,
            "descAttr": "",
            "descCss": "span.bottom1",
            "descIndex": 0,
            "hasImgUrlPrefix": true,
            "hasUrlPrefix": false,
            "imgAttr": "data-funlazy",
            "imgCss": "img",
            "imgIndex": 0,
            "isDescAttr": false,
            "isImgAttr": true,
            "isNameAttr": true,
            "isUrlAttr": true,
            "mainCss": "ul.player.ckp",
            "mainListIndex": 0,
            "nameAttr": "title",
            "nameCss": "a",
            "nameIndex": 0,
            "searchListCss": "ul > li",
            "urlAttr": "href",
            "urlCss": "a",
            "urlIndex": 0
          },
          "video": {
            "episodesListCss": "",
            "episodesMainCss": "",
            "episodesMainIndex": 0,
            "hasEpisodes": false,
            "hasUrlPrefix": false,
            "iframeAttr": "src",
            "iframeIndex": 0,
            "isFrame": true,
            "isFrameProcess": false,
            "isItemAttr": false,
            "isNameAttr": false,
            "isReg": true,
            "isUrlAttr": false,
            "itemAttr": "",
            "itemCss": "script",
            "itemIndex": 2,
            "mainCss": "body",
            "mainIndex": 0,
            "nameAttr": "",
            "nameCss": "",
            "nameIndex": 0,
            "regIndex": 0,
            "regStr": "(?<=<video src=\")(.*)(?=\" controls=)",
            "title": "",
            "urlAttr": "",
            "urlCss": "",
            "urlIndex": 0,
            "videoCss": "",
            "videoIndex": 1,
            "isVideoUrlAttr": true,
            "videoUrlAttr": "",
            "isFromWebView": false,
            "js": ""
          }
        }
      }
    }
  ]
}
