{
  "data": [
    {
      "name": "94神马(规则)",
      "pic": "https://img3.doubanio.com/view/activity_page/raw/public/p4191.jpg",
      "type": "webPlug",
      "subTitle": "高清无筛选(菜单键或上下键选集)",
      "subMobileTitle": "高清无筛选",
      "ads": "/cdn/bottom",
      "webUrl": "http://www.9rmb.com",
      "webOpen": false,
      "click": true,
      "webPlus": {
        "search_url": "http://www.9rmb.com/search?wd={kw}",
        "nav_url": "http://www.9rmb.com/type/navCate/navPage.html",
        "cate_url": "http://1090ys1.com/whole/cateNav_cateArea_cateCate__cateYear___0_id_catePage.html",
        "web_name": "94神马",
        "kw": "wd",
        "params": [
          {
            "key": "key",
            "value": "value"
          }
        ],
        "navHtml": {
          "name": [
            "电影",
            "电视剧",
            "动漫",
            "综艺"
          ],
          "cate": [
            "1",
            "2",
            "4",
            "3"
          ],
          "page": "1"
        },
        "cateHtml": {},
        "html": {
          "episodes": {
            "hasUrlPrefix": false,
            "isListItemAttr": true,
            "isReg": false,
            "isRegNeedDecoder": false,
            "listCss": "ul.dslist-group > li",
            "isMultiList": false,
            "listCssMulti": "",
            "listItemAttr": "href",
            "listItemCss": "a",
            "listItemIndex": 0,
            "mainCss": "div.container-fluid",
            "mainIndex": 0,
            "regIndexList": [
              0
            ],
            "regItemIndex": 0,
            "regItemStr": "",
            "regSplitList": [
              ""
            ],
            "regStrList": [
              ""
            ]
          },
          "nav": {
            "isKWInUrl": false,
            "isWebPlay": false,
            "descAttr": "",
            "descCss": "button.hdtag",
            "descIndex": 0,
            "hasImgUrlPrefix": true,
            "hasUrlPrefix": false,
            "imgAttr": "src",
            "imgCss": "img",
            "imgIndex": 0,
            "isDescAttr": false,
            "isImgAttr": true,
            "isNameAttr": true,
            "isUrlAttr": true,
            "mainCss": "div.row",
            "mainListIndex": 1,
            "nameAttr": "title",
            "nameCss": "a",
            "nameIndex": 0,
            "searchListCss": "div.col-md-1-5 > div.movie-item",
            "urlAttr": "href",
            "urlCss": "a",
            "urlIndex": 0
          },
          "search": {
            "isKWInUrl": false,
            "isWebPlay": false,
            "descAttr": "",
            "descCss": "button.hdtag",
            "descIndex": 0,
            "hasImgUrlPrefix": true,
            "hasUrlPrefix": false,
            "imgAttr": "src",
            "imgCss": "img",
            "imgIndex": 0,
            "isDescAttr": false,
            "isImgAttr": true,
            "isNameAttr": true,
            "isUrlAttr": true,
            "mainCss": "div.row",
            "mainListIndex": 1,
            "nameAttr": "title",
            "nameCss": "a",
            "nameIndex": 0,
            "searchListCss": "div.col-md-1-5 > div.movie-item",
            "urlAttr": "href",
            "urlCss": "a",
            "urlIndex": 0
          },
          "video": {}
        }
      }
    },
    {
      "name": "极品影视(规则)",
      "pic": "https://www.jpysvip.net/template/mytheme/statics/img/logo.png",
      "type": "webPlug",
      "subTitle": "高清无筛选(菜单键或上下键选集)",
      "subMobileTitle": "高清无筛选",
      "ads": "",
      "webUrl": "https://www.jpysvip.net",
      "webOpen": false,
      "click": true,
      "webPlus": {
        "search_url": "https://www.jpysvip.net/vodsearch/-------------.html?wd={kw}&submit=",
        "nav_url": "https://www.jpysvip.net/vodtype/navCate-navPage.html",
        "cate_url": "",
        "web_name": "极品影视",
        "kw": "wd",
        "params": [
          {
            "key": "key",
            "value": "value"
          }
        ],
        "navHtml": {
          "name": [
            "电影",
            "电视剧",
            "动漫",
            "综艺"
          ],
          "cate": [
            "1",
            "2",
            "4",
            "3"
          ],
          "page": "1"
        },
        "cateHtml": {},
        "html": {
          "episodes": {
            "hasUrlPrefix": false,
            "isListItemAttr": true,
            "isReg": false,
            "isRegNeedDecoder": false,
            "listCss": "ul.myui-content__list > li",
            "isMultiList": false,
            "listCssMulti": "",
            "listItemAttr": "href",
            "listItemCss": "a",
            "listItemIndex": 0,
            "mainCss": "div.tab-content.myui-panel_bd",
            "mainIndex": 0,
            "regIndexList": [
              0
            ],
            "regItemIndex": 0,
            "regItemStr": "",
            "regSplitList": [
              ""
            ],
            "regStrList": [
              ""
            ]
          },
          "nav": {
            "isKWInUrl": false,
            "isWebPlay": false,
            "descAttr": "",
            "descCss": "span.pic-text.text-right",
            "descIndex": 0,
            "hasImgUrlPrefix": true,
            "hasUrlPrefix": false,
            "imgAttr": "data-original",
            "imgCss": "a",
            "imgIndex": 0,
            "isDescAttr": false,
            "isImgAttr": true,
            "isNameAttr": true,
            "isUrlAttr": true,
            "mainCss": "ul.myui-vodlist.clearfix",
            "mainListIndex": 0,
            "nameAttr": "title",
            "nameCss": "a",
            "nameIndex": 0,
            "searchListCss": "li",
            "urlAttr": "href",
            "urlCss": "a",
            "urlIndex": 0
          },
          "search": {
            "isKWInUrl": false,
            "isWebPlay": false,
            "descAttr": "",
            "descCss": "span.pic-text.text-right",
            "descIndex": 0,
            "hasImgUrlPrefix": true,
            "hasUrlPrefix": false,
            "imgAttr": "data-original",
            "imgCss": "a",
            "imgIndex": 0,
            "isDescAttr": false,
            "isImgAttr": true,
            "isNameAttr": true,
            "isUrlAttr": true,
            "mainCss": "ul.myui-vodlist__media.clearfix",
            "mainListIndex": 0,
            "nameAttr": "title",
            "nameCss": "a",
            "nameIndex": 0,
            "searchListCss": "li",
            "urlAttr": "href",
            "urlCss": "a",
            "urlIndex": 0
          },
          "video": {}
        }
      }
    },
    {
      "name": "闪电影视(规则)",
      "pic": "https://cdn.jsdelivr.net/gh/amujie/mojia@master/asset/img/favicon.png",
      "type": "webPlug",
      "subTitle": "高清无筛选(菜单键或上下键选集)",
      "subMobileTitle": "高清无筛选",
      "ads": "",
      "webUrl": "https://www.ak1080.com/",
      "webOpen": false,
      "click": true,
      "webPlus": {
        "search_url": "https://www.ak1080.com/vodsearch/-------------.html?wd={kw}",
        "nav_url": "https://www.ak1080.com/vodshow/navCate--------navPage---.html",
        "cate_url": "",
        "web_name": "闪电影视",
        "kw": "wd",
        "params": [
          {
            "key": "key",
            "value": "value"
          }
        ],
        "navHtml": {
          "name": [
            "电影",
            "电视剧",
            "动漫",
            "综艺"
          ],
          "cate": [
            "1",
            "2",
            "4",
            "3"
          ],
          "page": "1"
        },
        "cateHtml": {},
        "html": {
          "episodes": {
            "hasUrlPrefix": false,
            "isListItemAttr": true,
            "isReg": false,
            "isRegNeedDecoder": false,
            "listCss": "ul.mo-movs-item > li",
            "isMultiList": false,
            "listCssMulti": "",
            "listItemAttr": "href",
            "listItemCss": "a",
            "listItemIndex": 0,
            "mainCss": "div.mo-main-info",
            "mainIndex": 0,
            "regIndexList": [
              0
            ],
            "regItemIndex": 0,
            "regItemStr": "",
            "regSplitList": [
              ""
            ],
            "regStrList": [
              ""
            ]
          },
          "nav": {
            "isKWInUrl": false,
            "isWebPlay": false,
            "descAttr": "",
            "descCss": "span.mo-situ-rema",
            "descIndex": 0,
            "hasImgUrlPrefix": true,
            "hasUrlPrefix": false,
            "imgAttr": "data-original",
            "imgCss": "a",
            "imgIndex": 0,
            "isDescAttr": false,
            "isImgAttr": true,
            "isNameAttr": false,
            "isUrlAttr": true,
            "mainCss": "div.mo-part-round",
            "mainListIndex": 1,
            "nameAttr": "",
            "nameCss": "a",
            "nameIndex": 1,
            "searchListCss": "li.mo-cols-info",
            "urlAttr": "href",
            "urlCss": "a",
            "urlIndex": 0
          },
          "search": {
            "isKWInUrl": false,
            "isWebPlay": false,
            "descAttr": "",
            "descCss": "span.mo-situ-rema",
            "descIndex": 0,
            "hasImgUrlPrefix": true,
            "hasUrlPrefix": false,
            "imgAttr": "data-original",
            "imgCss": "a",
            "imgIndex": 0,
            "isDescAttr": false,
            "isImgAttr": true,
            "isNameAttr": false,
            "isUrlAttr": true,
            "mainCss": "div.mo-main-info",
            "mainListIndex": 0,
            "nameAttr": "",
            "nameCss": "h1",
            "nameIndex": 0,
            "searchListCss": "dl:has(a)",
            "urlAttr": "href",
            "urlCss": "a",
            "urlIndex": 0
          },
          "video": {}
        }
      }
    },
    {
      "name": "9亿看看(规则)",
      "pic": "https://www.9ehao.com/template/mytheme/statics/image/20200524/5a457d73e.ico",
      "type": "webPlug",
      "subTitle": "",
      "subMobileTitle": "",
      "ads": "",
      "webUrl": "https://www.9ehao.com/",
      "webOpen": false,
      "click": true,
      "webPlus": {
        "search_url": "https://www.9ehao.com/vod/search.html?wd={kw}&submit=",
        "nav_url": "https://www.9ehao.com/vodshow/navCate/page/navPage.html",
        "cate_url": "https://9ehao.com/vodshow/cateNav/area/cateArea/page/catePage/year/cateYear/class/cateCate",
        "web_name": "9亿看看",
        "kw": "wd",
        "params": [
          {
            "key": "key",
            "value": "value"
          }
        ],
        "navHtml": {
          "name": [
            "电影",
            "连续剧",
            "综艺",
            "动漫"
          ],
          "cate": [
            "dianying",
            "lianxuju",
            "zongyi",
            "dongman"
          ],
          "page": "1"
        },
        "cateHtml": {},
        "html": {
          "episodes": {
            "hasUrlPrefix": false,
            "isListItemAttr": true,
            "isReg": false,
            "isRegNeedDecoder": false,
            "listCss": "ul > li",
            "isMultiList": false,
            "listCssMulti": "",
            "listItemAttr": "href",
            "listItemCss": "a",
            "listItemIndex": 0,
            "mainCss": "div.tab-content.myui-panel_bd",
            "mainIndex": 0,
            "regIndexList": [
              0
            ],
            "regItemIndex": 0,
            "regItemStr": "",
            "regSplitList": [
              ""
            ],
            "regStrList": [
              ""
            ]
          },
          "nav": {
            "isKWInUrl": false,
            "isWebPlay": false,
            "descAttr": "",
            "descCss": "span.pic-text.text-right",
            "descIndex": 0,
            "hasImgUrlPrefix": true,
            "hasUrlPrefix": false,
            "imgAttr": "data-original",
            "imgCss": "a",
            "imgIndex": 0,
            "isDescAttr": false,
            "isImgAttr": true,
            "isNameAttr": true,
            "isUrlAttr": true,
            "mainCss": "ul.myui-vodlist.clearfix",
            "mainListIndex": 0,
            "nameAttr": "title",
            "nameCss": "a",
            "nameIndex": 0,
            "searchListCss": "li",
            "urlAttr": "href",
            "urlCss": "a",
            "urlIndex": 0
          },
          "search": {
            "isKWInUrl": false,
            "isWebPlay": false,
            "descAttr": "",
            "descCss": "span.pic-text.text-right",
            "descIndex": 0,
            "hasImgUrlPrefix": true,
            "hasUrlPrefix": false,
            "imgAttr": "data-original",
            "imgCss": "a",
            "imgIndex": 0,
            "isDescAttr": false,
            "isImgAttr": true,
            "isNameAttr": true,
            "isUrlAttr": true,
            "mainCss": "ul#searchList",
            "mainListIndex": 0,
            "nameAttr": "title",
            "nameCss": "a",
            "nameIndex": 0,
            "searchListCss": "li",
            "urlAttr": "href",
            "urlCss": "a",
            "urlIndex": 0
          },
          "video": {}
        }
      }
    },
    {
      "name": "大师兄影视(规则)",
      "pic": "https://tv.ci/favicon.ico",
      "type": "webPlug",
      "subTitle": "高清无筛选(菜单键或上下键选集)",
      "subMobileTitle": "高清无筛选",
      "ads": "",
      "webUrl": "https://tv.ci/",
      "webOpen": false,
      "click": true,
      "webPlus": {
        "search_url": "https://tv.ci/sb/ke7nhZe3c{kw}-/page/1.html",
        "nav_url": "https://tv.ci/type/navCate-navPage.html",
        "cate_url": "",
        "web_name": "大师兄影视",
        "kw": "wd",
        "params": [
          {
            "key": "key",
            "value": "value"
          }
        ],
        "navHtml": {
          "name": [
            "电影",
            "电视剧",
            "综艺",
            "动漫"
          ],
          "cate": [
            "1",
            "2",
            "3",
            "4"
          ],
          "page": "1"
        },
        "cateHtml": {},
        "html": {
          "episodes": {
            "hasUrlPrefix": false,
            "isListItemAttr": true,
            "isReg": false,
            "isRegNeedDecoder": false,
            "listCss": "ul.myui-content__list > li",
            "isMultiList": false,
            "listCssMulti": "",
            "listItemAttr": "href",
            "listItemCss": "a",
            "listItemIndex": 0,
            "mainCss": "div.tab-content.myui-panel_bd",
            "mainIndex": 0,
            "regIndexList": [
              0
            ],
            "regItemIndex": 0,
            "regItemStr": "",
            "regSplitList": [
              ""
            ],
            "regStrList": [
              ""
            ]
          },
          "nav": {
            "isKWInUrl": false,
            "isWebPlay": false,
            "descAttr": "",
            "descCss": "span.pic-text.text-right",
            "descIndex": 0,
            "hasImgUrlPrefix": true,
            "hasUrlPrefix": false,
            "imgAttr": "data-original",
            "imgCss": "a",
            "imgIndex": 0,
            "isDescAttr": false,
            "isImgAttr": true,
            "isNameAttr": true,
            "isUrlAttr": true,
            "mainCss": "ul.myui-vodlist.clearfix",
            "mainListIndex": 0,
            "nameAttr": "title",
            "nameCss": "a",
            "nameIndex": 0,
            "searchListCss": "li",
            "urlAttr": "href",
            "urlCss": "a",
            "urlIndex": 0
          },
          "search": {
            "isKWInUrl": false,
            "isWebPlay": false,
            "descAttr": "",
            "descCss": "span.pic-text.text-right",
            "descIndex": 0,
            "hasImgUrlPrefix": true,
            "hasUrlPrefix": false,
            "imgAttr": "data-original",
            "imgCss": "a",
            "imgIndex": 0,
            "isDescAttr": false,
            "isImgAttr": true,
            "isNameAttr": false,
            "isUrlAttr": true,
            "mainCss": "ul#searchList",
            "mainListIndex": 0,
            "nameAttr": "",
            "nameCss": "h4",
            "nameIndex": 0,
            "searchListCss": "li",
            "urlAttr": "href",
            "urlCss": "a",
            "urlIndex": 0
          },
          "video": {}
        }
      }
    },
    {
      "name": "NFXHD(规则)",
      "pic": "https://pic.imgdb.cn/item/607e57458322e6675cedc92a.png",
      "type": "webPlug",
      "subTitle": "",
      "subMobileTitle": "",
      "ads": "",
      "webUrl": "https://nfxhd.com/",
      "webOpen": false,
      "click": true,
      "webPlus": {
        "search_url": "https://nfxhd.com/vodsearch/-------------/?wd={kw}&submit=",
        "nav_url": "https://nfxhd.com/vodtype/navCate-navPage/",
        "cate_url": "",
        "web_name": "奈非星",
        "kw": "wd",
        "params": [
          {
            "key": "key",
            "value": "value"
          }
        ],
        "navHtml": {
          "name": [
            "电影",
            "美剧",
            "日韩",
            "怀旧"
          ],
          "cate": [
            "movie",
            "tvplay",
            "tvshow",
            "huaijiuzhuanqu"
          ],
          "page": "1"
        },
        "cateHtml": {},
        "html": {
          "episodes": {
            "hasUrlPrefix": false,
            "isListItemAttr": true,
            "isReg": false,
            "isRegNeedDecoder": false,
            "listCss": "ul > li",
            "isMultiList": false,
            "listCssMulti": "",
            "listItemAttr": "href",
            "listItemCss": "a",
            "listItemIndex": 0,
            "mainCss": "div.myui-panel_bd.clearfix",
            "mainIndex": 0,
            "regIndexList": [
              0
            ],
            "regItemIndex": 0,
            "regItemStr": "",
            "regSplitList": [
              ""
            ],
            "regStrList": [
              ""
            ]
          },
          "nav": {
            "isKWInUrl": false,
            "isWebPlay": false,
            "descAttr": "",
            "descCss": "span.pic-tag.pic-tag-top",
            "descIndex": 0,
            "hasImgUrlPrefix": true,
            "hasUrlPrefix": false,
            "imgAttr": "data-original",
            "imgCss": "a",
            "imgIndex": 0,
            "isDescAttr": false,
            "isImgAttr": true,
            "isNameAttr": true,
            "isUrlAttr": true,
            "mainCss": "ul.myui-vodlist.clearfix",
            "mainListIndex": 0,
            "nameAttr": "title",
            "nameCss": "a",
            "nameIndex": 0,
            "searchListCss": "li",
            "urlAttr": "href",
            "urlCss": "a",
            "urlIndex": 0
          },
          "search": {
            "isKWInUrl": false,
            "isWebPlay": false,
            "descAttr": "",
            "descCss": "span.pic-tag.pic-tag-top",
            "descIndex": 0,
            "hasImgUrlPrefix": true,
            "hasUrlPrefix": false,
            "imgAttr": "data-original",
            "imgCss": "a",
            "imgIndex": 0,
            "isDescAttr": false,
            "isImgAttr": true,
            "isNameAttr": true,
            "isUrlAttr": true,
            "mainCss": "ul#searchList",
            "mainListIndex": 0,
            "nameAttr": "title",
            "nameCss": "a",
            "nameIndex": 0,
            "searchListCss": "li",
            "urlAttr": "href",
            "urlCss": "a",
            "urlIndex": 0
          },
          "video": {}
        }
      }
    },
    {
      "name": "爱迪(规则)",
      "pic": "https://aidi.tv/template/movie/asset/img/favicon.ico",
      "type": "webPlug",
      "subTitle": "",
      "subMobileTitle": "",
      "ads": "",
      "webUrl": "https://aidi.tv",
      "webOpen": false,
      "click": true,
      "webPlus": {
        "search_url": "https://aidi.tv/vsearch/-------------.html?wd={kw}",
        "nav_url": "https://aidi.tv/show/navCate--------navPage---.html",
        "cate_url": "",
        "web_name": "爱迪影院",
        "kw": "wd",
        "params": [
          {
            "key": "key",
            "value": "value"
          }
        ],
        "navHtml": {
          "name": [
            "电影",
            "连续剧",
            "综艺",
            "动漫"
          ],
          "cate": [
            "dianying",
            "lianxuju",
            "zongyi",
            "dongman"
          ],
          "page": "1"
        },
        "cateHtml": {
          "isCate": false,
          "isYear": false,
          "isArea": false,
          "cate": "",
          "year": "",
          "area": ""
        },
        "html": {
          "episodes": {
            "hasUrlPrefix": true,
            "isListItemAttr": true,
            "isReg": false,
            "isRegNeedDecoder": false,
            "listCss": ".playlist_full li",
            "isMultiList": false,
            "listCssMulti": "",
            "listItemAttr": "href",
            "listItemCss": "a",
            "listItemIndex": 0,
            "mainCss": "div.play_source",
            "mainIndex": 0,
            "regIndexList": [
              0
            ],
            "regItemIndex": 0,
            "regItemStr": "",
            "regSplitList": [
              ""
            ],
            "regStrList": [
              ""
            ]
          },
          "nav": {
            "isKWInUrl": false,
            "isWebPlay": false,
            "descAttr": "",
            "descCss": "span.pic_text.text_right",
            "descIndex": 0,
            "hasImgUrlPrefix": true,
            "hasUrlPrefix": false,
            "imgAttr": "data-original",
            "imgCss": "a",
            "imgIndex": 0,
            "isDescAttr": false,
            "isImgAttr": true,
            "isNameAttr": false,
            "isUrlAttr": true,
            "mainCss": "ul.vodlist.vodlist_wi",
            "mainListIndex": 0,
            "nameAttr": "title",
            "nameCss": "a",
            "nameIndex": 1,
            "searchListCss": "li",
            "urlAttr": "href",
            "urlCss": "a",
            "urlIndex": 0
          },
          "search": {
            "isKWInUrl": false,
            "isWebPlay": false,
            "descAttr": "",
            "descCss": "span.pic_text.text_right",
            "descIndex": 0,
            "hasImgUrlPrefix": true,
            "hasUrlPrefix": false,
            "imgAttr": "data-original",
            "imgCss": "a",
            "imgIndex": 0,
            "isDescAttr": false,
            "isImgAttr": true,
            "isNameAttr": true,
            "isUrlAttr": true,
            "mainCss": "ul.vodlist.clearfix",
            "mainListIndex": 0,
            "nameAttr": "title",
            "nameCss": "a",
            "nameIndex": 0,
            "searchListCss": "li",
            "urlAttr": "href",
            "urlCss": "a",
            "urlIndex": 0
          },
          "video": {
          }
        }
      }
    },
    {
      "name": "一只鱼(规则)",
      "pic": "http://poco.4kyu.cc/qiangjunqhe/111107.png",
      "type": "webPlug",
      "subTitle": "",
      "subMobileTitle": "",
      "ads": "",
      "webUrl": "https://www.4kyu.cc",
      "webOpen": false,
      "click": true,
      "webPlus": {
        "search_url": "https://www.4kyu.cc/vodsearch/-------------.html?wd={kw}&submit=",
        "nav_url": "https://www.4kyu.cc/vodshow/navCate--------navPage---.html",
        "cate_url": "https://www.4kyu.cc/vodshow/cateNav-cateArea--cateCate-----catePage---cateYear.html",
        "web_name": "一只鱼",
        "kw": "wd",
        "params": [
          {
            "key": "key",
            "value": "value"
          }
        ],
        "navHtml": {
          "name": [
            "蓝光鱼",
            "电影",
            "电视剧",
            "动漫",
            "综艺"
          ],
          "cate": [
            "23",
            "1",
            "2",
            "4",
            "3"
          ],
          "page": "1"
        },
        "cateHtml": {},
        "html": {
          "episodes": {
            "hasUrlPrefix": false,
            "isListItemAttr": true,
            "isReg": false,
            "isRegNeedDecoder": false,
            "listCss": "ul > li",
            "isMultiList": false,
            "listCssMulti": "",
            "listItemAttr": "href",
            "listItemCss": "a",
            "listItemIndex": 0,
            "mainCss": "div.tab-content.myui-panel_bd",
            "mainIndex": 0,
            "regIndexList": [
              0
            ],
            "regItemIndex": 0,
            "regItemStr": "",
            "regSplitList": [
              ""
            ],
            "regStrList": [
              ""
            ]
          },
          "nav": {
            "isKWInUrl": false,
            "isWebPlay": false,
            "descAttr": "",
            "descCss": "span.pic-text.text-right",
            "descIndex": 0,
            "hasImgUrlPrefix": true,
            "hasUrlPrefix": false,
            "imgAttr": "data-original",
            "imgCss": "a",
            "imgIndex": 0,
            "isDescAttr": false,
            "isImgAttr": true,
            "isNameAttr": false,
            "isUrlAttr": true,
            "mainCss": "ul.myui-vodlist.clearfix",
            "mainListIndex": 0,
            "nameAttr": "title",
            "nameCss": "a",
            "nameIndex": 1,
            "searchListCss": "li",
            "urlAttr": "href",
            "urlCss": "a",
            "urlIndex": 0
          },
          "search": {
            "isKWInUrl": false,
            "isWebPlay": false,
            "descAttr": "",
            "descCss": "span.pic-text.text-right",
            "descIndex": 0,
            "hasImgUrlPrefix": true,
            "hasUrlPrefix": false,
            "imgAttr": "data-original",
            "imgCss": "a",
            "imgIndex": 0,
            "isDescAttr": false,
            "isImgAttr": true,
            "isNameAttr": true,
            "isUrlAttr": true,
            "mainCss": "ul.myui-vodlist__media.clearfix",
            "mainListIndex": 0,
            "nameAttr": "title",
            "nameCss": "a",
            "nameIndex": 0,
            "searchListCss": "li",
            "urlAttr": "href",
            "urlCss": "a",
            "urlIndex": 0
          },
          "video": {}
        }
      }
    },
    {
      "name": "厂长资源(规则)",
      "pic": "https://www.qianoo.cn/wp-content/uploads/2020/05/90b07fe57d6142.png",
      "type": "webPlug",
      "subTitle": "",
      "subMobileTitle": "",
      "ads": "",
      "webUrl": "https://www.qianoo.cn/",
      "webOpen": false,
      "click": true,
      "webPlus": {
        "search_url": "https://www.qianoo.cn/?s={kw}",
        "nav_url": "https://www.qianoo.cn/navCate/page/navPage",
        "cate_url": "",
        "web_name": "厂长资源",
        "kw": "wd",
        "params": [
          {
            "key": "key",
            "value": "value"
          }
        ],
        "navHtml": {
          "name": [
          "豆瓣电影Top250",
            "最新电影",
            "电视剧",
            "国产剧",
            "美剧",
            "韩剧",
            "动漫"
          ],
          "cate": [
          "dbtop250",
            "zuixindianying",
            "dsj",
            "gcj",
            "meijutt",
            "hanjutv",
            "dm"
          ],
          "page": "1"
        },
        "cateHtml": {},
        "html": {
          "episodes": {
            "hasUrlPrefix": true,
            "isListItemAttr": true,
            "isReg": false,
            "isRegNeedDecoder": false,
            "listCss": "a",
            "isMultiList": false,
            "listCssMulti": "",
            "listItemAttr": "href",
            "listItemCss": "a",
            "listItemIndex": 0,
            "mainCss": "div.paly_list_btn",
            "mainIndex": 0,
            "regIndexList": [
              0
            ],
            "regItemIndex": 0,
            "regItemStr": "",
            "regSplitList": [
              ""
            ],
            "regStrList": [
              ""
            ]
          },
          "nav": {
            "isKWInUrl": false,
            "isWebPlay": false,
            "descAttr": "",
            "descCss": "div > span",
            "descIndex": 0,
            "hasImgUrlPrefix": true,
            "hasUrlPrefix": true,
            "imgAttr": "data-original",
            "imgCss": "img",
            "imgIndex": 0,
            "isDescAttr": false,
            "isImgAttr": true,
            "isNameAttr": true,
            "isUrlAttr": true,
            "mainCss": "div.bt_img.mi_ne_kd.mrb > ul",
            "mainListIndex": 0,
            "nameAttr": "alt",
            "nameCss": "img",
            "nameIndex": 0,
            "searchListCss": "li",
            "urlAttr": "href",
            "urlCss": "a",
            "urlIndex": 0
          },
          "search": {
            "isKWInUrl": false,
            "isWebPlay": false,
            "descAttr": "",
            "descCss": "div > span",
            "descIndex": 0,
            "hasImgUrlPrefix": true,
            "hasUrlPrefix": true,
            "imgAttr": "data-original",
            "imgCss": "img",
            "imgIndex": 0,
            "isDescAttr": false,
            "isImgAttr": true,
            "isNameAttr": true,
            "isUrlAttr": true,
            "mainCss": "div.bt_img.mi_ne_kd.search_list > ul",
            "mainListIndex": 0,
            "nameAttr": "alt",
            "nameCss": "img",
            "nameIndex": 0,
            "searchListCss": "li",
            "urlAttr": "href",
            "urlCss": "a",
            "urlIndex": 0
          },
          "video": {}
        }
      }
    },
    {
      "name": "思古影视(规则)",
      "pic": "https://www.siguyy.com/app/image/img.png",
      "type": "webPlug",
      "subTitle": "高清无筛选(菜单键或上下键选集)",
      "subMobileTitle": "高清无筛选",
      "ads": "",
      "webUrl": "https://www.siguyy.com/",
      "webOpen": false,
      "click": true,
      "webPlus": {
        "search_url": "https://www.siguyy.com/search/-------------.html?wd={kw}&submit=",
        "nav_url": "https://www.siguyy.com/type/navCate-navPage.html",
        "cate_url": "",
        "web_name": "思古影视",
        "kw": "wd",
        "params": [
          {
            "key": "key",
            "value": "value"
          }
        ],
        "navHtml": {
          "name": [
            "电影",
            "电视剧",
            "综艺",
            "动漫"
          ],
          "cate": [
            "m",
            "tv",
            "va",
            "ct"
          ],
          "page": "1"
        },
        "cateHtml": {},
        "html": {
          "episodes": {
            "hasUrlPrefix": false,
            "isListItemAttr": true,
            "isReg": false,
            "isRegNeedDecoder": false,
            "listCss": "ul.myui-content__list > li",
            "isMultiList": false,
            "listCssMulti": "",
            "listItemAttr": "href",
            "listItemCss": "a",
            "listItemIndex": 0,
            "mainCss": "div.tab-content.myui-panel_bd",
            "mainIndex": 0,
            "regIndexList": [
              0
            ],
            "regItemIndex": 0,
            "regItemStr": "",
            "regSplitList": [
              ""
            ],
            "regStrList": [
              ""
            ]
          },
          "nav": {
            "isKWInUrl": false,
            "isWebPlay": false,
            "descAttr": "",
            "descCss": "span.pic-text.text-right",
            "descIndex": 0,
            "hasImgUrlPrefix": true,
            "hasUrlPrefix": false,
            "imgAttr": "data-original",
            "imgCss": "a",
            "imgIndex": 0,
            "isDescAttr": false,
            "isImgAttr": true,
            "isNameAttr": true,
            "isUrlAttr": true,
            "mainCss": "ul.myui-vodlist.clearfix",
            "mainListIndex": 0,
            "nameAttr": "title",
            "nameCss": "a",
            "nameIndex": 0,
            "searchListCss": "li",
            "urlAttr": "href",
            "urlCss": "a",
            "urlIndex": 0
          },
          "search": {
            "isKWInUrl": false,
            "isWebPlay": false,
            "descAttr": "",
            "descCss": "span.pic-text.text-right",
            "descIndex": 0,
            "hasImgUrlPrefix": true,
            "hasUrlPrefix": false,
            "imgAttr": "data-original",
            "imgCss": "a",
            "imgIndex": 0,
            "isDescAttr": false,
            "isImgAttr": true,
            "isNameAttr": true,
            "isUrlAttr": true,
            "mainCss": "ul#searchList",
            "mainListIndex": 0,
            "nameAttr": "title",
            "nameCss": "a",
            "nameIndex": 0,
            "searchListCss": "li",
            "urlAttr": "href",
            "urlCss": "a",
            "urlIndex": 0
          },
          "video": {}
        }
      }
    },
    {
      "name": "追剧达人(规则)",
      "pic": "http://vipmv.tv/upload/site/20210621-1/48d71341e71655e95cef721e42cf73f7.png",
      "type": "webPlug",
      "subTitle": "高清无筛选(菜单键或上下键选集)",
      "subMobileTitle": "高清无筛选",
      "ads": "",
      "webUrl": "http://vipmv.tv/",
      "webOpen": false,
      "click": true,
      "webPlus": {
        "search_url": "http://vipmv.tv/vod/search.html?wd={kw}",
        "nav_url": "http://vipmv.tv/vodshow/navCate--------navPage---.html",
        "cate_url": "",
        "web_name": "追剧达人",
        "kw": "wd",
        "params": [
          {
            "key": "key",
            "value": "value"
          }
        ],
        "navHtml": {
          "name": [
          "追剧推荐",
            "电影",
            "电视剧",
            "综艺",
            "动漫"
          ],
          "cate": [
          "20",
            "1",
            "2",
            "3",
            "4"
          ],
          "page": "1"
        },
        "cateHtml": {},
        "html": {
          "episodes": {
            "hasUrlPrefix": false,
            "isListItemAttr": true,
            "isReg": false,
            "isRegNeedDecoder": false,
            "listCss": "ul.content_playlist > li",
            "isMultiList": false,
            "listCssMulti": "",
            "listItemAttr": "href",
            "listItemCss": "a",
            "listItemIndex": 0,
            "mainCss": "div#tagContent",
            "mainIndex": 0,
            "regIndexList": [
              0
            ],
            "regItemIndex": 0,
            "regItemStr": "",
            "regSplitList": [
              ""
            ],
            "regStrList": [
              ""
            ]
          },
          "nav": {
            "isKWInUrl": false,
            "isWebPlay": false,
            "descAttr": "",
            "descCss": "span.pack-prb.hidden",
            "descIndex": 0,
            "hasImgUrlPrefix": true,
            "hasUrlPrefix": false,
            "imgAttr": "data-original",
            "imgCss": "div.eclazy",
            "imgIndex": 0,
            "isDescAttr": false,
            "isImgAttr": true,
            "isNameAttr": true,
            "isUrlAttr": true,
            "mainCss": "div.vodlist",
            "mainListIndex": 0,
            "nameAttr": "title",
            "nameCss": "a",
            "nameIndex": 0,
            "searchListCss": "div.pack-ykpack",
            "urlAttr": "href",
            "urlCss": "a",
            "urlIndex": 0
          },
          "search": {
            "isKWInUrl": false,
            "isWebPlay": false,
            "descAttr": "",
            "descCss": "span.pack-prb",
            "descIndex": 0,
            "hasImgUrlPrefix": true,
            "hasUrlPrefix": false,
            "imgAttr": "data-original",
            "imgCss": "div.eclazy",
            "imgIndex": 0,
            "isDescAttr": false,
            "isImgAttr": true,
            "isNameAttr": true,
            "isUrlAttr": true,
            "mainCss": "div.ec-search",
            "mainListIndex": 0,
            "nameAttr": "title",
            "nameCss": "a",
            "nameIndex": 0,
            "searchListCss": "li.search-list",
            "urlAttr": "href",
            "urlCss": "a",
            "urlIndex": 0
          },
          "video": {}
        }
      }
    },
    {
      "name": "剧好看(规则)",
      "pic": "https://www.juhaokan.cc/template/mytheme/statics/img/favicon.ico",
      "type": "webPlug",
      "subTitle": "高清无筛选(菜单键或上下键选集)",
      "subMobileTitle": "高清无筛选",
      "ads": "",
      "webUrl": "https://www.juhaokan.cc/",
      "webOpen": false,
      "click": true,
      "webPlus": {
        "search_url": "https://www.juhaokan.cc/vodsearch/-------------.html?wd={kw}&submit=",
        "nav_url": "https://www.juhaokan.cc/vodtype/navCate-navPage.html",
        "cate_url": "",
        "web_name": "剧好看",
        "kw": "wd",
        "params": [
          {
            "key": "key",
            "value": "value"
          }
        ],
        "navHtml": {
          "name": [
            "电影",
            "电视剧",
            "综艺",
            "动漫"
          ],
          "cate": [
            "1",
            "2",
            "3",
            "4"
          ],
          "page": "1"
        },
        "cateHtml": {},
        "html": {
          "episodes": {
            "hasUrlPrefix": false,
            "isListItemAttr": true,
            "isReg": false,
            "isRegNeedDecoder": false,
            "listCss": "ul.myui-content__list > li",
            "isMultiList": false,
            "listCssMulti": "",
            "listItemAttr": "href",
            "listItemCss": "a",
            "listItemIndex": 0,
            "mainCss": "div.tab-content.myui-panel_bd",
            "mainIndex": 0,
            "regIndexList": [
              0
            ],
            "regItemIndex": 0,
            "regItemStr": "",
            "regSplitList": [
              ""
            ],
            "regStrList": [
              ""
            ]
          },
          "nav": {
            "isKWInUrl": false,
            "isWebPlay": false,
            "descAttr": "",
            "descCss": "span.pic-text.text-right",
            "descIndex": 0,
            "hasImgUrlPrefix": true,
            "hasUrlPrefix": false,
            "imgAttr": "data-original",
            "imgCss": "a",
            "imgIndex": 0,
            "isDescAttr": false,
            "isImgAttr": true,
            "isNameAttr": true,
            "isUrlAttr": true,
            "mainCss": "ul.myui-vodlist.clearfix",
            "mainListIndex": 0,
            "nameAttr": "title",
            "nameCss": "a",
            "nameIndex": 0,
            "searchListCss": "li",
            "urlAttr": "href",
            "urlCss": "a",
            "urlIndex": 0
          },
          "search": {
            "isKWInUrl": false,
            "isWebPlay": false,
            "descAttr": "",
            "descCss": "span.pic-text.text-right",
            "descIndex": 0,
            "hasImgUrlPrefix": true,
            "hasUrlPrefix": false,
            "imgAttr": "data-original",
            "imgCss": "a",
            "imgIndex": 0,
            "isDescAttr": false,
            "isImgAttr": true,
            "isNameAttr": true,
            "isUrlAttr": true,
            "mainCss": "ul#searchList",
            "mainListIndex": 0,
            "nameAttr": "title",
            "nameCss": "a",
            "nameIndex": 0,
            "searchListCss": "li",
            "urlAttr": "href",
            "urlCss": "a",
            "urlIndex": 0
          },
          "video": {}
        }
      }
    },
    {
      "name": "TVB云播(规则)",
      "pic": "https://hkcdn1.cnyuncdn.com/template/mytheme/statics/img/favicon.ico",
      "type": "webPlug",
      "subTitle": "高清无筛选(菜单键或上下键选集)",
      "subMobileTitle": "高清无筛选",
      "ads": "",
      "webUrl": "http://www.hktv01.com/",
      "webOpen": false,
      "click": true,
      "webPlus": {
        "search_url": "http://www.hktv01.com/vod/search.html?wd={kw}&submit=",
        "nav_url": "http://www.hktv01.com/vod/type/id/navCate/page/navPage.html",
        "cate_url": "",
        "web_name": "TVB云播",
        "kw": "wd",
        "params": [
          {
            "key": "key",
            "value": "value"
          }
        ],
        "navHtml": {
          "name": [
            "电影",
            "电视剧",
            "综艺",
            "动漫"
          ],
          "cate": [
            "1",
            "2",
            "3",
            "4"
          ],
          "page": "1"
        },
        "cateHtml": {},
        "html": {
          "episodes": {
            "hasUrlPrefix": false,
            "isListItemAttr": true,
            "isReg": false,
            "isRegNeedDecoder": false,
            "listCss": "ul.myui-content__list > li",
            "isMultiList": false,
            "listCssMulti": "",
            "listItemAttr": "href",
            "listItemCss": "a",
            "listItemIndex": 0,
            "mainCss": "body",
            "mainIndex": 0,
            "regIndexList": [
              0
            ],
            "regItemIndex": 0,
            "regItemStr": "",
            "regSplitList": [
              ""
            ],
            "regStrList": [
              ""
            ]
          },
          "nav": {
            "isKWInUrl": false,
            "isWebPlay": false,
            "descAttr": "",
            "descCss": "span.tag",
            "descIndex": 0,
            "hasImgUrlPrefix": true,
            "hasUrlPrefix": false,
            "imgAttr": "data-original",
            "imgCss": "a",
            "imgIndex": 0,
            "isDescAttr": false,
            "isImgAttr": true,
            "isNameAttr": true,
            "isUrlAttr": true,
            "mainCss": "ul.myui-vodlist.clearfix",
            "mainListIndex": 0,
            "nameAttr": "title",
            "nameCss": "a",
            "nameIndex": 0,
            "searchListCss": "li",
            "urlAttr": "href",
            "urlCss": "a",
            "urlIndex": 0
          },
          "search": {
            "isKWInUrl": false,
            "isWebPlay": false,
            "descAttr": "",
            "descCss": "span.tag",
            "descIndex": 0,
            "hasImgUrlPrefix": true,
            "hasUrlPrefix": false,
            "imgAttr": "data-original",
            "imgCss": "a",
            "imgIndex": 0,
            "isDescAttr": false,
            "isImgAttr": true,
            "isNameAttr": true,
            "isUrlAttr": true,
            "mainCss": "ul#searchList",
            "mainListIndex": 0,
            "nameAttr": "title",
            "nameCss": "a",
            "nameIndex": 0,
            "searchListCss": "li",
            "urlAttr": "href",
            "urlCss": "a",
            "urlIndex": 0
          },
          "video": {}
        }
      }
    },
    {
      "name": "骚火影视(规则)",
      "pic": "https://saohuotv.com/favicon.ico",
      "type": "webPlug",
      "subTitle": "高清无筛选(菜单键或上下键选集)",
      "subMobileTitle": "高清无筛选",
      "ads": "",
      "userAgent": "Mobile",
      "webUrl": "https://saohuotv.com/",
      "webOpen": false,
      "click": false,
      "webPlus": {
        "search_url": "https://saohuotv.com/search.php?searchword={kw}",
        "nav_url": "https://saohuotv.com/list/navCate-navPage.html",
        "cate_url": "",
        "web_name": "骚火影视",
        "kw": "wd",
        "params": [
          {
            "key": "key",
            "value": "value"
          }
        ],
        "navHtml": {
          "name": [
            "电影",
            "电视剧",
            "动漫"
          ],
          "cate": [
            "1",
            "2",
            "4"
          ],
          "page": "1"
        },
        "cateHtml": {},
        "html": {
          "episodes": {
            "hasUrlPrefix": false,
            "isListItemAttr": true,
            "isReg": false,
            "isRegNeedDecoder": false,
            "listCss": "li > a",
            "isMultiList": false,
            "listCssMulti": "",
            "listItemAttr": "href",
            "listItemCss": "a",
            "listItemIndex": 0,
            "mainCss": "ul.play_list",
            "mainIndex": 0,
            "regIndexList": [
              0
            ],
            "regItemIndex": 0,
            "regItemStr": "",
            "regSplitList": [
              ""
            ],
            "regStrList": [
              ""
            ]
          },
          "nav": {
            "isKWInUrl": false,
            "isWebPlay": false,
            "descAttr": "",
            "descCss": "div.v_note",
            "descIndex": 0,
            "hasImgUrlPrefix": true,
            "hasUrlPrefix": false,
            "imgAttr": "data-original",
            "imgCss": "img",
            "imgIndex": 0,
            "isDescAttr": false,
            "isImgAttr": true,
            "isNameAttr": true,
            "isUrlAttr": true,
            "mainCss": "ul.v_list",
            "mainListIndex": 0,
            "nameAttr": "title",
            "nameCss": "a",
            "nameIndex": 0,
            "searchListCss": "li",
            "urlAttr": "href",
            "urlCss": "a",
            "urlIndex": 0
          },
          "search": {
            "isKWInUrl": false,
            "isWebPlay": false,
            "descAttr": "",
            "descCss": "div.v_note",
            "descIndex": 0,
            "hasImgUrlPrefix": true,
            "hasUrlPrefix": false,
            "imgAttr": "data-original",
            "imgCss": "img",
            "imgIndex": 0,
            "isDescAttr": false,
            "isImgAttr": true,
            "isNameAttr": true,
            "isUrlAttr": true,
            "mainCss": "ul.v_list",
            "mainListIndex": 0,
            "nameAttr": "title",
            "nameCss": "a",
            "nameIndex": 0,
            "searchListCss": "li",
            "urlAttr": "href",
            "urlCss": "a",
            "urlIndex": 0
          },
          "video": {}
        }
      }
    },
        {
      "name": "花语影视(规则)",
      "pic": "http://www.uv798.com/upload/site/20210115-1/5443f7a39208d815712d61243066843e.png",
      "type": "webPlug",
      "subTitle": "高清无筛选(菜单键或上下键选集)",
      "subMobileTitle": "高清无筛选",
      "ads": "",
      "webUrl": "http://www.uv798.com/",
      "webOpen": false,
      "click": true,
      "webPlus": {
        "search_url": "http://www.uv798.com/vodsearch/-------------.html?wd={kw}&submit=",
        "nav_url": "http://www.uv798.com/type/navCate-navPage.html",
        "cate_url": "",
        "web_name": "花语影视",
        "kw": "wd",
        "params": [
          {
            "key": "key",
            "value": "value"
          }
        ],
        "navHtml": {
          "name": [
            "电影",
            "电视剧",
            "动漫",
            "综艺"
          ],
          "cate": [
            "1",
            "2",
            "4",
            "3"
          ],
          "page": "1"
        },
        "cateHtml": {},
        "html": {
          "episodes": {
            "hasUrlPrefix": false,
            "isListItemAttr": true,
            "isReg": false,
            "isRegNeedDecoder": false,
            "listCss": "ul.myui-content__list > li",
            "isMultiList": false,
            "listCssMulti": "",
            "listItemAttr": "href",
            "listItemCss": "a",
            "listItemIndex": 0,
            "mainCss": "div.tab-content.myui-panel_bd",
            "mainIndex": 0,
            "regIndexList": [
              0
            ],
            "regItemIndex": 0,
            "regItemStr": "",
            "regSplitList": [
              ""
            ],
            "regStrList": [
              ""
            ]
          },
          "nav": {
            "isKWInUrl": false,
            "isWebPlay": false,
            "descAttr": "",
            "descCss": "span.pic-text.text-right",
            "descIndex": 0,
            "hasImgUrlPrefix": true,
            "hasUrlPrefix": false,
            "imgAttr": "data-original",
            "imgCss": "a",
            "imgIndex": 0,
            "isDescAttr": false,
            "isImgAttr": true,
            "isNameAttr": true,
            "isUrlAttr": true,
            "mainCss": "ul.myui-vodlist.clearfix",
            "mainListIndex": 0,
            "nameAttr": "title",
            "nameCss": "a",
            "nameIndex": 0,
            "searchListCss": "li",
            "urlAttr": "href",
            "urlCss": "a",
            "urlIndex": 0
          },
          "search": {
            "isKWInUrl": false,
            "isWebPlay": false,
            "descAttr": "",
            "descCss": "span.pic-text.text-right",
            "descIndex": 0,
            "hasImgUrlPrefix": true,
            "hasUrlPrefix": false,
            "imgAttr": "data-original",
            "imgCss": "a",
            "imgIndex": 0,
            "isDescAttr": false,
            "isImgAttr": true,
            "isNameAttr": true,
            "isUrlAttr": true,
            "mainCss": "ul#searchList",
            "mainListIndex": 0,
            "nameAttr": "title",
            "nameCss": "a",
            "nameIndex": 0,
            "searchListCss": "li",
            "urlAttr": "href",
            "urlCss": "a",
            "urlIndex": 0
          },
          "video": {}
        }
      }
    },
    {
      "name": "忆漫影视(规则)",
      "pic": "https://kan.yimmh.com/upload/site/20200905-1/1802340c2e16a2ffc09a2f2c4fcb386a.png",
      "type": "webPlug",
      "subTitle": "高清无筛选(菜单键或上下键选集)",
      "subMobileTitle": "高清无筛选",
      "ads": "",
      "webUrl": "https://kan.yimmh.com/",
      "webOpen": false,
      "click": true,
      "webPlus": {
        "search_url": "https://kan.yimmh.com/vodsearchy/-------------.html?wd={kw}",
        "nav_url": "https://kan.yimmh.com/vodshowy/navCate--------navPage---.html",
        "cate_url": "",
        "web_name": "忆漫影视",
        "kw": "wd",
        "params": [
          {
            "key": "key",
            "value": "value"
          }
        ],
        "navHtml": {
          "name": [
            "电影",
            "电视剧",
            "动漫",
            "综艺"
          ],
          "cate": [
            "1",
            "2",
            "4",
            "3"
          ],
          "page": "1"
        },
        "cateHtml": {},
        "html": {
          "episodes": {
            "hasUrlPrefix": false,
            "isListItemAttr": true,
            "isReg": false,
            "isRegNeedDecoder": false,
            "listCss": "ul.mo-movs-item > li",
            "isMultiList": false,
            "listCssMulti": "",
            "listItemAttr": "href",
            "listItemCss": "a",
            "listItemIndex": 0,
            "mainCss": "div.mo-main-info",
            "mainIndex": 0,
            "regIndexList": [
              0
            ],
            "regItemIndex": 0,
            "regItemStr": "",
            "regSplitList": [
              ""
            ],
            "regStrList": [
              ""
            ]
          },
          "nav": {
            "isKWInUrl": false,
            "isWebPlay": false,
            "descAttr": "",
            "descCss": "span.mo-situ-rema",
            "descIndex": 0,
            "hasImgUrlPrefix": true,
            "hasUrlPrefix": false,
            "imgAttr": "data-original",
            "imgCss": "a",
            "imgIndex": 0,
            "isDescAttr": false,
            "isImgAttr": true,
            "isNameAttr": false,
            "isUrlAttr": true,
            "mainCss": "div.mo-part-round",
            "mainListIndex": 1,
            "nameAttr": "",
            "nameCss": "a",
            "nameIndex": 1,
            "searchListCss": "li.mo-cols-info",
            "urlAttr": "href",
            "urlCss": "a",
            "urlIndex": 0
          },
          "search": {
            "isKWInUrl": false,
            "isWebPlay": false,
            "descAttr": "",
            "descCss": "span.mo-situ-rema",
            "descIndex": 0,
            "hasImgUrlPrefix": true,
            "hasUrlPrefix": false,
            "imgAttr": "data-original",
            "imgCss": "a",
            "imgIndex": 0,
            "isDescAttr": false,
            "isImgAttr": true,
            "isNameAttr": false,
            "isUrlAttr": true,
            "mainCss": "div.mo-main-info",
            "mainListIndex": 0,
            "nameAttr": "",
            "nameCss": "h1",
            "nameIndex": 0,
            "searchListCss": "dl:has(a)",
            "urlAttr": "href",
            "urlCss": "a",
            "urlIndex": 0
          },
          "video": {}
        }
      }
    },
    {
      "name": "奈落影视(规则)",
      "pic": "https://www.newfii.com/template/conch/asset/img/favicon.png",
      "type": "webPlug",
      "subTitle": "高清无筛选(菜单键或上下键选集)",
      "subMobileTitle": "高清无筛选",
      "ads": "",
      "webUrl": "https://www.newfii.com/",
      "webOpen": false,
      "click": true,
      "webPlus": {
        "search_url": "https://www.newfii.com/index.php/vod/search.html?wd={kw}&submit=",
        "nav_url": "https://www.newfii.com/index.php/vod/show/id/navCate/page/navPage.html",
        "cate_url": "",
        "web_name": "奈落影视",
        "kw": "wd",
        "params": [
          {
            "key": "key",
            "value": "value"
          }
        ],
        "navHtml": {
          "name": [
            "电影",
            "电视剧",
            "综艺",
            "动漫"
          ],
          "cate": [
            "1",
            "2",
            "3",
            "4"
          ],
          "page": "1"
        },
        "cateHtml": {},
        "html": {
          "episodes": {
            "hasUrlPrefix": false,
            "isListItemAttr": true,
            "isReg": false,
            "isRegNeedDecoder": false,
            "listCss": "div.playlist_full li",
            "isMultiList": false,
            "listCssMulti": "",
            "listItemAttr": "href",
            "listItemCss": "a",
            "listItemIndex": 0,
            "mainCss": "div.play_source",
            "mainIndex": 0,
            "regIndexList": [
              0
            ],
            "regItemIndex": 0,
            "regItemStr": "",
            "regSplitList": [
              ""
            ],
            "regStrList": [
              ""
            ]
          },
          "nav": {
            "isKWInUrl": false,
            "isWebPlay": false,
            "descAttr": "",
            "descCss": "span.pic_text",
            "descIndex": 0,
            "hasImgUrlPrefix": true,
            "hasUrlPrefix": false,
            "imgAttr": "data-original",
            "imgCss": "a",
            "imgIndex": 0,
            "isDescAttr": false,
            "isImgAttr": true,
            "isNameAttr": true,
            "isUrlAttr": true,
            "mainCss": "ul.vodlist",
            "mainListIndex": 0,
            "nameAttr": "title",
            "nameCss": "a",
            "nameIndex": 0,
            "searchListCss": "li",
            "urlAttr": "href",
            "urlCss": "a",
            "urlIndex": 0
          },
          "search": {
            "isKWInUrl": false,
            "isWebPlay": false,
            "descAttr": "",
            "descCss": "span.pic_text",
            "descIndex": 0,
            "hasImgUrlPrefix": true,
            "hasUrlPrefix": false,
            "imgAttr": "data-original",
            "imgCss": "a",
            "imgIndex": 0,
            "isDescAttr": false,
            "isImgAttr": true,
            "isNameAttr": true,
            "isUrlAttr": true,
            "mainCss": "ul.vodlist",
            "mainListIndex": 0,
            "nameAttr": "title",
            "nameCss": "a",
            "nameIndex": 0,
            "searchListCss": "li",
            "urlAttr": "href",
            "urlCss": "a",
            "urlIndex": 0
          },
          "video": {}
        }
      }
    },
    {
      "name": "80dvd影院(规则)",
      "pic": "http://www.80dvd.cc/favicon.ico",
      "type": "webPlug",
      "subTitle": "高清无筛选(菜单键或上下键选集)",
      "subMobileTitle": "高清无筛选",
      "ads": "",
      "webUrl": "http://www.80dvd.cc/",
      "webOpen": false,
      "click": true,
      "webPlus": {
        "search_url": "http://www.80dvd.cc/search.php?page=1&searchword={kw}&searchtype=",
        "nav_url": "http://www.80dvd.cc/frim/indexnavCate-navPage.html",
        "cate_url": "",
        "web_name": "80dvd影院",
        "kw": "wd",
        "params": [
          {
            "key": "key",
            "value": "value"
          }
        ],
        "navHtml": {
          "name": [
            "电影",
            "电视剧",
            "综艺",
            "动漫"
          ],
          "cate": [
            "1",
            "2",
            "3",
            "4"
          ],
          "page": "1"
        },
        "cateHtml": {},
        "html": {
          "episodes": {
            "hasUrlPrefix": false,
            "isListItemAttr": true,
            "isReg": false,
            "isRegNeedDecoder": false,
            "listCss": "div.videourl li",
            "isMultiList": false,
            "listCssMulti": "",
            "listItemAttr": "href",
            "listItemCss": "a",
            "listItemIndex": 0,
            "mainCss": "div.main",
            "mainIndex": 0,
            "regIndexList": [
              0
            ],
            "regItemIndex": 0,
            "regItemStr": "",
            "regSplitList": [
              ""
            ],
            "regStrList": [
              ""
            ]
          },
          "nav": {
            "isKWInUrl": false,
            "isWebPlay": false,
            "descAttr": "",
            "descCss": "p.other",
            "descIndex": 0,
            "hasImgUrlPrefix": true,
            "hasUrlPrefix": false,
            "imgAttr": "data-original",
            "imgCss": "img",
            "imgIndex": 0,
            "isDescAttr": false,
            "isImgAttr": true,
            "isNameAttr": true,
            "isUrlAttr": true,
            "mainCss": "div.index-area",
            "mainListIndex": 0,
            "nameAttr": "title",
            "nameCss": "a",
            "nameIndex": 0,
            "searchListCss": "ul > li",
            "urlAttr": "href",
            "urlCss": "a",
            "urlIndex": 0
          },
          "search": {
            "isKWInUrl": false,
            "isWebPlay": false,
            "descAttr": "",
            "descCss": "p.other",
            "descIndex": 0,
            "hasImgUrlPrefix": true,
            "hasUrlPrefix": false,
            "imgAttr": "data-original",
            "imgCss": "img",
            "imgIndex": 0,
            "isDescAttr": false,
            "isImgAttr": true,
            "isNameAttr": true,
            "isUrlAttr": true,
            "mainCss": "div.index-area",
            "mainListIndex": 0,
            "nameAttr": "title",
            "nameCss": "a",
            "nameIndex": 0,
            "searchListCss": "ul > li",
            "urlAttr": "href",
            "urlCss": "a",
            "urlIndex": 0
          },
          "video": {}
        }
      }
    },
     {
      "name": "1231d影院(规则)",
      "pic": "https://inews.gtimg.com/newsapp_ls/0/12749226300/0",
      "type": "webPlug",
      "subTitle": "高清无筛选(菜单键或上下键选集)",
      "subMobileTitle": "高清无筛选",
      "ads": "",
      "webUrl": "https://www.1231d.com/",
      "webOpen": false,
      "click": true,
      "webPlus": {
        "search_url": "https://www.1231d.com/search.html?wd={kw}&submit=",
        "nav_url": "https://www.1231d.com/show/navCate--------navPage---.html",
        "cate_url": "",
        "web_name": "1231d影院",
        "kw": "wd",
        "params": [
          {
            "key": "key",
            "value": "value"
          }
        ],
        "navHtml": {
          "name": [
            "电影",
            "电视剧",
            "综艺",
            "动漫",
            "番剧"
          ],
          "cate": [
            "dianying",
            "lianxuju",
            "zongyi",
            "dongman",
            "fanju"
          ],
          "page": "1"
        },
        "cateHtml": {},
        "html": {
          "episodes": {
            "hasUrlPrefix": false,
            "isListItemAttr": true,
            "isReg": false,
            "isRegNeedDecoder": false,
            "listCss": "div.playlist_full li",
            "isMultiList": false,
            "listCssMulti": "",
            "listItemAttr": "href",
            "listItemCss": "a",
            "listItemIndex": 0,
            "mainCss": "div.play_source",
            "mainIndex": 0,
            "regIndexList": [
              0
            ],
            "regItemIndex": 0,
            "regItemStr": "",
            "regSplitList": [
              ""
            ],
            "regStrList": [
              ""
            ]
          },
          "nav": {
            "isKWInUrl": false,
            "isWebPlay": false,
            "descAttr": "",
            "descCss": "span.pic_text",
            "descIndex": 0,
            "hasImgUrlPrefix": true,
            "hasUrlPrefix": false,
            "imgAttr": "data-original",
            "imgCss": "a",
            "imgIndex": 0,
            "isDescAttr": false,
            "isImgAttr": true,
            "isNameAttr": true,
            "isUrlAttr": true,
            "mainCss": "ul.vodlist",
            "mainListIndex": 0,
            "nameAttr": "title",
            "nameCss": "a",
            "nameIndex": 0,
            "searchListCss": "li",
            "urlAttr": "href",
            "urlCss": "a",
            "urlIndex": 0
          },
          "search": {
            "isKWInUrl": false,
            "isWebPlay": false,
            "descAttr": "",
            "descCss": "span.pic_text",
            "descIndex": 0,
            "hasImgUrlPrefix": true,
            "hasUrlPrefix": false,
            "imgAttr": "data-original",
            "imgCss": "a",
            "imgIndex": 0,
            "isDescAttr": false,
            "isImgAttr": true,
            "isNameAttr": true,
            "isUrlAttr": true,
            "mainCss": "ul.vodlist",
            "mainListIndex": 0,
            "nameAttr": "title",
            "nameCss": "a",
            "nameIndex": 0,
            "searchListCss": "li:has(.pic_text)",
            "urlAttr": "href",
            "urlCss": "a",
            "urlIndex": 0
          },
          "video": {}
        }
      }
    },
        {
      "name": "去看吧(动漫规则)",
      "pic": "https://cdn.jsdelivr.net/gh/k8dmss/repository2@master/20210317092244615f056080ae8b6d803c5f238f095ac9.png",
      "type": "webPlug",
      "subTitle": "高清无筛选(菜单键或上下键选集)",
      "subMobileTitle": "高清无筛选",
      "ads": "",
      "webUrl": "https://qkan8.com/",
      "webOpen": false,
      "click": true,
      "webPlus": {
        "search_url": "https://qkan8.com/index.php/vod/search.html?wd={kw}",
        "nav_url": "https://qkan8.com/index.php/vod/type/id/navCate/page/navPage.html",
        "cate_url": "",
        "web_name": "去看吧",
        "kw": "wd",
        "params": [
          {
            "key": "key",
            "value": "value"
          }
        ],
        "navHtml": {
          "name": [
            "高清原碟",
            "日漫",
            "女频",
            "劇場"
          ],
          "cate": [
            "33",
            "21",
            "50",
            "24"
          ],
          "page": "1"
        },
        "cateHtml": {},
        "html": {
          "episodes": {
            "hasUrlPrefix": false,
            "isListItemAttr": true,
            "isReg": false,
            "isRegNeedDecoder": false,
            "listCss": "div.fed-play-item a.fed-btns-info",
            "isMultiList": false,
            "listCssMulti": "",
            "listItemAttr": "href",
            "listItemCss": "a",
            "listItemIndex": 0,
            "mainCss": "div.fed-tabs-boxs",
            "mainIndex": 0,
            "regIndexList": [
              0
            ],
            "regItemIndex": 0,
            "regItemStr": "",
            "regSplitList": [
              ""
            ],
            "regStrList": [
              ""
            ]
          },
          "nav": {
            "isKWInUrl": false,
            "isWebPlay": false,
            "descAttr": "",
            "descCss": "span.fed-list-remarks",
            "descIndex": 0,
            "hasImgUrlPrefix": true,
            "hasUrlPrefix": false,
            "imgAttr": "data-original",
            "imgCss": "a",
            "imgIndex": 0,
            "isDescAttr": false,
            "isImgAttr": true,
            "isNameAttr": false,
            "isUrlAttr": true,
            "mainCss": "ul.fed-list-info",
            "mainListIndex": 0,
            "nameAttr": "",
            "nameCss": "a.fed-list-title",
            "nameIndex": 0,
            "searchListCss": "li",
            "urlAttr": "href",
            "urlCss": "a",
            "urlIndex": 0
          },
          "search": {
            "isKWInUrl": false,
            "isWebPlay": false,
            "descAttr": "",
            "descCss": "span.fed-list-remarks",
            "descIndex": 0,
            "hasImgUrlPrefix": true,
            "hasUrlPrefix": false,
            "imgAttr": "data-original",
            "imgCss": "a",
            "imgIndex": 0,
            "isDescAttr": false,
            "isImgAttr": true,
            "isNameAttr": false,
            "isUrlAttr": true,
            "mainCss": "div.fed-main-info",
            "mainListIndex": 0,
            "nameAttr": "",
            "nameCss": "h1",
            "nameIndex": 0,
            "searchListCss": "dl",
            "urlAttr": "href",
            "urlCss": "a",
            "urlIndex": 0
          },
          "video": {}
        }
      }
    },
    {
      "name": "AGE动漫(规则)",
      "pic": "https://www.agefans.cc/favicon.ico",
      "type": "webPlug",
      "subTitle": "高清无筛选(菜单键或上下键选集)",
      "subMobileTitle": "高清无筛选",
      "ads": "",
      "webUrl": "https://www.agefans.cc/",
      "webOpen": false,
      "click": true,
      "webPlus": {
        "search_url": "https://www.agefans.cc/search?query={kw}&page=1",
        "nav_url": "https://www.agefans.cc/catalog/navCate-all-all-all-all-time-navPage",
        "cate_url": "",
        "web_name": "AGE动漫",
        "kw": "wd",
        "params": [
          {
            "key": "key",
            "value": "value"
          }
        ],
        "navHtml": {
          "name": [
            "全部",
            "TV",
            "剧场版",
            "OVA"
          ],
          "cate": [
            "all",
            "TV",
            "剧场版",
            "OVA"
          ],
          "page": "1"
        },
        "cateHtml": {},
        "html": {
          "episodes": {
            "hasUrlPrefix": false,
            "isListItemAttr": true,
            "isReg": false,
            "isRegNeedDecoder": false,
            "listCss": "div.movurl li",
            "isMultiList": false,
            "listCssMulti": "",
            "listItemAttr": "href",
            "listItemCss": "a",
            "listItemIndex": 0,
            "mainCss": "div#playlist-div",
            "mainIndex": 0,
            "regIndexList": [
              0
            ],
            "regItemIndex": 0,
            "regItemStr": "",
            "regSplitList": [
              ""
            ],
            "regStrList": [
              ""
            ]
          },
          "nav": {
            "isKWInUrl": false,
            "isWebPlay": false,
            "descAttr": "",
            "descCss": "span.newname",
            "descIndex": 0,
            "hasImgUrlPrefix": true,
            "hasUrlPrefix": false,
            "imgAttr": "src",
            "imgCss": "img",
            "imgIndex": 0,
            "isDescAttr": false,
            "isImgAttr": true,
            "isNameAttr": true,
            "isUrlAttr": true,
            "mainCss": "div#container",
            "mainListIndex": 0,
            "nameAttr": "alt",
            "nameCss": "img",
            "nameIndex": 0,
            "searchListCss": "div.cell",
            "urlAttr": "href",
            "urlCss": "a",
            "urlIndex": 0
          },
          "search": {
            "isKWInUrl": false,
            "isWebPlay": false,
            "descAttr": "",
            "descCss": "span.newname",
            "descIndex": 0,
            "hasImgUrlPrefix": true,
            "hasUrlPrefix": false,
            "imgAttr": "src",
            "imgCss": "img",
            "imgIndex": 0,
            "isDescAttr": false,
            "isImgAttr": true,
            "isNameAttr": true,
            "isUrlAttr": true,
            "mainCss": "div#container",
            "mainListIndex": 0,
            "nameAttr": "alt",
            "nameCss": "img",
            "nameIndex": 0,
            "searchListCss": "div.cell",
            "urlAttr": "href",
            "urlCss": "a",
            "urlIndex": 0
          },
          "video": {}
        }
      }
    },
    {
      "name": "妮可动漫(规则)",
      "pic": "http://img.bzzyx.cn/favicon.ico",
      "type": "webPlug",
      "subTitle": "高清无筛选(菜单键或上下键选集)",
      "subMobileTitle": "高清无筛选",
      "ads": "aoyou4,960_90,300_300,weizhenwx,cnzz,baidu",
      "webUrl": "http://www.nicotv.club/",
      "webOpen": false,
      "click": true,
      "webPlus": {
        "search_url": "http://www.nicotv.club/video/search/{kw}.html",
        "nav_url": "http://www.nicotv.club/video/type3/-navCate-----addtime-navPage.html",
        "cate_url": "",
        "web_name": "妮可动漫",
        "kw": "wd",
        "params": [
          {
            "key": "key",
            "value": "value"
          }
        ],
        "navHtml": {
          "name": [
            "全部",
            "日本",
            "大陆",
            "欧美",
            "其他"
          ],
          "cate": [
            "",
            "日本",
            "大陆",
            "欧美",
            "其他"
          ],
          "page": "1"
        },
        "cateHtml": {},
        "html": {
          "episodes": {
            "hasUrlPrefix": false,
            "isListItemAttr": true,
            "isReg": false,
            "isRegNeedDecoder": false,
            "listCss": "ul > li",
            "isMultiList": false,
            "listCssMulti": "",
            "listItemAttr": "href",
            "listItemCss": "a",
            "listItemIndex": 0,
            "mainCss": "div.tab-content.ff-playurl-tab",
            "mainIndex": 0,
            "regIndexList": [
              0
            ],
            "regItemIndex": 0,
            "regItemStr": "",
            "regSplitList": [
              ""
            ],
            "regStrList": [
              ""
            ]
          },
          "nav": {
            "isKWInUrl": false,
            "isWebPlay": false,
            "descAttr": "",
            "descCss": "span",
            "descIndex": 0,
            "hasImgUrlPrefix": true,
            "hasUrlPrefix": false,
            "imgAttr": "data-original",
            "imgCss": "img",
            "imgIndex": 0,
            "isDescAttr": false,
            "isImgAttr": true,
            "isNameAttr": false,
            "isUrlAttr": true,
            "mainCss": "ul.list-unstyled",
            "mainListIndex": 0,
            "nameAttr": "",
            "nameCss": "h2",
            "nameIndex": 0,
            "searchListCss": "li",
            "urlAttr": "href",
            "urlCss": "a",
            "urlIndex": 0
          },
          "search": {
            "isKWInUrl": false,
            "isWebPlay": false,
            "descAttr": "",
            "descCss": "span",
            "descIndex": 0,
            "hasImgUrlPrefix": true,
            "hasUrlPrefix": false,
            "imgAttr": "data-original",
            "imgCss": "img",
            "imgIndex": 0,
            "isDescAttr": false,
            "isImgAttr": true,
            "isNameAttr": false,
            "isUrlAttr": true,
            "mainCss": "ul.list-unstyled",
            "mainListIndex": 0,
            "nameAttr": "",
            "nameCss": "h2",
            "nameIndex": 0,
            "searchListCss": "li",
            "urlAttr": "href",
            "urlCss": "a",
            "urlIndex": 0
          },
          "video": {}
        }
      }
    },
    {
      "name": "555电影(规则)",
      "pic": "https://img3.doubanio.com/view/activity_page/raw/public/p2650.jpg",
      "type": "webPlug",
      "subTitle": "清晰1080P/4K最高60帧",
      "subMobileTitle": "清晰1080P/4K最高60帧",
      "ads": "",
      "webUrl": "https://www.o8tv.com/",
      "webOpen": false,
      "click": true,
      "webPlus": {
        "search_url": "https://www.o8tv.com/index.php/vod/search.html?wd={kw}",
        "nav_url": "https://www.o8tv.com/index.php/vod/show/id/navCate/page/navPage.html",
        "cate_url": "",
        "web_name": "555电影",
        "kw": "wd",
        "params": [
          {
            "key": "key",
            "value": "value"
          }
        ],
        "navHtml": {
          "name": [
            "蓝光电影",
            "蓝光连续剧",
            "蓝光动漫",
            "蓝光综艺",
            "电影精品推荐",
            "全部电影",
            "电视精品推荐",
            "全部电视",
            "热漫推荐",
            "全部动漫",
            "热门综艺",
            "全部综艺"
          ],
          "cate": [
            "106",
            "107",
            "108",
            "109",
            "79",
            "1",
            "88",
            "2",
            "94",
            "4",
            "90",
            "3"
          ],
          "page": "1"
        },
        "cateHtml": {},
        "html": {
          "episodes": {
            "hasUrlPrefix": false,
            "isListItemAttr": true,
            "isReg": false,
            "isRegNeedDecoder": false,
            "listCss": "ul > li",
            "isMultiList": false,
            "listCssMulti": "",
            "listItemAttr": "href",
            "listItemCss": "a",
            "listItemIndex": 0,
            "mainCss": "div.hl-list-wrap",
            "mainIndex": 0,
            "regIndexList": [
              0
            ],
            "regItemIndex": 0,
            "regItemStr": "",
            "regSplitList": [
              ""
            ],
            "regStrList": [
              ""
            ]
          },
          "nav": {
            "isKWInUrl": false,
            "isWebPlay": false,
            "descAttr": "",
            "descCss": "span.hl-lc-1.remarks",
            "descIndex": 0,
            "hasImgUrlPrefix": false,
            "hasUrlPrefix": false,
            "imgAttr": "data-original",
            "imgCss": "a",
            "imgIndex": 0,
            "isDescAttr": false,
            "isImgAttr": true,
            "isNameAttr": true,
            "isUrlAttr": true,
            "mainCss": "ul.hl-vod-list.clearfix",
            "mainListIndex": 0,
            "nameAttr": "title",
            "nameCss": "a",
            "nameIndex": 0,
            "searchListCss": "li",
            "urlAttr": "href",
            "urlCss": "a",
            "urlIndex": 0
          },
          "search": {
            "isKWInUrl": false,
            "isWebPlay": false,
            "descAttr": "",
            "descCss": "span.hl-lc-1.remarks",
            "descIndex": 0,
            "hasImgUrlPrefix": true,
            "hasUrlPrefix": false,
            "imgAttr": "data-original",
            "imgCss": "a",
            "imgIndex": 0,
            "isDescAttr": false,
            "isImgAttr": true,
            "isNameAttr": true,
            "isUrlAttr": true,
            "mainCss": "ul.hl-one-list",
            "mainListIndex": 0,
            "nameAttr": "title",
            "nameCss": "a",
            "nameIndex": 0,
            "searchListCss": "li",
            "urlAttr": "href",
            "urlCss": "a",
            "urlIndex": 0
          },
          "video": {}
        }
      }
    },
    {
      "name": "长资源(规则)",
      "pic": "https://img3.doubanio.com/view/activity_page/raw/public/p2650.jpg",
      "type": "webPlug",
      "subTitle": "",
      "subMobileTitle": "",
      "ads": "",
      "webUrl": "https://www.qianoo.cn/",
      "webOpen": false,
      "click": true,
      "webPlus": {
        "search_url": "https://www.qianoo.cn/?s={kw}",
        "nav_url": "https://www.qianoo.cn/navCate/page/navPage",
        "cate_url": "",
        "web_name": "长资源",
        "kw": "wd",
        "params": [
          {
            "key": "key",
            "value": "value"
          }
        ],
        "navHtml": {
          "name": [
            "最新电影",
            "电视剧",
            "美剧",
            "韩剧",
            "动漫"
          ],
          "cate": [
            "zuixindianying",
            "dsj",
            "meijutt",
            "hanjutv",
            "dm"
          ],
          "page": "1"
        },
        "cateHtml": {},
        "html": {
          "episodes": {
            "hasUrlPrefix": true,
            "isListItemAttr": true,
            "isReg": false,
            "isRegNeedDecoder": false,
            "listCss": "a",
            "isMultiList": false,
            "listCssMulti": "",
            "listItemAttr": "href",
            "listItemCss": "a",
            "listItemIndex": 0,
            "mainCss": "div.paly_list_btn",
            "mainIndex": 0,
            "regIndexList": [
              0
            ],
            "regItemIndex": 0,
            "regItemStr": "",
            "regSplitList": [
              ""
            ],
            "regStrList": [
              ""
            ]
          },
          "nav": {
            "isKWInUrl": false,
            "isWebPlay": false,
            "descAttr": "",
            "descCss": "div > span",
            "descIndex": 0,
            "hasImgUrlPrefix": true,
            "hasUrlPrefix": true,
            "imgAttr": "data-original",
            "imgCss": "img",
            "imgIndex": 0,
            "isDescAttr": false,
            "isImgAttr": true,
            "isNameAttr": true,
            "isUrlAttr": true,
            "mainCss": "div.bt_img.mi_ne_kd.mrb > ul",
            "mainListIndex": 0,
            "nameAttr": "alt",
            "nameCss": "img",
            "nameIndex": 0,
            "searchListCss": "li",
            "urlAttr": "href",
            "urlCss": "a",
            "urlIndex": 0
          },
          "search": {
            "isKWInUrl": false,
            "isWebPlay": false,
            "descAttr": "",
            "descCss": "div > span",
            "descIndex": 0,
            "hasImgUrlPrefix": true,
            "hasUrlPrefix": true,
            "imgAttr": "data-original",
            "imgCss": "img",
            "imgIndex": 0,
            "isDescAttr": false,
            "isImgAttr": true,
            "isNameAttr": true,
            "isUrlAttr": true,
            "mainCss": "div.bt_img.mi_ne_kd.search_list > ul",
            "mainListIndex": 0,
            "nameAttr": "alt",
            "nameCss": "img",
            "nameIndex": 0,
            "searchListCss": "li",
            "urlAttr": "href",
            "urlCss": "a",
            "urlIndex": 0
          },
          "video": {}
        }
      }
    },
    {
      "name": "宅看影视(规则)",
      "pic": "https://img3.doubanio.com/view/activity_page/raw/public/p3190.jpg",
      "type": "webPlug",
      "subTitle": "高清速度快无筛选(菜单键或上下键选集)",
      "subMobileTitle": "高清速度快无筛选",
      "ads": "",
      "webUrl": "https://www.zhaikanys.com",
      "webOpen": false,
      "click": true,
      "webPlus": {
        "search_url": "https://www.zhaikanys.com/vodsearch/-------------.html?wd={kw}",
        "nav_url": "https://www.zhaikanys.com/vodshow/navCate--------navPage---.html",
        "cate_url": "https://www.zhaikanys.com/vodshow/cateNav-cateArea--cateCate-----catePage---cateYear.html",
        "web_name": "宅看影视",
        "kw": "wd",
        "params": [
          {
            "key": "key",
            "value": "value"
          }
        ],
        "navHtml": {
          "name": [
            "电影",
            "电视剧",
            "动漫",
            "综艺"
          ],
          "cate": [
            "1",
            "2",
            "4",
            "3"
          ],
          "page": "1"
        },
        "cateHtml": {},
        "html": {
          "episodes": {
            "hasUrlPrefix": false,
            "isListItemAttr": true,
            "isReg": false,
            "isRegNeedDecoder": false,
            "listCss": "li",
            "isMultiList": false,
            "listCssMulti": "",
            "listItemAttr": "href",
            "listItemCss": "a",
            "listItemIndex": 0,
            "mainCss": "ul.content_playlist.cf",
            "mainIndex": 0,
            "regIndexList": [
              0
            ],
            "regItemIndex": 0,
            "regItemStr": "",
            "regSplitList": [
              ""
            ],
            "regStrList": [
              ""
            ]
          },
          "nav": {
            "isKWInUrl": false,
            "isWebPlay": false,
            "descAttr": "",
            "descCss": "span.pack-prb",
            "descIndex": 0,
            "hasImgUrlPrefix": true,
            "hasUrlPrefix": false,
            "imgAttr": "data-original",
            "imgCss": "a.aplus-exp > div.ec-jabj",
            "imgIndex": 0,
            "isDescAttr": false,
            "isImgAttr": true,
            "isNameAttr": true,
            "isUrlAttr": true,
            "mainCss": "div.hotgrow.eclist",
            "mainListIndex": 0,
            "nameAttr": "title",
            "nameCss": "a.aplus-exp",
            "nameIndex": 0,
            "searchListCss": "div.pack-ykpack",
            "urlAttr": "href",
            "urlCss": "a.aplus-exp",
            "urlIndex": 0
          },
          "search": {
            "isKWInUrl": false,
            "isWebPlay": false,
            "descAttr": "",
            "descCss": "span.author",
            "descIndex": 0,
            "hasImgUrlPrefix": true,
            "hasUrlPrefix": false,
            "imgAttr": "data-original",
            "imgCss": "a > div.ecimgbor",
            "imgIndex": 0,
            "isDescAttr": false,
            "isImgAttr": true,
            "isNameAttr": true,
            "isUrlAttr": true,
            "mainCss": "div.ec-search",
            "mainListIndex": 0,
            "nameAttr": "title",
            "nameCss": "a",
            "nameIndex": 0,
            "searchListCss": "li",
            "urlAttr": "href",
            "urlCss": "a",
            "urlIndex": 0
          },
          "video": {}
        }
      }
    },
    {
      "name": "百度搜索(Web)",
      "pic": "https://img3.doubanio.com/view/activity_page/raw/public/p3190.jpg",
      "keyDownPlay": false,
      "keyUpPlay": false,
      "userAgent": "Mozilla/5.0 (Linux; U; Android 8.1.0; zh-cn; BLA-AL00 Build/HUAWEIBLA-AL00) AppleWebKit/537.36 (KHTML, like Gecko) Version/4.0 Chrome/57.0.2987.132 MQQBrowser/8.9 Mobile Safari/537.36",
      "ads": "",
      "webUrl": "https://www.baidu.com/",
      "webOpen": true,
      "click": true
    },
    {
      "name": "腾讯视频(Web)",
      "pic": "https://img3.doubanio.com/view/activity_page/raw/public/p3190.jpg",
      "keyDownPlay": false,
      "keyUpPlay": false,
      "userAgent": "Mozilla/5.0 (Linux; U; Android 8.1.0; zh-cn; BLA-AL00 Build/HUAWEIBLA-AL00) AppleWebKit/537.36 (KHTML, like Gecko) Version/4.0 Chrome/57.0.2987.132 MQQBrowser/8.9 Mobile Safari/537.36",

      "ads": "",
      "webUrl": "https://v.qq.com/",
      "webOpen": true,
      "click": true
    },
    {
      "name": "iqiyi(Web)",
      "pic": "https://img3.doubanio.com/view/activity_page/raw/public/p3190.jpg",
      "keyDownPlay": false,
      "keyUpPlay": false,
      "userAgent": "Mozilla/5.0 (Linux; U; Android 8.1.0; zh-cn; BLA-AL00 Build/HUAWEIBLA-AL00) AppleWebKit/537.36 (KHTML, like Gecko) Version/4.0 Chrome/57.0.2987.132 MQQBrowser/8.9 Mobile Safari/537.36",

      "ads": "",
      "webUrl": "https://www.iqiyi.com/",
      "webOpen": true,
      "click": true
    },
    {
      "name": "优酷(Web)",
      "pic": "https://img3.doubanio.com/view/activity_page/raw/public/p3190.jpg",
      "keyDownPlay": false,
      "keyUpPlay": false,
      "userAgent": "Mozilla/5.0 (Linux; U; Android 8.1.0; zh-cn; BLA-AL00 Build/HUAWEIBLA-AL00) AppleWebKit/537.36 (KHTML, like Gecko) Version/4.0 Chrome/57.0.2987.132 MQQBrowser/8.9 Mobile Safari/537.36",

      "ads": "",
      "webUrl": "https://www.youku.com/",
      "webOpen": true,
      "click": true
    },
    {
      "name": "哔哩哔哩(Web)",
      "pic": "https://img3.doubanio.com/view/activity_page/raw/public/p3190.jpg",
      "keyDownPlay": false,
      "keyUpPlay": false,
      "userAgent": "Mozilla/5.0 (Linux; U; Android 8.1.0; zh-cn; BLA-AL00 Build/HUAWEIBLA-AL00) AppleWebKit/537.36 (KHTML, like Gecko) Version/4.0 Chrome/57.0.2987.132 MQQBrowser/8.9 Mobile Safari/537.36",

      "ads": "",
      "webUrl": "https://live.bilibili.com/p/eden/area-tags?visit_id=c6opq06jels0&areaId=33&parentAreaId=10",
      "webOpen": true,
      "click": true
    },
    {
      "name": "91美剧(Web)",
      "pic": "https://img3.doubanio.com/view/activity_page/raw/public/p3190.jpg",
      "ads": "weizhenwx,728_93,728_92,320_270,nnsbbd,ad=single,.gif",
      "webUrl": "https://91mjw.com/",
      "webOpen": true,
      "click": true
    },
    {
      "name": "大师兄(Web)",
      "pic": "https://img3.doubanio.com/view/activity_page/raw/public/p3190.jpg",
      "ads": "",
      "webUrl": "https://zz.ci/",
      "webOpen": true,
      "click": true
    },
    {
      "name": "1090(Web)",
      "pic": "https://img3.doubanio.com/view/activity_page/raw/public/p3190.jpg",
      "ads": "weizhenwx,5588196_1622486217",
      "webUrl": "http://1090ys2.com/",
      "webOpen": true,
      "click": true
    },
    {
      "name": "cokemv(Web)",
      "pic": "https://img3.doubanio.com/view/activity_page/raw/public/p3190.jpg",
      "ads": "",
      "webUrl": "https://cokemv.cn/",
      "webOpen": true,
      "click": true
    },
    {
      "name": "flvweb(Web)",
      "pic": "https://img3.doubanio.com/view/activity_page/raw/public/p3190.jpg",
      "ads": "",
      "webUrl": "http://www.flvweb.com/",
      "webOpen": true,
      "click": true
    },
    {
      "name": "哆咪动漫(Web)",
      "pic": "https://img3.doubanio.com/view/activity_page/raw/public/p3190.jpg",
      "ads": "weizhenwx,5588196_1622486217",
      "webUrl": "http://www.dmdm2020.com/",
      "webOpen": true,
      "click": true
    },
    {
      "name": "真不卡(Web)",
      "pic": "https://img3.doubanio.com/view/activity_page/raw/public/p3190.jpg",
      "ads": "weizhenwx,5588196_1622486217",
      "webUrl": "https://bukaivip.com/",
      "webOpen": true,
      "click": true
    },
    {
      "name": "嘀哩影视(Web)",
      "pic": "https://img3.doubanio.com/view/activity_page/raw/public/p3190.jpg",
      "ads": "",
      "webUrl": "http://diliktv.com/",
      "webOpen": true,
      "click": true
    },
    {
      "name": "TV云播(Web)",
      "pic": "https://img3.doubanio.com/view/activity_page/raw/public/p3190.jpg",
      "ads": "onenews",
      "webUrl": "http://www.tvyb02.com/",
      "webOpen": true,
      "click": true
    },
    {
      "name": "一只鱼(Web)",
      "pic": "https://img3.doubanio.com/view/activity_page/raw/public/p3190.jpg",
      "ads": "",
      "webUrl": "https://www.4kyu.cc",
      "webOpen": true,
      "click": true
    }
  ]
}
