{
"站名":"91色",
"免嗅":"0",
"主页url":"https://91sesexy04.top/video_list/122/1/index.html",
"二次截取":"<script>&&</script>",
"数组":"[&&],",
"图片":"\"&&\"[替换:.txt>>.jpg]",
"标题":"html\",\"&&_91sesexy04.top\"",
"副标题":"91sesexy04.top\",\"&&\",\"\"[替换:\",\">>空]",
"链接":"jpg\",\"&&\"+txt\",\"&&\"+pic\",\"&&\"",
"链接前缀":"https://91sesexy04.top",
"搜索url":"https://91sesexy04.top/video_search/{wd}/{pg}/index.html",
"搜索模式":"1",
"搜索二次截取":"<script>&&</script>",
"搜索数组":"[&&],",
"搜索图片":"\"&&\"[替换:.txt>>.jpg]",
"搜索标题":"html\",\"&&_91sesexy04.top\"",
"搜索副标题":"91sesexy04.top\",\"&&\",\"\"[替换:\",\">>空]",
"搜索链接":"jpg\",\"&&\"+txt\",\"&&\"+pic\",\"&&\"",
"搜索链接前缀":"https://91sesexy04.top",
"线路二次截取":"",
"线路数组":"<div class=\"playfrom jsfrom tab1 clearfix\"&&</div>",
"线路标题":"<span class=\"laiyuan\">&&</span>",
"影片年代":"",
"影片类型":"<dd>分类：&&</dd>+<dd>时间：&&</dd>",
"影片地区":"",
"导演":"",
"主演":"<dd>演员：&&</dd>",
"简介":"<dd>详情：&&</dd>+<dd>标签：&&</dd>",
"播放数组":"<ul class=\"playul\">&&</ul>",
"播放列表":"<a&&/a>",
"播放标题":"target=\"_self\">&&<",
"播放链接":"play('&&');\"",
"分类url":"https://91sesexy04.top/video_{cateId}/{catePg}/index.html",
"分类":"视频分类$list/1#特色视频区$list/73#今日热搜榜一$search/自慰#今日热搜榜二$search/唐伯虎#麻豆女优一$search/沈娜娜#麻豆女优二$search/真希波#麻豆女优三$search/苏艾文",
"分类二次截取":"<h3>视频分类</h3>&&</dl>+</i>今日热搜榜</h3>&&</ul>",
"分类数组":"<a&&a>",
"分类标题":">&&</",
"分类ID":"href=\"/video_&&/1/index.html",
"筛选":{
"list/1":[
{
"key":"cateId",
"name":"视频分类",
"value":[
{"v":"","n":"全部"},
{"v":"list/1","n":"亚洲情色"},{"v":"list/2","n":"热门女优"},{"v":"list/3","n":"中文字幕"},{"v":"list/4","n":"国产自拍"},{"v":"list/5","n":"无码专区"},{"v":"list/6","n":"伦理三级"},{"v":"list/7","n":"制服师生"},{"v":"list/8","n":"强奸乱伦"},{"v":"list/9","n":"丝袜美腿"},{"v":"list/10","n":"人妻熟女"},{"v":"list/11","n":"欧美性爱"}
]
},
{
"key":"cateId",
"name":"视频分类",
"value":[
{"v":"","n":"全部"},
{"v":"list/12","n":"4K岛国"},{"v":"list/13","n":"韩国资源"},{"v":"list/14","n":"卡通动漫"},{"v":"list/15","n":"人妖人兽"},{"v":"list/16","n":"男同女同"},{"v":"list/17","n":"VR资源"},{"v":"list/18","n":"JAV高清"},{"v":"list/31","n":"名优写真"},{"v":"list/32","n":"名优综艺"},{"v":"list/33","n":"名优中字"},{"v":"list/34","n":"无码破解"},{"v":"list/35","n":"兔子先生"}
]
},
{
"key":"cateId",
"name":"视频分类",
"value":[
{"v":"","n":"全部"},{"v":"list/36","n":"JVID系列"},{"v":"list/37","n":"水果派"},{"v":"list/38","n":"麻豆传媒"},{"v":"list/39","n":"果冻传媒"},{"v":"list/40","n":"星空无限传媒"},{"v":"list/41","n":"天美传媒"},{"v":"list/42","n":"蜜桃传媒"},{"v":"list/43","n":"乐播传媒"},{"v":"list/44","n":"精东影业"},{"v":"list/45","n":"乌鸦传媒"},{"v":"list/46","n":"香港玩偶"},{"v":"list/47","n":"91制片厂"}
]
},
{
"key":"cateId",
"name":"视频分类",
"value":[
{"v":"","n":"全部"},{"v":"list/48","n":"台湾SWAG"},{"v":"list/49","n":"吴梦梦"},{"v":"list/50","n":"皇家华人"},{"v":"list/51","n":"开心鬼传媒"},{"v":"list/52","n":"Psychoporn"},{"v":"list/53","n":"囯产視頻"},{"v":"list/68","n":"MINI传媒"},{"v":"list/69","n":"大象传媒"},{"v":"list/70","n":"糖心Vlog"},{"v":"list/71","n":"杏吧专区"},{"v":"list/72","n":"乌鸦传媒"},{"v":"list/118","n":"国产"},{"v":"list/119","n":"日韩"},{"v":"list/120","n":"欧美"},{"v":"list/121","n":"动漫"},{"v":"list/122","n":"麻豆番外篇"}
]
}
],
"list/73":[
{
"key":"cateId",
"name":"特色视频区",
"value":[
{"v":"","n":"全部"},
{"v":"list/73","n":"VR高清"},{"v":"list/74","n":"强奸乱伦"},{"v":"list/75","n":"沈樵合集"},{"v":"list/76","n":"欧美女神"},{"v":"list/77","n":"岛国AV"},{"v":"list/78","n":"FC2素人"},{"v":"list/79","n":"91大神"},{"v":"list/80","n":"经典三级片"},{"v":"list/81","n":"主播系列"},{"v":"list/82","n":"无套内射"},{"v":"list/83","n":"潮吹系列"},{"v":"list/84","n":"偷拍自拍"}
]
},
{
"key":"cateId",
"name":"特色视频区",
"value":[
{"v":"","n":"全部"},{"v":"list/85","n":"自慰系列"},{"v":"list/86","n":"制服诱惑"},{"v":"list/87","n":"3D动漫"},{"v":"list/88","n":"老湿姬Misa米砂"},{"v":"list/89","n":"中指通"},{"v":"list/90","n":"30天解密麻豆"},{"v":"list/91","n":"疯拍系列"},{"v":"list/92","n":"小哥哥艾理"},{"v":"list/93","n":"小鹏奇啪行"},{"v":"list/94","n":"大鸟十八"},{"v":"list/95","n":"AV拍摄花絮"},{"v":"list/96","n":"粉丝感谢祭"}
]
},
{
"key":"cateId",
"name":"特色视频区",
"value":[
{"v":"","n":"全部"},
{"v":"list/97","n":"网红合集"},{"v":"list/98","n":"外卖小哥系列"},{"v":"list/99","n":"兔女郎系列"},{"v":"list/100","n":"果哥系列"},{"v":"list/101","n":"多人群交"},{"v":"list/102","n":"清纯学生"},{"v":"list/103","n":"女同系列"},{"v":"list/104","n":"情色按摩"},{"v":"list/105","n":"黑丝美腿"},{"v":"list/106","n":"小葛格东游记"},{"v":"list/107","n":"KTV系列"},{"v":"list/108","n":"AI明星梦"}
]
},
{
"key":"cateId",
"name":"特色视频区",
"value":[
{"v":"","n":"全部"},{"v":"list/109","n":"性爱与艺术"},{"v":"list/110","n":"门事件"},{"v":"list/111","n":"韩国女神"},{"v":"list/112","n":"大胸系列"},{"v":"list/113","n":"小奶系列"},{"v":"list/114","n":"深夜保健室"},{"v":"list/115","n":"足控系列"},{"v":"list/116","n":"健身房系列"},{"v":"list/117","n":"角色扮演(成人翻拍)"},{"v":"list/122","n":"高清资源"},{"v":"list/123","n":"麻豆花絮"}
]
},
{
"key":"cateId",
"name":"特色视频区",
"value":[
{"v":"","n":"全部"},{"v":"list/124","n":"猫爪影像"},{"v":"list/125","n":"爱豆"},{"v":"list/126","n":"抖阴"},{"v":"list/127","n":"麻豆导演系列"},{"v":"list/128","n":"女优淫娃培训营"},{"v":"list/129","n":"淫欲游戏王"},{"v":"list/130","n":"女神羞羞研究所"},{"v":"list/131","n":"突袭女优家"},{"v":"list/132","n":"情趣K歌房"},{"v":"list/133","n":"KISS糖果屋"} 
]
}
],
"search/自慰":[
{
"key":"cateId",
"name":"今日热搜榜",
"value":[
{"v":"","n":"全部"},
{"v":"search/时间停止","n":"时间停止"},
{"v":"search/福利姬","n":"福利姬"},
{"v":"search/熟女","n":"熟女"},
{"v":"search/无码流出","n":"无码流出"},
{"v":"search/萝莉","n":"萝莉"},
{"v":"search/乱伦","n":"乱伦"},
{"v":"search/黑人","n":"黑人"},
{"v":"search/母子","n":"母子"},
{"v":"search/cos","n":"cos"},
{"v":"search/on","n":"on"},
{"v":"search/黑丝","n":"黑丝"},
{"v":"search/无码破解","n":"无码破解"},
{"v":"search/换妻","n":"换妻"},
{"v":"search/妈妈","n":"妈妈"},
{"v":"search/强奸","n":"强奸"},
{"v":"search/阿姨","n":"阿姨"}
]
},
{
"key":"cateId",
"name":"今日热搜榜",
"value":[
{"v":"","n":"全部"},
{"v":"search/抖音","n":"抖音"},
{"v":"search/f","n":"f"},
{"v":"search/y","n":"y"},
{"v":"search/门事件","n":"门事件"},
{"v":"search/丝袜","n":"丝袜"},
{"v":"search/足交","n":"足交"},
{"v":"search/极品","n":"极品"},
{"v":"search/娜娜","n":"娜娜"},
{"v":"search/儿子","n":"儿子"},
{"v":"search/喷水","n":"喷水"},
{"v":"search/无码","n":"无码"},
{"v":"search/人妖","n":"人妖"},
{"v":"search/洛丽塔","n":"洛丽塔"},
{"v":"search/真实","n":"真实"},
{"v":"search/r","n":"r"}
]
},
{
"key":"cateId",
"name":"今日热搜榜",
"value":[
{"v":"","n":"全部"},
{"v":"search/岳母","n":"岳母"},
{"v":"search/偷拍","n":"偷拍"},
{"v":"search/合集","n":"合集"},
{"v":"search/tokyo","n":"tokyo"},
{"v":"search/o","n":"o"},
{"v":"search/波多野结衣","n":"波多野结衣"},
{"v":"search/母女","n":"母女"},
{"v":"search/探花","n":"探花"},
{"v":"search/嫂子","n":"嫂子"},
{"v":"search/白虎","n":"白虎"},
{"v":"search/麻酥酥","n":"麻酥酥"},
{"v":"search/黒人","n":"黒人"},
{"v":"search/母乳","n":"母乳"},
{"v":"search/五十路","n":"五十路"}
]
},
{
"key":"cateId",
"name":"今日热搜榜",
"value":[
{"v":"","n":"全部"},
{"v":"search/姐姐","n":"姐姐"},
{"v":"search/白丝","n":"白丝"},
{"v":"search/内射","n":"内射"},
{"v":"search/爆乳","n":"爆乳"},
{"v":"search/小萝莉","n":"小萝莉"},
{"v":"search/露出","n":"露出"},
{"v":"search/女儿","n":"女儿"},
{"v":"search/3d","n":"3d"},
{"v":"search/偷情","n":"偷情"},
{"v":"search/母狗","n":"母狗"},
{"v":"search/公公","n":"公公"},
{"v":"search/学生","n":"学生"},
{"v":"search/白浆","n":"白浆"},
{"v":"search/jk","n":"jk"},
{"v":"search/网红","n":"网红"},
{"v":"search/onlyfans","n":"onlyfans"}
]
},
{
"key":"cateId",
"name":"今日热搜榜",
"value":[
{"v":"","n":"全部"},
{"v":"search/大奶","n":"大奶"},
{"v":"search/主播","n":"主播"},
{"v":"search/美脚","n":"美脚"},
{"v":"search/调教","n":"调教"},
{"v":"search/伪娘","n":"伪娘"},
{"v":"search/少妇","n":"少妇"},
{"v":"search/肛交","n":"肛交"},
{"v":"search/绿帽","n":"绿帽"},
{"v":"search/巨乳","n":"巨乳"},
{"v":"search/孕妇","n":"孕妇"},
{"v":"search/户外","n":"户外"},
{"v":"search/韩国","n":"韩国"},
{"v":"search/asmr","n":"asmr"},
{"v":"search/技师","n":"技师"},
{"v":"search/轮奸","n":"轮奸"},
{"v":"search/变态","n":"变态"},
{"v":"search/s","n":"s"}
]
},
{
"key":"cateId",
"name":"今日热搜榜",
"value":[
{"v":"","n":"全部"},
{"v":"search/韩国主播","n":"韩国主播"},
{"v":"search/tokyo-hot","n":"tokyo-hot"},
{"v":"search/摄像头","n":"摄像头"},
{"v":"search/破处","n":"破处"},
{"v":"search/阿朱","n":"阿朱"},
{"v":"search/私人玩物","n":"私人玩物"},
{"v":"search/反差","n":"反差"},
{"v":"search/中文字幕","n":"中文字幕"},
{"v":"search/三上悠亚","n":"三上悠亚"},
{"v":"search/推特","n":"推特"},
{"v":"search/勾引","n":"勾引"},
{"v":"search/julia","n":"julia"},
{"v":"search/乱交","n":"乱交"},
{"v":"search/失禁","n":"失禁"},
{"v":"search/高中","n":"高中"}
]
}
],
"search/唐伯虎":[
{
"key":"cateId",
"name":"今日热搜榜",
"value":[
{"v":"","n":"全部"},
{"v":"search/双马尾","n":"双马尾"},
{"v":"search/高潮","n":"高潮"},
{"v":"search/吞精","n":"吞精"},
{"v":"search/鸡巴","n":"鸡巴"},
{"v":"search/国产","n":"国产"},
{"v":"search/电话","n":"电话"},
{"v":"search/cosplay","n":"cosplay"},
{"v":"search/ts","n":"ts"},
{"v":"search/大乱交","n":"大乱交"},
{"v":"search/fc2","n":"fc2"},
{"v":"search/女神","n":"女神"},
{"v":"search/屁眼","n":"屁眼"},
{"v":"search/0","n":"0"},
{"v":"search/初中","n":"初中"},
{"v":"search/女王","n":"女王"}
]
},
{
"key":"cateId",
"name":"今日热搜榜",
"value":[
{"v":"","n":"全部"},
{"v":"search/息子","n":"息子"},
{"v":"search/一本道","n":"一本道"},
{"v":"search/3p","n":"3p"},
{"v":"search/八月未央","n":"八月未央"},
{"v":"search/人兽","n":"人兽"},
{"v":"search/柚子猫","n":"柚子猫"},
{"v":"search/糖心","n":"糖心"},
{"v":"search/裸舞","n":"裸舞"},
{"v":"search/空姐","n":"空姐"},
{"v":"search/跳蛋","n":"跳蛋"},
{"v":"search/水果派","n":"水果派"},
{"v":"search/rct","n":"rct"},
{"v":"search/换脸","n":"换脸"},
{"v":"search/福利","n":"福利"},
{"v":"search/剧情","n":"剧情"},
{"v":"search/厕所","n":"厕所"},
{"v":"search/潮吹","n":"潮吹"}
]
},
{
"key":"cateId",
"name":"今日热搜榜",
"value":[
{"v":"","n":"全部"},
{"v":"search/ntr","n":"ntr"},
{"v":"search/新娘","n":"新娘"},
{"v":"search/黑料","n":"黑料"},
{"v":"search/眼镜","n":"眼镜"},
{"v":"search/妹妹","n":"妹妹"},
{"v":"search/春药","n":"春药"},
{"v":"search/直播","n":"直播"},
{"v":"search/uk","n":"uk"},
{"v":"search/处女","n":"处女"},
{"v":"search/良家","n":"良家"},
{"v":"search/后入","n":"后入"},
{"v":"search/娜美妖姬","n":"娜美妖姬"},
{"v":"search/fa","n":"fa"},
{"v":"search/少女","n":"少女"},
{"v":"search/heyzo","n":"heyzo"},
{"v":"search/模特","n":"模特"}
]
},
{
"key":"cateId",
"name":"今日热搜榜",
"value":[
{"v":"","n":"全部"},
{"v":"search/老板娘","n":"老板娘"},
{"v":"search/尿","n":"尿"},
{"v":"search/瑜伽","n":"瑜伽"},
{"v":"search/深田咏美","n":"深田咏美"},
{"v":"search/加勒比","n":"加勒比"},
{"v":"search/双飞","n":"双飞"},
{"v":"search/母","n":"母"},
{"v":"search/sm","n":"sm"},
{"v":"search/环亚","n":"环亚"},
{"v":"search/露脸","n":"露脸"},
{"v":"search/寸止","n":"寸止"},
{"v":"search/肛","n":"肛"},
{"v":"search/淫妻","n":"淫妻"},
{"v":"search/女教师","n":"女教师"},
{"v":"search/欧美","n":"欧美"},
{"v":"search/高颜值","n":"高颜值"}
]
},
{
"key":"cateId",
"name":"今日热搜榜",
"value":[
{"v":"","n":"全部"},
{"v":"search/对白","n":"对白"},
{"v":"search/use","n":"use"},
{"v":"search/ol","n":"ol"},
{"v":"search/海角","n":"海角"},
{"v":"search/女仆","n":"女仆"},
{"v":"search/捆绑","n":"捆绑"},
{"v":"search/fc2ppv","n":"fc2ppv"},
{"v":"search/spa","n":"spa"},
{"v":"search/北条麻妃","n":"北条麻妃"},
{"v":"search/电车","n":"电车"},
{"v":"search/迷奸","n":"迷奸"},
{"v":"search/00后","n":"00后"},
{"v":"search/御姐","n":"御姐"},
{"v":"search/深田","n":"深田"},
{"v":"search/走光","n":"走光"},
{"v":"search/健身","n":"健身"}
]
},
{
"key":"cateId",
"name":"今日热搜榜",
"value":[
{"v":"","n":"全部"},
{"v":"search/桃乃木","n":"桃乃木"},
{"v":"search/君岛","n":"君岛"},
{"v":"search/哺乳","n":"哺乳"},
{"v":"search/虎牙","n":"虎牙"},
{"v":"search/jvid","n":"jvid"},
{"v":"search/母親","n":"母親"},
{"v":"search/金先生","n":"金先生"},
{"v":"search/ktv","n":"ktv"},
{"v":"search/高跟","n":"高跟"},
{"v":"search/熟","n":"熟"},
{"v":"search/三上","n":"三上"},
{"v":"search/母亲","n":"母亲"},
{"v":"search/淫语","n":"淫语"},
{"v":"search/清纯","n":"清纯"},
{"v":"search/fan","n":"fan"},
{"v":"search/秘书","n":"秘书"},
{"v":"search/美少女","n":"美少女"},
{"v":"search/老师","n":"老师"}
]
},
{
"key":"cateId",
"name":"今日热搜榜",
"value":[
{"v":"","n":"全部"},
{"v":"search/美女主播","n":"美女主播"},
{"v":"search/医院","n":"医院"},
{"v":"search/萌白酱","n":"萌白酱"},
{"v":"search/尻","n":"尻"},
{"v":"search/肉丝","n":"肉丝"},
{"v":"search/中出","n":"中出"},
{"v":"search/相泽南","n":"相泽南"},
{"v":"search/玩偶姐姐","n":"玩偶姐姐"},
{"v":"search/21","n":"21"}
]
}
],
"search/沈娜娜":[
{
"key":"cateId",
"name":"麻豆女优",
"value":[
{"n":"夏晴子","v":"search/夏晴子"},
{"n":"吴梦梦","v":"search/吴梦梦"},
{"n":"孟若羽","v":"search/孟若羽"},
{"n":"艾秋","v":"search/艾秋"},
{"n":"林思妤","v":"search/林思妤"},
{"n":"凌薇","v":"search/凌薇"},
{"n":"斑斑","v":"search/斑斑"},
{"n":"秦可欣","v":"search/秦可欣"},
{"n":"苏语棠","v":"search/苏语棠"},
{"n":"韩棠","v":"search/韩棠"},
{"n":"苏清歌","v":"search/苏清歌"},
{"n":"金宝娜","v":"search/金宝娜"}
]
},
{
"key":"cateId",
"name":"麻豆女优",
"value":[
{"n":"蜜苏","v":"search/蜜苏"},
{"n":"季妍希","v":"search/季妍希"},
{"n":"雪千夏","v":"search/雪千夏"},
{"n":"李蓉蓉","v":"search/李蓉蓉"},
{"n":"唐茜","v":"search/唐茜"},
{"n":"管明美","v":"search/管明美"},
{"n":"徐蕾","v":"search/徐蕾"},
{"n":"仙儿媛","v":"search/仙儿媛"},
{"n":"寻小小","v":"search/寻小小"},
{"n":"张芸熙","v":"search/张芸熙"},
{"n":"夜夜","v":"search/夜夜"},
{"n":"雷梦娜","v":"search/雷梦娜"},
{"n":"尤莉","v":"search/尤莉"}
]
},
{
"key":"cateId",
"name":"麻豆女优",
"value":[
{"n":"吴芳宜","v":"search/吴芳宜"},
{"n":"苏娅","v":"search/苏娅"},
{"n":"玥可岚","v":"search/玥可岚"},
{"n":"白沛瑶","v":"search/白沛瑶"},
{"n":"袁子仪","v":"search/袁子仪"},
{"n":"艾玛","v":"search/艾玛"},
{"n":"林沁儿","v":"search/林沁儿"},
{"n":"粉色情人","v":"search/粉色情人"},
{"n":"顾桃桃","v":"search/顾桃桃"},
{"n":"林芊彤","v":"search/林芊彤"},
{"n":"白靖寒","v":"search/白靖寒"},
{"n":"香菱","v":"search/香菱"},
{"n":"乐奈子","v":"search/乐奈子"}
]
},
{
"key":"cateId",
"name":"麻豆女优",
"value":[
{"n":"林凤娇","v":"search/林凤娇"},
{"n":"明日香","v":"search/明日香"},
{"n":"楚梦舒","v":"search/楚梦舒"},
{"n":"舒可芯","v":"search/舒可芯"},
{"n":"梁芸菲","v":"search/梁芸菲"},
{"n":"宋南伊","v":"search/宋南伊"},
{"n":"玖玖","v":"search/玖玖"},
{"n":"乔安","v":"search/乔安"},
{"n":"倪哇哇","v":"search/倪哇哇"},
{"n":"赵一曼","v":"search/赵一曼"},
{"n":"雪霏","v":"search/雪霏"},
{"n":"郭童童","v":"search/郭童童"},
{"n":"绫波丽","v":"search/绫波丽"}
]
},
{
"key":"cateId",
"name":"麻豆女优",
"value":[
{"n":"潘雨曦","v":"search/潘雨曦"},
{"n":"南芊允","v":"search/南芊允"},
{"n":"岚湘庭","v":"search/岚湘庭"},
{"n":"沈芯语","v":"search/沈芯语"},
{"n":"莉娜","v":"search/莉娜"},
{"n":"董小宛","v":"search/董小宛"},
{"n":"苏艾文","v":"search/苏艾文"},
{"n":"陈可心","v":"search/陈可心"},
{"n":"樱井美里","v":"search/樱井美里"},
{"n":"周甯","v":"search/周甯"},
{"n":"李文雯","v":"search/李文雯"},
{"n":"何苗","v":"search/何苗"},
{"n":"白若冰","v":"search/白若冰"}
]
},
{
"key":"cateId",
"name":"麻豆女优",
"value":[
{"n":"凌波丽","v":"search/凌波丽"},
{"n":"徐夜夜","v":"search/徐夜夜"},
{"n":"李允熙","v":"search/李允熙"},
{"n":"唐雨菲","v":"search/唐雨菲"},
{"n":"王以欣","v":"search/王以欣"},
{"n":"罗瑾萱","v":"search/罗瑾萱"},
{"n":"宁洋子","v":"search/宁洋子"},
{"n":"白晶晶","v":"search/白晶晶"},
{"n":"宁静","v":"search/宁静"},
{"n":"欧妮","v":"search/欧妮"},
{"n":"娃娃","v":"search/娃娃"},
{"n":"吴心语","v":"search/吴心语"},
{"n":"李慕","v":"search/李慕"}
]
},
{
"key":"cateId",
"name":"麻豆女优",
"value":[
{"n":"李娜娜","v":"search/李娜娜"},
{"n":"吉吉","v":"search/吉吉"},
{"n":"不见星空","v":"search/不见星空"},
{"n":"许木学长","v":"search/许木学长"},
{"n":"丝丝","v":"search/丝丝"},
{"n":"苏小小","v":"search/苏小小"},
{"n":"李琼","v":"search/李琼"},
{"n":"文冰冰","v":"search/文冰冰"},
{"n":"白星雨","v":"search/白星雨"},
{"n":"张欣妍","v":"search/张欣妍"},
{"n":"唐霏","v":"search/唐霏"},
{"n":"茉莉","v":"search/茉莉"}
]
},
{
"key":"cateId",
"name":"麻豆女优",
"value":[
{"n":"米娅","v":"search/米娅"},
{"n":"羽芮","v":"search/羽芮"},
{"n":"安娜","v":"search/安娜"},
{"n":"聂小倩","v":"search/聂小倩"},
{"n":"陈圆圆","v":"search/陈圆圆"},
{"n":"沙美辰","v":"search/沙美辰"},
{"n":"林妙可","v":"search/林妙可"},
{"n":"韩宝儿","v":"search/韩宝儿"},
{"n":"李娜","v":"search/李娜"},
{"n":"乐淆雪","v":"search/乐淆雪"},
{"n":"钟宛冰","v":"search/钟宛冰"},
{"n":"林怡梦","v":"search/林怡梦"},
{"n":"翁雨澄","v":"search/翁雨澄"}
]
}
],
"search/真希波":[
{
"key":"cateId",
"name":"麻豆女优",
"value":[
{"n":"王玥","v":"search/王玥"},
{"n":"项子甯","v":"search/项子甯"},
{"n":"夏禹熙","v":"search/夏禹熙"},
{"n":"林洋","v":"search/林洋"},
{"n":"清洛","v":"search/清洛"},
{"n":"乐乐","v":"search/乐乐"},
{"n":"依涵","v":"search/依涵"},
{"n":"糖糖","v":"search/糖糖"},
{"n":"苏畅","v":"search/苏畅"},
{"n":"瑶贝","v":"search/瑶贝"},
{"n":"小夜夜","v":"search/小夜夜"},
{"n":"张雅婷","v":"search/张雅婷"}
]
},
{
"key":"cateId",
"name":"麻豆女优",
"value":[
{"n":"杨思敏","v":"search/杨思敏"},
{"n":"李曼妮","v":"search/李曼妮"},
{"n":"杨柳","v":"search/杨柳"},
{"n":"戚小怜","v":"search/戚小怜"},
{"n":"苡若","v":"search/苡若"},
{"n":"童汐","v":"search/童汐"},
{"n":"谢语彤","v":"search/谢语彤"},
{"n":"王筱璐","v":"search/王筱璐"},
{"n":"卢珊珊","v":"search/卢珊珊"},
{"n":"程诗诗","v":"search/程诗诗"},
{"n":"悠悠","v":"search/悠悠"},
{"n":"白允儿","v":"search/白允儿"},
{"n":"肖云","v":"search/肖云"}
]
},
{
"key":"cateId",
"name":"麻豆女优",
"value":[
{"n":"岚玥","v":"search/岚玥"},
{"n":"高梨遥香","v":"search/高梨遥香"},
{"n":"熙熙","v":"search/熙熙"},
{"n":"黎娜","v":"search/黎娜"},
{"n":"林曼芸","v":"search/林曼芸"},
{"n":"欣欣","v":"search/欣欣"},
{"n":"琳达","v":"search/琳达"},
{"n":"林嫣","v":"search/林嫣"},
{"n":"张宇芯","v":"search/张宇芯"},
{"n":"桥本爱菜","v":"search/桥本爱菜"},
{"n":"晴天","v":"search/晴天"},
{"n":"温芮欣","v":"search/温芮欣"},
{"n":"柚子猫","v":"search/柚子猫"}
]
},
{
"key":"cateId",
"name":"麻豆女优",
"value":[
{"n":"吴茜茜","v":"search/吴茜茜"},
{"n":"杜冰若","v":"search/杜冰若"},
{"n":"杜鹃","v":"search/杜鹃"},
{"n":"玛丽莲","v":"search/玛丽莲"},
{"n":"胡蓉蓉","v":"search/胡蓉蓉"},
{"n":"美樱","v":"search/美樱"},
{"n":"万静雪","v":"search/万静雪"},
{"n":"许诺","v":"search/许诺"},
{"n":"虞姬","v":"search/虞姬"},
{"n":"白熙雨","v":"search/白熙雨"},
{"n":"萧悦儿","v":"search/萧悦儿"},
{"n":"林晓雪","v":"search/林晓雪"},
{"n":"苡琍","v":"search/苡琍"}
]
},
{
"key":"cateId",
"name":"麻豆女优",
"value":[
{"n":"蔷薇","v":"search/蔷薇"},
{"n":"米亚","v":"search/米亚"},
{"n":"兰心洁","v":"search/兰心洁"},
{"n":"小影","v":"search/小影"},
{"n":"Aida","v":"search/Aida"},
{"n":"赖畇希","v":"search/赖畇希"},
{"n":"小桃","v":"search/小桃"},
{"n":"cola醬","v":"search/cola醬"},
{"n":"绯丽","v":"search/绯丽"},
{"n":"白思吟","v":"search/白思吟"},
{"n":"藤田美绪","v":"search/藤田美绪"},
{"n":"娜娜","v":"search/娜娜"},
{"n":"静静","v":"search/静静"}
]
},
{
"key":"cateId",
"name":"麻豆女优",
"value":[
{"n":"黄雪纯","v":"search/黄雪纯"},
{"n":"赵雅琳","v":"search/赵雅琳"},
{"n":"伊琬琳","v":"search/伊琬琳"},
{"n":"琪琪","v":"search/琪琪"},
{"n":"兮兮","v":"search/兮兮"},
{"n":"陈美惠","v":"search/陈美惠"},
{"n":"金巧巧","v":"search/金巧巧"},
{"n":"苏然","v":"search/苏然"},
{"n":"陈美琳","v":"search/陈美琳"},
{"n":"陆思涵","v":"search/陆思涵"},
{"n":"顾小北","v":"search/顾小北"},
{"n":"陶子","v":"search/陶子"},
{"n":"七濑恋","v":"search/七濑恋"}
]
},
{
"key":"cateId",
"name":"麻豆女优",
"value":[
{"n":"陈小雨","v":"search/陈小雨"},
{"n":"董欣","v":"search/董欣"},
{"n":"吴恺彤","v":"search/吴恺彤"},
{"n":"羽熙","v":"search/羽熙"},
{"n":"清沐","v":"search/清沐"},
{"n":"林襄","v":"search/林襄"},
{"n":"冬月结衣","v":"search/冬月结衣"},
{"n":"维里娜","v":"search/维里娜"},
{"n":"兔小白","v":"search/兔小白"},
{"n":"神谷怜","v":"search/神谷怜"},
{"n":"叶子红","v":"search/叶子红"},
{"n":"小捷","v":"search/小捷"},
{"n":"美凉子","v":"search/美凉子"}
]
},
{
"key":"cateId",
"name":"麻豆女优",
"value":[
{"n":"NANA","v":"search/NANA"},
{"n":"吳芳宜","v":"search/吳芳宜"},
{"n":"菲菲","v":"search/菲菲"},
{"n":"樱桃","v":"search/樱桃"},
{"n":"吴凯彤","v":"search/吴凯彤"},
{"n":"橙子","v":"search/橙子"},
{"n":"王茜","v":"search/王茜"},
{"n":"李慕儿","v":"search/李慕儿"},
{"n":"叶一涵","v":"search/叶一涵"},
{"n":"赵佳美","v":"search/赵佳美"},
{"n":"千鹤","v":"search/千鹤"},
{"n":"雪见","v":"search/雪见"},
{"n":"董小婉","v":"search/董小婉"}
]
}
],
"search/苏艾文":[
{
"key":"cateId",
"name":"麻豆女优",
"value":[
{"n":"陈可心","v":"search/陈可心"},
{"n":"樱井美里","v":"search/樱井美里"},
{"n":"黎儿","v":"search/黎儿"},
{"n":"黎娜","v":"search/黎娜"},
{"n":"翁雨澄","v":"search/翁雨澄"},
{"n":"丝丝","v":"search/丝丝"},
{"n":"李文雯","v":"search/李文雯"},
{"n":"何苗","v":"search/何苗"},
{"n":"白若冰","v":"search/白若冰"},
{"n":"优娜","v":"search/优娜"},
{"n":"徐夜夜","v":"search/徐夜夜"}
]
},
{
"key":"cateId",
"name":"麻豆女优",
"value":[
{"n":"李慕","v":"search/李慕"},
{"n":"cola醬","v":"search/cola醬"},
{"n":"橙子","v":"search/橙子"},
{"n":"苏念瑾","v":"search/苏念瑾"},
{"n":"罗瑾萱","v":"search/罗瑾萱"},
{"n":"宁洋子","v":"search/宁洋子"},
{"n":"白晶晶","v":"search/白晶晶"},
{"n":"宁静","v":"search/宁静"},
{"n":"欧妮","v":"search/欧妮"},
{"n":"吴心语","v":"search/吴心语"},
{"n":"赖畇希","v":"search/赖畇希"},
{"n":"吉吉","v":"search/吉吉"}
]
},
{
"key":"cateId",
"name":"麻豆女优",
"value":[
{"n":"不见星空","v":"search/不见星空"},
{"n":"许木学长","v":"search/许木学长"},
{"n":"绯丽","v":"search/绯丽"},
{"n":"Stacy","v":"search/Stacy"},
{"n":"COLA酱","v":"search/COLA酱"},
{"n":"宸荨樱桃","v":"search/宸荨樱桃"},
{"n":"艾熙","v":"search/艾熙"},
{"n":"陆斑比","v":"search/陆斑比"},
{"n":"赵晓涵","v":"search/赵晓涵"},
{"n":"梁佳芯","v":"search/梁佳芯"},
{"n":"苏小小","v":"search/苏小小"},
{"n":"李琼","v":"search/李琼"}
]
}
]
}
}
