{
"站名":"AV一",
"直接播放":"1",
"首页":"",
"请求头":"",
"主页url":"https://60220.xyz/aa.php",
//"二次截取":"<div class=\"myvod\">&&</div>",
"数组":"<a class=\"vodbox\"&&</a>",
"图片":"data-cover=\"&&\"",
"标题":"<p>&&</p>",
//"链接前缀":"https://60220.xyz",
"搜索模式": "1",
"搜索url":"https://60220.xyz/ac.php?id={wd}",
//"搜索二次截取":"<div class=\"vodlist\">&&</div>",
"搜索数组":"<a class=\"vodbox\"&&</a>",
"搜索标题":"<p>&&</p>",
//"搜索链接前缀":"https://60220.xyz",
"分类url":"https://60220.xyz{cateId}&page={catePg}",
"分类二次截取":"header\">&&</header>",
"分类数组":"<a&&a>",
"分类标题":">&&</",
"分类ID":"href=\"&&\""
}