{
"站名":"caocao",
"主页url":"https://www.caocao.today",
"直接播放":"1",
"图片":"src=\"&&\"",
"标题":"title=\"&&\"",
"链接":"href=\"/index.php/vod/detail&&.html\"",
"链接前缀":"https://www.caocao.today/index.php/vod/play",
"链接后缀":"/sid/1/nid/1.html",
"简介":"\"url\":\"http&&.m3u8",
"搜索模式":"1",
"搜索url":"/index.php/vod/search/page/{pg}/wd/{wd}.html",
"搜索图片":"src=\"&&\"",
"搜索标题":"title=\"&&\"",
"搜索链接":"href=\"/index.php/vod/detail&&.html\"",
"搜索链接前缀":"https://www.caocao.today/index.php/vod/play",
"搜索链接后缀":"/sid/1/nid/1.html",
"免嗅":"1",
"分类":"精品$20#日韩$21#国产$22#欧美$23#动漫$24",
"分类url":"https://www.caocao.today/index.php/vod/type/id/{cateId}/page/{catePg}.html"
}