{
"站名":"Didi",
"主页url":"https://www.ddiss.cfd",
"直接播放":"1",
"图片":"src=\"&&\"",
"标题":"title=\"&&\"",
"链接":"href=\"&&\"",
"简介":"<p>&&</p>",
"搜索模式":"1",
"搜索url":"/vodsearch/{wd}----------{pg}.html",
"搜索图片":"src=\"&&\"",
"搜索标题":"title=\"&&\"",
"搜索链接":"href=\"&&\"",
"免嗅":"0",
"分类":"麻豆$50#国产$1#欧美$22#无码$3#中字$24#有码$5#乱伦$37#巨乳$42#制服$43#伦理$52",
"分类url":"https://www.ddiss.cfd/type/{cateId}-{catePg}.html"
}