{
"站名":"GAOAA",
"主页url":"https://94gaoaa.com",
"直接播放":"1",
"图片":"data-original=\"&&\"",
"标题":"title=\"&&\"",
"链接":"href=\"&&\"",
"副标题":"<div class=\"img-tag\">&&</div>",
"线路数组":"<div class=\"item line\">&&</div>",
"线路标题":">&&</a>",
"搜索url":"/gaosearch/{wd}-/page/{pg}/",
"搜索模式":"1",
"搜索副标题":"<div class=\"img-tag\">&&</div>",
"搜索链接后缀":"-1-1.html",
"搜索后缀":"/gaoplay/",
"播放数组":"class=\"item line\">&&</div>",
"影片类型":"target=\"_blank\">&&</a><i",
"导演":"class=\"data\">类型：&&</p>",
"主演":"class=\"data\">主演：&&</p>",
"简介":"<h1>&&</h1>",
"播放列表":"<a&&/a>",
"播放标题":">&&<",
"播放链接":"href=\"&&\"",
"免嗅":"1",
"分类":"GAOAA$25",
"分类url":"https://94gaoaa.com/gaotype/{cateId}_{catePg}.html",
"筛选":{
"25":[
{
"key":"cateId",
"name":"AV一区",
"value":[
{"n":"全部","v":""},
{"n":"国产视频","v":"25"},
{"n":"日本无码","v":"20"},
{"n":"日本有码","v":"9"},
{"n":"中文字幕","v":"2"},
{"n":"三级电影","v":"1"},
{"n":"巨乳系列","v":"3"},
{"n":"人妻激情","v":"8"},
{"n":"欧美极品","v":"18"}
]
},
{
"key":"cateId",
"name":"AV二区",
"value":[
{"n":"全部","v":""},
{"n":"制服诱惑","v":"16"},
{"n":"自拍偷拍","v":"17"},
{"n":"强奸乱伦","v":"14"},
{"n":"人妖视频","v":"7"},
{"n":"绝美少女","v":"13"},
{"n":"首次亮相","v":"12"},
{"n":"HEY诱惑","v":"5"},
{"n":"独家DMM","v":"4"}
]
},
{
"key":"cateId",
"name":"AV三区",
"value":[
{"n":"全部","v":""},
{"n":"网红主播","v":"6"},
{"n":"日韩精品","v":"10"},
{"n":"激情口交","v":"11"},
{"n":"动漫电影","v":"15"},
{"n":"极骚萝莉","v":"19"},
{"n":"HEYZO","v":"21"},
{"n":"高潮喷吹","v":"22"},
{"n":"自慰颜射","v":"23"}
]
},
{
"key":"cateId",
"name":"AV四区",
"value":[
{"n":"全部","v":""},
{"n":"波多野结衣","v":"24"},
{"n":"天使萌","v":"26"},
{"n":"深田咏美","v":"27"},
{"n":"吉泽明步","v":"47"},
{"n":"天海翼","v":"46"},
{"n":"三上悠亚","v":"45"},
{"n":"桥本有菜","v":"48"},
{"n":"苍井空","v":"49"}
]
}
]
}
}

