{
"站名":"lu99",
"主页url":"https://lu99913.xyz",
"直接播放":"1",
"图片":"data-original=\"&&\"",
"标题":"title=\"&&\"",
"链接":"href=\"/index.php/vod/detail&&.html\"",
"链接前缀":"https://lu99913.xyz/index.php/vod/play",
"链接后缀":"/sid/1/nid/1.html",
"简介":"\"url\":\"http&&.m3u8",
"搜索模式":"1",
"搜索url":"/index.php/vod/search/page/{pg}/wd/{wd}.html",
"搜索图片":"data-original=\"&&\"",
"搜索标题":"title=\"&&\"",
"搜索链接":"href=\"/index.php/vod/detail&&.html\"",
"搜索链接前缀":"https://lu99913.xyz/index.php/vod/play",
"搜索链接后缀":"/sid/1/nid/1.html",
"免嗅":"1",
"分类":"国产$1#亚洲$2#欧美$3#动漫$4#网红$6#原创$21#91$22#传媒$31#有码$23#无码$15#制服$14#人妻$13#中字$26#巨乳$16#",
"分类url":"https://lu99913.xyz/index.php/vod/type/id/{cateId}/page/{catePg}.html"
}