{
"站名":"SeaJav",
"主页url":"https://seajav.com",
//发布 https://cs1080.com
"直接播放":"1",
//"数组":"class=\"thumbnail group\">&&</a>"
"图片":"cover.jpg\" src=\"&&\"",
"标题":"alt=\"&&\"",
"链接":"href=\"&&\"",
"简介":"\"url\":\"http&&.m3u8",
"搜索模式":"1",
"搜索url":"/search/page/{pg}/wd/{wd}.html",
"搜索图片":"cover.jpg\" src=\"&&\"",
"搜索标题":"alt=\"&&\"",
"搜索链接":"href=\"&&\"",
"免嗅":"1",
"分类":"有码$6#中字$8#素人$40#无码$7#FC2$11#91$20#探花$38#自拍$13#麻豆$21#91制片$22#天美$23#蜜桃$24#星空$26#精东$27#溏心$37",
"分类url":"https://seajav.com/categories/{cateId}-{catePg}.html"
}