{
"站名":"X先生",
"直接播放":"1",
"请求头":"手机",
"主页url":"https://www.2023xxs.com/",
"数组":"stui-vodlist__thumb&&</a>[替换:X>>福利]",
"图片":"data-original=\"&&\"",
"标题":"title=\"&&\"",
"链接":"/play/+/show/&&.html+.html",
"副标题":"text-right\">&&</span>",
"线路数组":"javascript:;\"&&/a>[替换:X>>X先生福利]",
"线路标题":">&&<",
"播放数组":"<ul class=\"stui-play*>&&</ul>[替换:X>>X先生福利]",
"播放列表":"<a&&/a>",
"播放标题":">&&<", 
"播放链接":"href=\"&&\"",
"分类":"国产$1#欧美$2#动漫$3#中文$4#日韩$5#三级$6",
"分类url":"https://www.2023xxs.com/type/{cateId}/{catePg}.html"
}