{
"站名":"做爱影院",
"主页url":"https://www.zayy24.xyz",
"直接播放":"1",
"数组":"class=\"lazy\"&&</div></div>",
"图片":"data-original=\"&&\"",
"标题":".html\">&&</a>",
"链接":"href=\"&&\"",
"简介":"<p>&&</p>",
"搜索模式":"1",
"搜索url":"/search/{wd}/{pg}.html",
"搜索数组":"class=\"lazy\"&&</div></div>",
"搜索图片":"data-original=\"&&\"",
"搜索标题":".html\">&&</a>",
"搜索链接":"href=\"&&\"",
"免嗅":"0",
"分类":"国产$guochangaoqing#素人$chunqingsuren#无码$yazhouwuma#中字$zhongwenzimu#欧美$dongzuo#JAV$JAVzhuanqu#动漫$dongmanlifan",
"分类url":"https://www.zayy24.xyz/{cateId}/{catePg}.html"
}