{
"站名":"天天直播",
"主页url":"https://www.880av.top/live",
"直接播放":"1",

"链接前缀":"https://www.880av.top",
"副标题":"<div class=\"duration\">&&</div>",

"分类":"亚洲直播$jj88/love/gwzb#欧美直播$jj88/love/omzb#国内直播$s=",
"分类url":"https://www.880av.top/live/?s={cateId}.html",
"筛选":{
"s=":[
{
"key":"cateId",
"name":"",
"value":[
{"n":"卡哇伊直播","v":"jjav/love/kwy"},
{"n":"咪狐直播","v":"jjav/love/mh"},
{"n":"蜜桃直播","v":"jjav/love/mt"},
{"n":"小妲己直播","v":"jjav/love/xdj"},
{"n":"LOVE直播","v":"jjav/love/love"},
{"n":"番茄直播","v":"jjav/love/fq"},
{"n":"77直播","v":"jjav/love/qq"},
{"n":"依依直播","v":"jjav/love/yy"},
{"n":"日出直播","v":"jjav/love/rc"},
{"n":"彩虹直播","v":"jjav/love/ch"},
{"n":"久久直播","v":"jjav/love/jj"}
]
},
{
"key":"cateId",
"name":"",
"value":[
{"n":"亚米直播","v":"jjav/love/ym"},
{"n":"恋蝶直播","v":"jjav/love/ld"},
{"n":"夜妖姬直播","v":"jjav/love/yyj"},
{"n":"套路直播","v":"jjav/love/tl"},
{"n":"樱花直播","v":"jjav/love/yh"},
{"n":"享色直播","v":"jjav/love/xs"},
{"n":"红浪漫直播","v":"jjav/love/hlm"},
{"n":"金鱼直播","v":"jjav/love/jy"},
{"n":"桃花直播","v":"jjav/love/th"},
{"n":"花房直播","v":"jjav/love/hf"},
{"n":"小仙女直播","v":"jjav/love/xxn"}
]
},
{
"key":"cateId",
"name":"",
"value":[
{"n":"视觉秀直播","v":"jjav/love/sjx"},
{"n":"小天使直播","v":"jjav/love/xts"},
{"n":"彩云直播","v":"jjav/love/cy"},
{"n":"咪咪直播","v":"jjav/love/mm"},
{"n":"娇媚直播","v":"jjav/love/jm"},
{"n":"黄瓜直播","v":"jjav/love/hg"},
{"n":"色趣直播","v":"jjav/love/sq"},
{"n":"糯米直播","v":"jjav/love/nm"},
{"n":"小蜜蜂直播","v":"jjav/love/xmf"},
{"n":"小红帽直播","v":"jjav/love/xhm"},
{"n":"桃花运直播","v":"jjav/love/thy"}
]
},
{
"key":"cateId",
"name":"",
"value":[
{"n":"苦瓜直播","v":"jjav/love/kg"},
{"n":"爱爱你直播","v":"jjav/love/aan"},
{"n":"樱花雨直播","v":"jjav/love/yh"},
{"n":"盘他直播","v":"jjav/love/pt"},
{"n":"夜色直播","v":"jjav/love/ys"},
{"n":"蝴蝶直播","v":"jjav/love/hd"},
{"n":"小天仙直播","v":"jjav/love/xtx"},
{"n":"杏趣直播","v":"jjav/love/xq"},
{"n":"小坏蛋直播","v":"jjav/love/xhd"},
{"n":"飘雪直播","v":"jjav/love/px"},
{"n":"樱桃直播","v":"jjav/love/yt"},
{"n":"奥斯卡直播","v":"jjav/love/ask"},
{"n":"兔女郎直播","v":"jjav/love/tnl"},
{"n":"花仙子直播","v":"jjav/love/hxz"},
{"n":"小性感直播","v":"jjav/love/xxg"}
]
}
]
}
}

