{
"站名":"女仆影院",
"主页url":"https://np08.cc",
//zy 伊人，发布 npyy.vip
"直接播放":"1",
"数组":"class=\"lazy\"&&</div></div>",
"图片":"data-original=\"&&\"",
"标题":".html\">&&</a>",
"链接":"href=\"&&\"",
"简介":"<p>&&</p>",
"搜索模式":"1",
"搜索url":"/search/{wd}/{pg}.html",
"搜索数组":"class=\"lazy\"&&</div></div>",
"搜索图片":"data-original=\"&&\"",
"搜索标题":".html\">&&</a>",
"搜索链接":"href=\"&&\"",
"免嗅":"0",
"分类":"国产$1#传媒$2#中字$3#欧美$5#无码$6#海外$7#乱伦$8#动漫$9#制服$13",
"分类url":"https://np08.cc/{cateId}/{catePg}.html"
}