{
"站名":"好爽",
"主页url":"https://hhss.sbs",
"直接播放":"1",
"图片":"src=\"&&\"",
"标题":"title=\"&&\"",
"链接":"href=\"&&\"",
"简介":"\"url\":\"http&&.m3u8",
"搜索模式":"1",
"搜索url":"https://hhss.sbs/vsearch/{wd}-/page/{pg}.html",
"搜索图片":"src=\"&&\"",
"搜索标题":"title=\"&&\"",
"搜索链接":"href=\"&&\"",
"免嗅":"1",
"分类":"中字$3#本土$1#猎奇$22#短片$21#动漫$2#无码$4#三级$5",
"分类url":"https://hhss.sbs/vtype/{cateId}-{catePg}.html"
}