{
"站名":"尤物",
//奥斯卡
"主页url":"https://www.yw07.buzz",
"直接播放":"1",
"图片":"src=\"&&\"",
"标题":"title=\"&&\"",
"链接":"href=\"&&\"",
"简介":"\"url\":\"http&&.m3u8",
"搜索模式":"1",
"搜索url":"/index.php/vod/search/page/{pg}/wd/{wd}.html",
"搜索图片":"src=\"&&\"",
"搜索标题":"title=\"&&\"",
"搜索链接":"href=\"&&\"",
"免嗅":"1",
"分类":"精品$21#国产$1#欧美$2#无码$3#制服$20#女优$23",
"分类url":"https://www.yw07.buzz/index.php/vod/type/id/{cateId}/page/{catePg}.html"
}