{
"站名":"尤物天堂",
"主页url":"https://www.ysx2.top",
//发布 https://yslrx1.xyz
"直接播放":"1",
"图片":"data-original=\"&&\"",
"标题":"title=\"&&\"",
"链接":"href=\"&&\"",
"简介":"\"url\":\"http&&.m3u8",
"搜索模式":"1",
"搜索url":"/index.php/vod/search/page/{pg}/wd/{wd}.html",
"搜索图片":"data-original=\"&&\"",
"搜索标题":"title=\"&&\"",
"搜索链接":"href=\"&&\"",
"免嗅":"1",
"分类":"国产$1#欧美$6#无码$2#传媒$3#制服$4#主播$5#调教$23#女优$24",
"分类url":"https://www.ysx2.top/index.php/vod/type/id/{cateId}/page/{catePg}.html"
}