{
"站名":"性感影院",
"主页url":"https://xg21.vip",
"直接播放":"1",
"数组":"class=\"lazy\"&&</div></div>",
"图片":"data-original=\"&&\"",
"标题":".html\">&&</a>",
"链接":"href=\"&&\"",
"简介":"<p>&&</p>",
"搜索模式":"1",
"搜索url":"/search/{wd}/{pg}.html",
"搜索数组":"class=\"lazy\"&&</div></div>",
"搜索图片":"data-original=\"&&\"",
"搜索标题":".html\">&&</a>",
"搜索链接":"href=\"&&\"",
"免嗅":"0",
"分类":"国产$1#麻豆$2#中字$3#欧美$4#无码$5#乱伦$6#伦理$7#动漫$9",
"分类url":"https://xg21.vip/{cateId}/{catePg}.html"
}