{
"站名":"成人av",
"主页url":"https://www.cravsp1.cc",
"直接播放":"1",
"图片":"src=\"&&\"",
"标题":"title=\"&&\"",
"链接":"href=\"/video_detail/&&\"",
"链接前缀":"https://www.cravsp1.cc/video_conter/",
"简介":"<p>&&</p>",
"搜索模式":"1",
"搜索url":"/?m=video_search*{wd}*{pg}",
"搜索图片":"src=\"&&\"",
"搜索标题":"alt=\"&&\"",
"搜索链接":"href=\"/video_detail/&&\"",
"搜索链接前缀":"https://www.cravsp1.cc/video_conter/",
"免嗅":"0",
"嗅探词":".m3u8#m3u8?#.mp4#mp4?#VideoJS/?Play=#ixigua#.czspp#.flv#?item/video#is_play_url=1#play/?#qianpailive",
"分类":"亚洲$1#热门$2#中文字幕$3#自拍$4#无码$5#伦理$6#制服$7#乱伦$8#丝袜美腿$9#人妻$10#欧美$11#4K岛国$12#韩国$13#动漫$14#JAV高清$18",
"分类url":"https://www.cravsp1.cc/video_list/{cateId}/{catePg}/index.html"
}