{
"站名":"插插",
"主页url":"https://www.xxyoubb-av.buzz",
"直接播放":"1",
"图片":"data-src=\"&&\"",
"标题":"class=\"video-desc-content\">&&</div>",
"链接":"href=\"&&\"",
"简介":"\"url\":\"http&&.m3u8",
"搜索模式":"1",
"搜索url":"https://www.xxyoubb-av.buzz/s/page/{pg}/wd/{wd}/",
"搜索图片":"data-src=\"&&\"",
"搜索标题":"class=\"video-desc-content\">&&</div>",
"搜索链接":"href=\"&&\"",
"免嗅":"1",
"分类":"国产$20#传媒$5002#有码$21#无码$22#中字$28#欧美$23#丝袜美腿$59",
"分类url":"https://www.xxyoubb-av.buzz/t/{cateId}-{catePg}/"
}