{
"站名":"新香蕉",
"直接播放":"1",
"首页":"中文直播$200",
"请求头":"",
"主页url":"https://55xoxo.vip/",
"数组":"<a&&</a></div>",
"链接前缀":"https://55xoxo.vip",
"副标题":"<div class=\"duration\">&&</div>",
"搜索副标题":"<div class=\"duration\">&&</div>",
"搜索模式": "1",
"搜索url":"https://55xoxo.vip/vod/search/wd/{wd}.html",
"搜索链接前缀":"https://55xoxo.vip",
"简介":"<p>&&</p>",
"分类":"新香蕉$xjzy/#热门标签一$vod/search/wd/丝袜#热门标签二$vod/search/wd/制服#麻豆女优一$vod/search/wd/沈娜娜#麻豆女优二$vod/search/wd/真希波#麻豆女优三$vod/search/wd/苏艾文#亚洲直播$zb/?ju=yzzb/zb/gwzb.html#中文直播$zb/?ju=yzzb/zb/cnzb.html#日本直播$zb/?ju=yzzb/zb/ryzb.html#越南直播$zb/?ju=yzzb/zb/yyzb.html#欧美直播$zb/?ju=yzzb/zb/omzb.html#俄国直播$zb/?ju=yzzb/zb/egzb.html#乌克兰直播$zb/?ju=yzzb/zb/wkl.html#卡哇伊$zb/?ju=xxj/zb/kwy.html#咪狐$zb/?ju=xxj/zb/mh.html#蜜桃$zb/?ju=xxj/zb/mt.html#小妲己$zb/?ju=xxj/zb/xdj.html#LOVE$zb/?ju=xxj/zb/love.html#番茄$zb/?ju=xxj/zb/fq.html#77$zb/?ju=xxj/zb/qq.html#依依$zb/?ju=xxj/zb/yy.html#日出$zb/?ju=xxj/zb/rc.html#彩虹$zb/?ju=xxj/zb/ch.html#久久$zb/?ju=xxj/zb/jj.html#亚米$zb/?ju=xxj/zb/ym.html#恋蝶$zb/?ju=xxj/zb/ld.html#夜妖姬$zb/?ju=xxj/zb/yyj.html#套路$zb/?ju=xxj/zb/tl.html#樱花$zb/?ju=xxj/zb/yh.html#享色$zb/?ju=xxj/zb/xs.html#红浪漫$zb/?ju=xxj/zb/hlm.html#金鱼$zb/?ju=xxj/zb/jy.html#桃花$zb/?ju=xxj/zb/th.html#花房$zb/?ju=xxj/zb/hf.html#小仙女$zb/?ju=xxj/zb/xxn.html#视觉秀$zb/?ju=xxj/zb/sjx.html#小天使$zb/?ju=xxj/zb/xts.html#彩云$zb/?ju=xxj/zb/cy.html#咪咪$zb/?ju=xxj/zb/mm.html#娇媚$zb/?ju=xxj/zb/jm.html#黄瓜$zb/?ju=xxj/zb/hg.html#色趣$zb/?ju=xxj/zb/sq.html#糯米$zb/?ju=xxj/zb/nm.html#小蜜蜂$zb/?ju=xxj/zb/xmf.html#小红帽$zb/?ju=xxj/zb/xhm.html#桃花运$zb/?ju=xxj/zb/thy.html#苦瓜$zb/?ju=xxj/zb/kg.html#爱爱你$zb/?ju=xxj/zb/aan.html#樱花雨$zb/?ju=xxj/zb/yh.html#盘他$zb/?ju=xxj/zb/pt.html#夜色$zb/?ju=xxj/zb/ys.html#蝴蝶$zb/?ju=xxj/zb/hd.html#小天仙$zb/?ju=xxj/zb/xtx.html#杏趣$zb/?ju=xxj/zb/xq.html#小坏蛋$zb/?ju=xxj/zb/xhd.html#飘雪$zb/?ju=xxj/zb/px.html#樱桃$zb/?ju=xxj/zb/yt.html#奥斯卡$zb/?ju=xxj/zb/ask.html#兔女郎$zb/?ju=xxj/zb/tnl.html#花仙子$zb/?ju=xxj/zb/hxz.html#小性感$zb/?ju=xxj/zb/xxg.html",
"分类url":"https://55xoxo.vip/{cateId}?page={catePg}",
//"分类二次截取":"<font&&免责声明",
//"分类数组":"<a&&a>",
//"分类标题":">&&</",
//"分类ID":"href=\"/&&\"",
"筛选":{
"xjzy/":[
{
"key":"cateId",
"name":"中文资源",
"value":[
{"v":"","n":"全部"},
{"v":"xjzy/xc-9","n":"解说原片"},
{"v":"xjzy/xc-A","n":"3D同人"},
{"v":"xjzy/xc-u","n":"中文无码"},
{"v":"xjzy/xc-v","n":"中文综合"},
{"v":"xjzy/xc-w","n":"中文近亲"},
{"v":"xjzy/xc-x","n":"中文护士"},
{"v":"xjzy/xc-y","n":"中文师生"},
{"v":"xjzy/xc-z","n":"中文强奸"},
{"v":"xjzy/xc-8","n":"明星淫梦"},
{"v":"xjzy/xc-2","n":"国产自拍"},
{"v":"xjzy/xc-7","n":"三级伦理"}
]
},
{
"key":"cateId",
"name":"久久资源",
"value":[
{"v":"","n":"全部"},
{"v":"99re/hj-kb","n":"国产自拍"},
{"v":"99re/hj-eb","n":"口爆颜射"},
{"v":"99re/hj-ob","n":"VR专区"},
{"v":"99re/hj-nb","n":"三级片"},
{"v":"99re/hj-mb","n":"韩国综合"},
{"v":"99re/hj-lb","n":"SM性虐"},
{"v":"99re/hj-jb","n":"成人动漫"},
{"v":"99re/hj-ib","n":"女主播系列"},
{"v":"99re/hj-hb","n":"小格式综合"},
{"v":"99re/hj-gb","n":"东京热"},
{"v":"99re/hj-fb","n":"肛交"},
{"v":"99re/hj-R","n":"欧美"},
{"v":"99re/hj-db","n":"制服丝袜"},
{"v":"99re/hj-cb","n":"会员认证作品"},
{"v":"99re/hj-bb","n":"潮吹"},
{"v":"99re/hj-Y","n":"高清"},
{"v":"99re/hj-X","n":"一本道"},
{"v":"99re/hj-W","n":"日本有码"},
{"v":"99re/hj-V","n":"加勒比"},
{"v":"99re/hj-U","n":"日本无码"}
]
},
{
"key":"cateId",
"name":"国产传媒",
"value":[
{"v":"","n":"全部"},
{"v":"gccm/jk-b","n":"综合传媒"},
{"v":"gccm/jk-c","n":"91制片厂"},
{"v":"gccm/jk-l","n":"杏吧原创"},
{"v":"gccm/jk-q","n":"糖心Vlgo"},
{"v":"gccm/jk-d","n":"天美传媒"},
{"v":"gccm/jk-e","n":"蜜桃传媒"},
{"v":"gccm/jk-g","n":"星空传媒"},
{"v":"gccm/jk-h","n":"精东影业"},
{"v":"gccm/jk-k","n":"兔子先生"},
{"v":"gccm/jk-n","n":"大象传媒"}
]
},
{
"key":"cateId",
"name":"废柴网资源",
"value":[
{"v":"","n":"全部"},
{"v":"fcw/gh-R","n":"VIP专区"},
{"v":"fcw/gh-U","n":"偷拍系列"},
{"v":"fcw/gh-W","n":"国产自拍"},
{"v":"fcw/gh-S","n":"日本有码"},
{"v":"fcw/gh-T","n":"日本无码"},
{"v":"fcw/gh-V","n":"成人动漫"},
{"v":"fcw/gh-X","n":"韩国综合"},
{"v":"fcw/gh-Y","n":"VR专区"},
{"v":"fcw/gh-Z","n":"欧美"}
]
},
{
"key":"cateId",
"name":"超清资源",
"value":[
{"v":"","n":"全部"},
{"v":"cq/lz-ab","n":"亚洲ＡＶ"},
{"v":"cq/lz-bb","n":"自拍偷拍"},
{"v":"cq/lz-cb","n":"超清传媒"},
{"v":"cq/lz-eb","n":"3D动漫"},
{"v":"cq/lz-db","n":"欧美ＡＶ"},
{"v":"cq/lz-fb","n":"乱伦人妻"},
{"v":"cq/lz-gb","n":"丝袜制服"},
{"v":"cq/lz-hb","n":"直播录播"},
{"v":"cq/lz-ib","n":"SM另类"},
{"v":"cq/lz-jb","n":"超清三级"}
]
},
{
"key":"cateId",
"name":"AV解说",
"value":[
{"v":"","n":"全部"},
{"v":"avjs/kl-u","n":"水果πAV解说"}
]
}
],

"vod/search/wd/丝袜":[
{
"key":"cateId",
"name":"热门标签",
"value":[
{"v":"","n":"全部"},
{"v":"vod/search/wd/时间停止","n":"时间停止"},
{"v":"vod/search/wd/网红","n":"网红"},
{"v":"vod/search/wd/按摩","n":"按摩"},
{"v":"vod/search/wd/良家","n":"良家"},{"v":"vod/search/wd/网恋","n":"网恋"},{"v":"vod/search/wd/骚气","n":"骚气"},{"v":"vod/search/wd/户外","n":"户外"},{"v":"vod/search/wd/多体位","n":"多体位"},{"v":"vod/search/wd/车震","n":"车震"},{"v":"vod/search/wd/新娘","n":"新娘"},{"v":"vod/search/wd/粉木耳","n":"粉木耳"},{"v":"vod/search/wd/清纯","n":"清纯"},{"v":"vod/search/wd/收费大秀","n":"收费大秀"},{"v":"vod/search/wd/酒吧","n":"酒吧"},{"v":"vod/search/wd/调教","n":"调教"},{"v":"vod/search/wd/打电话","n":"打电话"},{"v":"vod/search/wd/颜值高","n":"颜值高"}]},
{
"key":"cateId",
"name":"热门标签",
"value":[
{"v":"","n":"全部"},
{"v":"vod/search/wd/小树林","n":"小树林"},
{"v":"vod/search/wd/寻花","n":"寻花"},{"v":"vod/search/wd/开房","n":"开房"},{"v":"vod/search/wd/会所","n":"会所"},{"v":"vod/search/wd/麻豆","n":"麻豆"},{"v":"vod/search/wd/91","n":"91"},{"v":"vod/search/wd/香港三级","n":"香港三级"},{"v":"vod/search/wd/网吧","n":"网吧"},{"v":"vod/search/wd/楼梯","n":"楼梯"},{"v":"vod/search/wd/教室","n":"教室"},{"v":"vod/search/wd/变态","n":"变态"},{"v":"vod/search/wd/美乳","n":"美乳"},{"v":"vod/search/wd/绝对领域","n":"绝对领域"},{"v":"vod/search/wd/女主播","n":"女主播"},{"v":"vod/search/wd/Julia","n":"Julia"},{"v":"vod/search/wd/出轨","n":"出轨"},{"v":"vod/search/wd/白丝","n":"白丝"}]},
{
"key":"cateId",
"name":"热门标签",
"value":[
{"v":"","n":"全部"},
{"v":"vod/search/wd/颜值不错","n":"颜值不错"},{"v":"vod/search/wd/家教","n":"家教"},{"v":"vod/search/wd/义父","n":"义父"},{"v":"vod/search/wd/儿媳","n":"儿媳"},{"v":"vod/search/wd/黑丝","n":"黑丝"},{"v":"vod/search/wd/直播","n":"直播录播"},{"v":"vod/search/wd/外围女","n":"外围女"},{"v":"vod/search/wd/约炮","n":"约炮"},{"v":"vod/search/wd/乱伦","n":"乱伦"},{"v":"vod/search/wd/嫩妹","n":"嫩妹"},{"v":"vod/search/wd/网袜","n":"网袜"},{"v":"vod/search/wd/香港","n":"香港"},{"v":"vod/search/wd/秘书","n":"秘书"},{"v":"vod/search/wd/侵犯","n":"侵犯"},{"v":"vod/search/wd/父母","n":"父母不在"},{"v":"vod/search/wd/无毛","n":"白虎"}]},
{
"key":"cateId",
"name":"热门标签",
"value":[
{"v":"","n":"全部"},
{"v":"vod/search/wd/对白","n":"对白淫荡"},{"v":"vod/search/wd/大学生","n":"大学生"},{"v":"vod/search/wd/佐々波綾","n":"佐々波綾"},{"v":"vod/search/wd/佐佐波绫","n":"佐佐波绫"},{"v":"vod/search/wd/深田咏美","n":"深田咏美"},{"v":"vod/search/wd/深田えいみ","n":"深田えいみ"},{"v":"vod/search/wd/丈夫不在","n":"丈夫不在"},{"v":"vod/search/wd/家庭教师","n":"家庭教师"},{"v":"vod/search/wd/熟睡","n":"熟睡"},{"v":"vod/search/wd/上司","n":"上司"},{"v":"vod/search/wd/人妻","n":"人妻"},{"v":"vod/search/wd/绿帽","n":"绿帽"},{"v":"vod/search/wd/痴女","n":"痴女"},{"v":"vod/search/wd/不见星空","n":"不见星空"},{"v":"vod/search/wd/锅锅酱","n":"锅锅酱"},{"v":"vod/search/wd/小敏儿","n":"小敏儿"}]},
{
"key":"cateId",
"name":"热门标签",
"value":[
{"v":"","n":"全部"},
{"v":"vod/search/wd/快递","n":"快递"},{"v":"vod/search/wd/潘甜甜","n":"潘甜甜"},{"v":"vod/search/wd/人气女神","n":"人气女神"},{"v":"vod/search/wd/推特","n":"推特博主"},{"v":"vod/search/wd/校花","n":"美女校花"},{"v":"vod/search/wd/尤物","n":"极品尤物"},{"v":"vod/search/wd/下海","n":"美女下海"},{"v":"vod/search/wd/定制","n":"定制作品"},{"v":"vod/search/wd/韩国三级","n":"韩国三级"},{"v":"vod/search/wd/%E5%85%AC%E5%85%AC","n":"公公"},{"v":"vod/search/wd/%E5%A7%90%E5%A7%90","n":"姐姐"},{"v":"vod/search/wd/%E5%A6%B9%E5%A6%B9","n":"妹妹"},{"v":"vod/search/wd/%E5%9B%BD%E4%BA%A7","n":"国产"},{"v":"vod/search/wd/%E5%AB%A9%E6%A8%A1","n":"嫩模"},{"v":"vod/search/wd/%E6%9E%81%E5%93%81","n":"极品"},{"v":"vod/search/wd/%E6%B0%94%E8%B4%A8","n":"气质"}]}],
"vod/search/wd/制服":[
{
"key":"cateId",
"name":"热门标签",
"value":[
{"v":"","n":"全部"},
{"v":"vod/search/wd/%E5%B7%A8%E4%B9%B3","n":"巨乳"},{"v":"vod/search/wd/%E9%9C%B2%E8%84%B8","n":"露脸"},{"v":"vod/search/wd/%E4%B8%AD%E6%96%87","n":"中文"},{"v":"vod/search/wd/欧美","n":"欧美"},{"v":"vod/search/wd/%E6%98%8E%E6%98%9F","n":"明星"},{"v":"vod/search/wd/天海","n":"天海翼"},{"v":"vod/search/wd/佐佐木明希","n":"佐佐木明希"},{"v":"vod/search/wd/葵","n":"葵"},{"v":"vod/search/wd/旬果","n":"彩美旬果"},{"v":"vod/search/wd/SM","n":"SM"},{"v":"vod/search/wd/父母不在","n":"父母不在"},{"v":"vod/search/wd/护士","n":"护士"},{"v":"vod/search/wd/欲求不满","n":"欲求不满"},{"v":"vod/search/wd/解说原片","n":"AV解说原片"},{"v":"vod/search/wd/沈樵","n":"沈樵"}]},
{
"key":"cateId",
"name":"热门标签",
"value":[
{"v":"","n":"全部"},
{"v":"vod/search/wd/沈娜娜","n":"沈娜娜"},{"v":"vod/search/wd/强行","n":"强行"},{"v":"vod/search/wd/高潮","n":"高潮"},{"v":"vod/search/wd/酒会","n":"酒会"},{"v":"vod/search/wd/洗脑","n":"洗脑"},{"v":"vod/search/wd/风俗店","n":"风俗店"},{"v":"vod/search/wd/暗恋","n":"暗恋"},{"v":"vod/search/wd/网曝门","n":"网曝门"},{"v":"vod/search/wd/女技师","n":"女技师"},{"v":"vod/search/wd/娇小","n":"娇小"},{"v":"vod/search/wd/JK","n":"JK"},{"v":"vod/search/wd/3P","n":"3P"},{"v":"vod/search/wd/91cm","n":"91"},{"v":"vod/search/wd/诱惑","n":"诱惑"},{"v":"vod/search/wd/直播","n":"直播"},{"v":"vod/search/wd/新人","n":"新人"}]},
{
"key":"cateId",
"name":"热门标签",
"value":[
{"v":"","n":"全部"},
{"v":"vod/search/wd/制服","n":"制服诱惑"},{"v":"vod/search/wd/渔网袜","n":"渔网袜"},{"v":"vod/search/wd/大奶子","n":"大奶子"},{"v":"vod/search/wd/道具","n":"道具"},{"v":"vod/search/wd/少妇","n":"少妇"},{"v":"vod/search/wd/无毛","n":"无毛"},{"v":"vod/search/wd/对白淫荡","n":"对白淫荡"},{"v":"vod/search/wd/外围","n":"外围女"},{"v":"vod/search/wd/Cosplay","n":"Cosplay"},{"v":"vod/search/wd/张芸熙","n":"张芸熙"},{"v":"vod/search/wd/夏晴子","n":"夏晴子"},{"v":"vod/search/wd/学姐","n":"学姐"},{"v":"vod/search/wd/挑逗","n":"挑逗"},{"v":"vod/search/wd/大屌","n":"大屌"},{"v":"vod/search/wd/掰穴","n":"掰穴"},{"v":"vod/search/wd/双飞","n":"双飞"}]},
{
"key":"cateId",
"name":"热门标签",
"value":[
{"v":"","n":"全部"},
{"v":"vod/search/wd/丝袜高跟","n":"丝袜高跟"},{"v":"vod/search/wd/扩阴","n":"扩阴"},{"v":"vod/search/wd/抠逼","n":"抠逼"},{"v":"vod/search/wd/喷水","n":"喷水"},{"v":"vod/search/wd/黄鳝","n":"黄鳝"},{"v":"vod/search/wd/欧美三级","n":"欧美三级"},{"v":"vod/search/wd/3D","n":"外围女"},{"v":"vod/search/wd/酒醉","n":"酒醉"},{"v":"vod/search/wd/不见星","n":"不见星空"},{"v":"vod/search/wd/锅锅","n":"锅锅酱"},{"v":"vod/search/wd/小敏","n":"小敏"},{"v":"vod/search/wd/快递","n":"快递员"},{"v":"vod/search/wd/吴梦梦","n":"吴梦梦"},{"v":"vod/search/wd/%E5%A5%B3%E7%A5%9E","n":"女神"},{"v":"vod/search/wd/%E9%85%92%E5%BA%97","n":"酒店"},{"v":"vod/search/wd/%E8%80%81%E5%B8%88","n":"老师"}]},
{
"key":"cateId",
"name":"热门标签",
"value":[
{"v":"","n":"全部"},
{"v":"vod/search/wd/%E5%AD%A6%E7%94%9F","n":"学生"},{"v":"vod/search/wd/%E5%81%B7%E6%8B%8D","n":"偷拍"},{"v":"vod/search/wd/%E7%9B%B4%E6%92%AD","n":"直播"},{"v":"vod/search/wd/%E5%A5%B3%E4%BB%86","n":"女仆"},{"v":"vod/search/wd/%E8%A3%B8%E8%B4%B7","n":"裸贷"},{"v":"vod/search/wd/%E8%87%AA%E6%85%B0","n":"自慰"},{"v":"vod/search/wd/%E6%97%A0%E7%A0%81","n":"无码"},{"v":"vod/search/wd/%E7%A9%BA%E5%A7%90","n":"空姐"},{"v":"vod/search/wd/%E5%8A%A8%E6%BC%AB","n":"动漫"},{"v":"vod/search/wd/%E5%BC%BA%E8%BF%AB","n":"强迫"},{"v":"vod/search/wd/%E7%94%B5%E8%BD%A6","n":"电车"},{"v":"vod/search/wd/%E9%BA%BB%E8%B1%86","n":"麻豆"},{"v":"vod/search/wd/%E5%A4%A9%E7%BE%8E","n":"天美"},{"v":"vod/search/wd/%E4%B8%89%E7%BA%A7","n":"三级"},{"v":"vod/search/wd/%E8%9C%9C%E6%A1%83","n":"蜜桃"},{"v":"vod/search/wd/酒会","n":"酒会"}]},
{
"key":"cateId",
"name":"热门标签",
"value":[
{"v":"","n":"全部"},
{"v":"vod/search/wd/公交车","n":"公交车"},{"v":"vod/search/wd/不穿内裤","n":"不穿内裤"},{"v":"vod/search/wd/三上悠亚","n":"三上悠亚"},{"v":"vod/search/wd/台湾","n":"台湾"},{"v":"vod/search/wd/乐播传媒","n":"乐播传媒"}]}],

"vod/search/wd/沈娜娜":[
{
"key":"cateId",
"name":"麻豆女优",
"value":[
{"n":"夏晴子","v":"vod/search/wd/夏晴子"},
{"n":"吴梦梦","v":"vod/search/wd/吴梦梦"},
{"n":"孟若羽","v":"vod/search/wd/孟若羽"},
{"n":"艾秋","v":"vod/search/wd/艾秋"},
{"n":"林思妤","v":"vod/search/wd/林思妤"},
{"n":"凌薇","v":"vod/search/wd/凌薇"},
{"n":"斑斑","v":"vod/search/wd/斑斑"},
{"n":"秦可欣","v":"vod/search/wd/秦可欣"},
{"n":"苏语棠","v":"vod/search/wd/苏语棠"},
{"n":"韩棠","v":"vod/search/wd/韩棠"},
{"n":"苏清歌","v":"vod/search/wd/苏清歌"},
{"n":"金宝娜","v":"vod/search/wd/金宝娜"}
]
},
{
"key":"cateId",
"name":"麻豆女优",
"value":[
{"n":"蜜苏","v":"vod/search/wd/蜜苏"},
{"n":"季妍希","v":"vod/search/wd/季妍希"},
{"n":"雪千夏","v":"vod/search/wd/雪千夏"},
{"n":"李蓉蓉","v":"vod/search/wd/李蓉蓉"},
{"n":"唐茜","v":"vod/search/wd/唐茜"},
{"n":"管明美","v":"vod/search/wd/管明美"},
{"n":"徐蕾","v":"vod/search/wd/徐蕾"},
{"n":"仙儿媛","v":"vod/search/wd/仙儿媛"},
{"n":"寻小小","v":"vod/search/wd/寻小小"},
{"n":"张芸熙","v":"vod/search/wd/张芸熙"},
{"n":"夜夜","v":"vod/search/wd/夜夜"},
{"n":"雷梦娜","v":"vod/search/wd/雷梦娜"},
{"n":"尤莉","v":"vod/search/wd/尤莉"}
]
},
{
"key":"cateId",
"name":"麻豆女优",
"value":[
{"n":"吴芳宜","v":"vod/search/wd/吴芳宜"},
{"n":"苏娅","v":"vod/search/wd/苏娅"},
{"n":"玥可岚","v":"vod/search/wd/玥可岚"},
{"n":"白沛瑶","v":"vod/search/wd/白沛瑶"},
{"n":"袁子仪","v":"vod/search/wd/袁子仪"},
{"n":"艾玛","v":"vod/search/wd/艾玛"},
{"n":"林沁儿","v":"vod/search/wd/林沁儿"},
{"n":"粉色情人","v":"vod/search/wd/粉色情人"},
{"n":"顾桃桃","v":"vod/search/wd/顾桃桃"},
{"n":"林芊彤","v":"vod/search/wd/林芊彤"},
{"n":"白靖寒","v":"vod/search/wd/白靖寒"},
{"n":"香菱","v":"vod/search/wd/香菱"},
{"n":"乐奈子","v":"vod/search/wd/乐奈子"}
]
},
{
"key":"cateId",
"name":"麻豆女优",
"value":[
{"n":"林凤娇","v":"vod/search/wd/林凤娇"},
{"n":"明日香","v":"vod/search/wd/明日香"},
{"n":"楚梦舒","v":"vod/search/wd/楚梦舒"},
{"n":"舒可芯","v":"vod/search/wd/舒可芯"},
{"n":"梁芸菲","v":"vod/search/wd/梁芸菲"},
{"n":"宋南伊","v":"vod/search/wd/宋南伊"},
{"n":"玖玖","v":"vod/search/wd/玖玖"},
{"n":"乔安","v":"vod/search/wd/乔安"},
{"n":"倪哇哇","v":"vod/search/wd/倪哇哇"},
{"n":"赵一曼","v":"vod/search/wd/赵一曼"},
{"n":"雪霏","v":"vod/search/wd/雪霏"},
{"n":"郭童童","v":"vod/search/wd/郭童童"},
{"n":"绫波丽","v":"vod/search/wd/绫波丽"}
]
},
{
"key":"cateId",
"name":"麻豆女优",
"value":[
{"n":"潘雨曦","v":"vod/search/wd/潘雨曦"},
{"n":"南芊允","v":"vod/search/wd/南芊允"},
{"n":"岚湘庭","v":"vod/search/wd/岚湘庭"},
{"n":"沈芯语","v":"vod/search/wd/沈芯语"},
{"n":"莉娜","v":"vod/search/wd/莉娜"},
{"n":"董小宛","v":"vod/search/wd/董小宛"},
{"n":"苏艾文","v":"vod/search/wd/苏艾文"},
{"n":"陈可心","v":"vod/search/wd/陈可心"},
{"n":"樱井美里","v":"vod/search/wd/樱井美里"},
{"n":"周甯","v":"vod/search/wd/周甯"},
{"n":"李文雯","v":"vod/search/wd/李文雯"},
{"n":"何苗","v":"vod/search/wd/何苗"},
{"n":"白若冰","v":"vod/search/wd/白若冰"}
]
},
{
"key":"cateId",
"name":"麻豆女优",
"value":[
{"n":"凌波丽","v":"vod/search/wd/凌波丽"},
{"n":"徐夜夜","v":"vod/search/wd/徐夜夜"},
{"n":"李允熙","v":"vod/search/wd/李允熙"},
{"n":"唐雨菲","v":"vod/search/wd/唐雨菲"},
{"n":"王以欣","v":"vod/search/wd/王以欣"},
{"n":"罗瑾萱","v":"vod/search/wd/罗瑾萱"},
{"n":"宁洋子","v":"vod/search/wd/宁洋子"},
{"n":"白晶晶","v":"vod/search/wd/白晶晶"},
{"n":"宁静","v":"vod/search/wd/宁静"},
{"n":"欧妮","v":"vod/search/wd/欧妮"},
{"n":"娃娃","v":"vod/search/wd/娃娃"},
{"n":"吴心语","v":"vod/search/wd/吴心语"},
{"n":"李慕","v":"vod/search/wd/李慕"}
]
},
{
"key":"cateId",
"name":"麻豆女优",
"value":[
{"n":"李娜娜","v":"vod/search/wd/李娜娜"},
{"n":"吉吉","v":"vod/search/wd/吉吉"},
{"n":"不见星空","v":"vod/search/wd/不见星空"},
{"n":"许木学长","v":"vod/search/wd/许木学长"},
{"n":"丝丝","v":"vod/search/wd/丝丝"},
{"n":"苏小小","v":"vod/search/wd/苏小小"},
{"n":"李琼","v":"vod/search/wd/李琼"},
{"n":"文冰冰","v":"vod/search/wd/文冰冰"},
{"n":"白星雨","v":"vod/search/wd/白星雨"},
{"n":"张欣妍","v":"vod/search/wd/张欣妍"},
{"n":"唐霏","v":"vod/search/wd/唐霏"},
{"n":"茉莉","v":"vod/search/wd/茉莉"}
]
},
{
"key":"cateId",
"name":"麻豆女优",
"value":[
{"n":"米娅","v":"vod/search/wd/米娅"},
{"n":"羽芮","v":"vod/search/wd/羽芮"},
{"n":"安娜","v":"vod/search/wd/安娜"},
{"n":"聂小倩","v":"vod/search/wd/聂小倩"},
{"n":"陈圆圆","v":"vod/search/wd/陈圆圆"},
{"n":"沙美辰","v":"vod/search/wd/沙美辰"},
{"n":"林妙可","v":"vod/search/wd/林妙可"},
{"n":"韩宝儿","v":"vod/search/wd/韩宝儿"},
{"n":"李娜","v":"vod/search/wd/李娜"},
{"n":"乐淆雪","v":"vod/search/wd/乐淆雪"},
{"n":"钟宛冰","v":"vod/search/wd/钟宛冰"},
{"n":"林怡梦","v":"vod/search/wd/林怡梦"},
{"n":"翁雨澄","v":"vod/search/wd/翁雨澄"}
]
}
],
"vod/search/wd/真希波":[
{
"key":"cateId",
"name":"麻豆女优",
"value":[
{"n":"王玥","v":"vod/search/wd/王玥"},
{"n":"项子甯","v":"vod/search/wd/项子甯"},
{"n":"夏禹熙","v":"vod/search/wd/夏禹熙"},
{"n":"林洋","v":"vod/search/wd/林洋"},
{"n":"清洛","v":"vod/search/wd/清洛"},
{"n":"乐乐","v":"vod/search/wd/乐乐"},
{"n":"依涵","v":"vod/search/wd/依涵"},
{"n":"糖糖","v":"vod/search/wd/糖糖"},
{"n":"苏畅","v":"vod/search/wd/苏畅"},
{"n":"瑶贝","v":"vod/search/wd/瑶贝"},
{"n":"小夜夜","v":"vod/search/wd/小夜夜"},
{"n":"张雅婷","v":"vod/search/wd/张雅婷"}
]
},
{
"key":"cateId",
"name":"麻豆女优",
"value":[
{"n":"杨思敏","v":"vod/search/wd/杨思敏"},
{"n":"李曼妮","v":"vod/search/wd/李曼妮"},
{"n":"杨柳","v":"vod/search/wd/杨柳"},
{"n":"戚小怜","v":"vod/search/wd/戚小怜"},
{"n":"苡若","v":"vod/search/wd/苡若"},
{"n":"童汐","v":"vod/search/wd/童汐"},
{"n":"谢语彤","v":"vod/search/wd/谢语彤"},
{"n":"王筱璐","v":"vod/search/wd/王筱璐"},
{"n":"卢珊珊","v":"vod/search/wd/卢珊珊"},
{"n":"程诗诗","v":"vod/search/wd/程诗诗"},
{"n":"悠悠","v":"vod/search/wd/悠悠"},
{"n":"白允儿","v":"vod/search/wd/白允儿"},
{"n":"肖云","v":"vod/search/wd/肖云"}
]
},
{
"key":"cateId",
"name":"麻豆女优",
"value":[
{"n":"岚玥","v":"vod/search/wd/岚玥"},
{"n":"高梨遥香","v":"vod/search/wd/高梨遥香"},
{"n":"熙熙","v":"vod/search/wd/熙熙"},
{"n":"黎娜","v":"vod/search/wd/黎娜"},
{"n":"林曼芸","v":"vod/search/wd/林曼芸"},
{"n":"欣欣","v":"vod/search/wd/欣欣"},
{"n":"琳达","v":"vod/search/wd/琳达"},
{"n":"林嫣","v":"vod/search/wd/林嫣"},
{"n":"张宇芯","v":"vod/search/wd/张宇芯"},
{"n":"桥本爱菜","v":"vod/search/wd/桥本爱菜"},
{"n":"晴天","v":"vod/search/wd/晴天"},
{"n":"温芮欣","v":"vod/search/wd/温芮欣"},
{"n":"柚子猫","v":"vod/search/wd/柚子猫"}
]
},
{
"key":"cateId",
"name":"麻豆女优",
"value":[
{"n":"吴茜茜","v":"vod/search/wd/吴茜茜"},
{"n":"杜冰若","v":"vod/search/wd/杜冰若"},
{"n":"杜鹃","v":"vod/search/wd/杜鹃"},
{"n":"玛丽莲","v":"vod/search/wd/玛丽莲"},
{"n":"胡蓉蓉","v":"vod/search/wd/胡蓉蓉"},
{"n":"美樱","v":"vod/search/wd/美樱"},
{"n":"万静雪","v":"vod/search/wd/万静雪"},
{"n":"许诺","v":"vod/search/wd/许诺"},
{"n":"虞姬","v":"vod/search/wd/虞姬"},
{"n":"白熙雨","v":"vod/search/wd/白熙雨"},
{"n":"萧悦儿","v":"vod/search/wd/萧悦儿"},
{"n":"林晓雪","v":"vod/search/wd/林晓雪"},
{"n":"苡琍","v":"vod/search/wd/苡琍"}
]
},
{
"key":"cateId",
"name":"麻豆女优",
"value":[
{"n":"蔷薇","v":"vod/search/wd/蔷薇"},
{"n":"米亚","v":"vod/search/wd/米亚"},
{"n":"兰心洁","v":"vod/search/wd/兰心洁"},
{"n":"小影","v":"vod/search/wd/小影"},
{"n":"Aida","v":"vod/search/wd/Aida"},
{"n":"赖畇希","v":"vod/search/wd/赖畇希"},
{"n":"小桃","v":"vod/search/wd/小桃"},
{"n":"cola醬","v":"vod/search/wd/cola醬"},
{"n":"绯丽","v":"vod/search/wd/绯丽"},
{"n":"白思吟","v":"vod/search/wd/白思吟"},
{"n":"藤田美绪","v":"vod/search/wd/藤田美绪"},
{"n":"娜娜","v":"vod/search/wd/娜娜"},
{"n":"静静","v":"vod/search/wd/静静"}
]
},
{
"key":"cateId",
"name":"麻豆女优",
"value":[
{"n":"黄雪纯","v":"vod/search/wd/黄雪纯"},
{"n":"赵雅琳","v":"vod/search/wd/赵雅琳"},
{"n":"伊琬琳","v":"vod/search/wd/伊琬琳"},
{"n":"琪琪","v":"vod/search/wd/琪琪"},
{"n":"兮兮","v":"vod/search/wd/兮兮"},
{"n":"陈美惠","v":"vod/search/wd/陈美惠"},
{"n":"金巧巧","v":"vod/search/wd/金巧巧"},
{"n":"苏然","v":"vod/search/wd/苏然"},
{"n":"陈美琳","v":"vod/search/wd/陈美琳"},
{"n":"陆思涵","v":"vod/search/wd/陆思涵"},
{"n":"顾小北","v":"vod/search/wd/顾小北"},
{"n":"陶子","v":"vod/search/wd/陶子"},
{"n":"七濑恋","v":"vod/search/wd/七濑恋"}
]
},
{
"key":"cateId",
"name":"麻豆女优",
"value":[
{"n":"陈小雨","v":"vod/search/wd/陈小雨"},
{"n":"董欣","v":"vod/search/wd/董欣"},
{"n":"吴恺彤","v":"vod/search/wd/吴恺彤"},
{"n":"羽熙","v":"vod/search/wd/羽熙"},
{"n":"清沐","v":"vod/search/wd/清沐"},
{"n":"林襄","v":"vod/search/wd/林襄"},
{"n":"冬月结衣","v":"vod/search/wd/冬月结衣"},
{"n":"维里娜","v":"vod/search/wd/维里娜"},
{"n":"兔小白","v":"vod/search/wd/兔小白"},
{"n":"神谷怜","v":"vod/search/wd/神谷怜"},
{"n":"叶子红","v":"vod/search/wd/叶子红"},
{"n":"小捷","v":"vod/search/wd/小捷"},
{"n":"美凉子","v":"vod/search/wd/美凉子"}
]
},
{
"key":"cateId",
"name":"麻豆女优",
"value":[
{"n":"NANA","v":"vod/search/wd/NANA"},
{"n":"吳芳宜","v":"vod/search/wd/吳芳宜"},
{"n":"菲菲","v":"vod/search/wd/菲菲"},
{"n":"樱桃","v":"vod/search/wd/樱桃"},
{"n":"吴凯彤","v":"vod/search/wd/吴凯彤"},
{"n":"橙子","v":"vod/search/wd/橙子"},
{"n":"王茜","v":"vod/search/wd/王茜"},
{"n":"李慕儿","v":"vod/search/wd/李慕儿"},
{"n":"叶一涵","v":"vod/search/wd/叶一涵"},
{"n":"赵佳美","v":"vod/search/wd/赵佳美"},
{"n":"千鹤","v":"vod/search/wd/千鹤"},
{"n":"雪见","v":"vod/search/wd/雪见"},
{"n":"董小婉","v":"vod/search/wd/董小婉"}
]
}
],
"vod/search/wd/苏艾文":[
{
"key":"cateId",
"name":"麻豆女优",
"value":[
{"n":"陈可心","v":"vod/search/wd/陈可心"},
{"n":"樱井美里","v":"vod/search/wd/樱井美里"},
{"n":"黎儿","v":"vod/search/wd/黎儿"},
{"n":"黎娜","v":"vod/search/wd/黎娜"},
{"n":"翁雨澄","v":"vod/search/wd/翁雨澄"},
{"n":"丝丝","v":"vod/search/wd/丝丝"},
{"n":"李文雯","v":"vod/search/wd/李文雯"},
{"n":"何苗","v":"vod/search/wd/何苗"},
{"n":"白若冰","v":"vod/search/wd/白若冰"},
{"n":"优娜","v":"vod/search/wd/优娜"},
{"n":"徐夜夜","v":"vod/search/wd/徐夜夜"}
]
},
{
"key":"cateId",
"name":"麻豆女优",
"value":[
{"n":"李慕","v":"vod/search/wd/李慕"},
{"n":"cola醬","v":"vod/search/wd/cola醬"},
{"n":"橙子","v":"vod/search/wd/橙子"},
{"n":"苏念瑾","v":"vod/search/wd/苏念瑾"},
{"n":"罗瑾萱","v":"vod/search/wd/罗瑾萱"},
{"n":"宁洋子","v":"vod/search/wd/宁洋子"},
{"n":"白晶晶","v":"vod/search/wd/白晶晶"},
{"n":"宁静","v":"vod/search/wd/宁静"},
{"n":"欧妮","v":"vod/search/wd/欧妮"},
{"n":"吴心语","v":"vod/search/wd/吴心语"},
{"n":"赖畇希","v":"vod/search/wd/赖畇希"},
{"n":"吉吉","v":"vod/search/wd/吉吉"}
]
},
{
"key":"cateId",
"name":"麻豆女优",
"value":[
{"n":"不见星空","v":"vod/search/wd/不见星空"},
{"n":"许木学长","v":"vod/search/wd/许木学长"},
{"n":"绯丽","v":"vod/search/wd/绯丽"},
{"n":"Stacy","v":"vod/search/wd/Stacy"},
{"n":"COLA酱","v":"vod/search/wd/COLA酱"},
{"n":"宸荨樱桃","v":"vod/search/wd/宸荨樱桃"},
{"n":"艾熙","v":"vod/search/wd/艾熙"},
{"n":"陆斑比","v":"vod/search/wd/陆斑比"},
{"n":"赵晓涵","v":"vod/search/wd/赵晓涵"},
{"n":"梁佳芯","v":"vod/search/wd/梁佳芯"},
{"n":"苏小小","v":"vod/search/wd/苏小小"},
{"n":"李琼","v":"vod/search/wd/李琼"}
]
}
]
}
}