{
"站名":"日日夜夜",
"直接播放":"1",
"请求头":"手机",
"数组":"<div class=\"item \">&&rating positive",
"搜索模式": "1",
"搜索数组":"<div class=\"item \">&&rating positive",
"搜索url":"https://apixj.com/?xx=search-xxj-{wd}-{pg}.html",
"简介":"<h1&&</h1>",
"分类":"新香蕉$xxj-xxjfl-zwzh#直播$yzzb-so-gwzb#热门标签一$search-xxj-催眠#热门标签二$search-xxj-父母不在#麻豆女优一$search-xxj-沈娜娜#麻豆女优二$search-xxj-真希波#麻豆女优三$search-xxj-苏艾文",
"分类url":"https://apixj.com/?xx={cateId}-{catePg}.html[https://apixj.com/?xx={cateId}.html]",
"筛选":{
"xxj-xxjfl-zwzh":[
{
"key":"cateId",
"name":"新香蕉",
"value":[
{"n":"全部","v":""},
{"v":"xxj-xxjfl-zwzh","n":"中文综合"},
{"v":"xxj-xxjfl-zwwm","n":"中文无码"},
{"v":"xxj-xxjfl-zwjq","n":"中文近亲"},
{"v":"xxj-xxjfl-zwhs","n":"中文护士"},
{"v":"xxj-xxjfl-zwss","n":"中文师生"},
{"v":"xxj-xxjfl-zwqj","n":"中文强奸"},
{"v":"xxj-xxjfl-mxym","n":"明星淫梦"},
{"v":"xxj-xxjfl-gczp","n":"国产自拍"},
{"v":"xxj-xxjfl-sjzh","n":"三级综合"}
]
},
{
"key":"cateId",
"name":"国产传媒",
"value":[
{"n":"全部","v":""},
{"v":"gccm-gccmfl-1","n":"麻豆原创"},
{"v":"gccm-gccmfl-2","n":"91制片"},
{"v":"gccm-gccmfl-3","n":"天美传媒"},
{"v":"gccm-gccmfl-4","n":"蜜桃传媒"},
{"v":"gccm-gccmfl-5","n":"皇家华人"},
{"v":"gccm-gccmfl-6","n":"星空传媒"},
{"v":"gccm-gccmfl-7","n":"精东影业"},
{"v":"gccm-gccmfl-8","n":"乐播传媒"},
{"v":"gccm-gccmfl-9","n":"乌鸦传媒"},
{"v":"gccm-gccmfl-10","n":"兔子先生"},
{"v":"gccm-gccmfl-11","n":"杏吧原创"},
{"v":"gccm-gccmfl-12","n":"mini传媒"},
{"v":"gccm-gccmfl-13","n":"大象传媒"},
{"v":"gccm-gccmfl-14","n":"开心鬼传媒"},
{"v":"gccm-gccmfl-15","n":"PsychoPorn"},
{"v":"gccm-gccmfl-16","n":"糖心VLGO"}
]
},
{
"key":"cateId",
"name":"超清",
"value":[
{"n":"全部","v":""},
{"v":"cqzy-cqzyfl-62","n":"亚洲ＡＶ"},
{"v":"cqzy-cqzyfl-63","n":"自拍偷拍"},
{"v":"cqzy-cqzyfl-64","n":"超清传媒"},
{"v":"cqzy-cqzyfl-65","n":"欧美ＡＶ"},
{"v":"cqzy-cqzyfl-66","n":"3D动漫"},
{"v":"cqzy-cqzyfl-67","n":"乱伦人妻"},
{"v":"cqzy-cqzyfl-68","n":"丝袜制服"},
{"v":"cqzy-cqzyfl-69","n":"直播录播"},
{"v":"cqzy-cqzyfl-70","n":"SM另类"},
{"v":"cqzy-cqzyfl-71","n":"超清三级"}
]
},
{
"key":"cateId",
"name":"AV解说",
"value":[
{"n":"全部","v":""},
{"v":"avjs-avjsfl-avjs","n":"AV解说"}
]
},
{
"key":"cateId",
"name":"久久热",
"value":[
{"n":"全部","v":""},
{"v":"99re-99refl-53","n":"欧美"},
{"v":"99re-99refl-54","n":"中文字幕"},
{"v":"99re-99refl-55","n":"李宗瑞全集"},
{"v":"99re-99refl-56","n":"日本无码"},
{"v":"99re-99refl-57","n":"加勒比"},
{"v":"99re-99refl-58","n":"日本有码"},
{"v":"99re-99refl-59","n":"一本道"},
{"v":"99re-99refl-60","n":"高清"},
{"v":"99re-99refl-63","n":"潮吹"},
{"v":"99re-99refl-64","n":"会员认证作品"},
{"v":"99re-99refl-65","n":"制服丝袜"},
{"v":"99re-99refl-66","n":"口爆颜射"},
{"v":"99re-99refl-67","n":"肛交"},
{"v":"99re-99refl-68","n":"东京热"},
{"v":"99re-99refl-69","n":"小格式综合"},
{"v":"99re-99refl-70","n":"女主播系列"},
{"v":"99re-99refl-71","n":"成人动漫"},
{"v":"99re-99refl-72","n":"国产自拍"},
{"v":"99re-99refl-73","n":"SM性虐"},
{"v":"99re-99refl-74","n":"韩国综合"},
{"v":"99re-99refl-75","n":"三级专区"},
{"v":"99re-99refl-76","n":"VR专区"}
]
},
{
"key":"cateId",
"name":"废柴网",
"value":[
{"n":"全部","v":""},
{"v":"fcw-fcwfl-vipzq","n":"VIP专区"},
{"v":"fcw-fcwfl-crdm","n":"成人动漫"},
{"v":"fcw-fcwfl-hgzh","n":"韩国综合"},
{"v":"fcw-fcwfl-omzq","n":"欧美专区"},
{"v":"fcw-fcwfl-tpxl","n":"偷拍系列"},
{"v":"fcw-fcwfl-vrzq","n":"V R专区"},
{"v":"fcw-fcwfl-rbwm","n":"日本无码"},
{"v":"fcw-fcwfl-rbym","n":"日本有码"},
{"v":"fcw-fcwfl-gczp","n":"国产自拍"}
]
}
],
"yzzb-so-gwzb":[
{
"key":"cateId",
"name":"亚州直播",
"value":[
{"n":"全部","v":""},
{"v":"yzzb-so-gwzb","n":"亚洲直播"}
]
},
{
"key":"cateId",
"name":"欧美直播",
"value":[
{"n":"全部","v":""},
{"v":"yzzb-so-omzb","n":"欧美直播"}
]
},
{
"key":"cateId",
"name":"国内直播",
"value":[
{"n":"全部","v":""},
{"v":"jyav-so-kwy","n":"卡哇伊直播"},
{"v":"jyav-so-mh","n":"咪狐直播"},
{"v":"jyav-so-mt","n":"蜜桃直播"},
{"v":"jyav-so-love","n":"LOVE直播"},
{"v":"jyav-so-fq","n":"番茄直播"},
{"v":"jyav-so-qq","n":"77直播"},
{"v":"jyav-so-yy","n":"依依直播"},
{"v":"jyav-so-rc","n":"日出直播"},
{"v":"jyav-so-ch","n":"彩虹直播"},
{"v":"jyav-so-jj","n":"久久直播"},
{"v":"jyav-so-ym","n":"亚米直播"}
]
},
{
"key":"cateId",
"name":"国内直播",
"value":[
{"n":"全部","v":""},
{"v":"jyav-so-ld","n":"蝶恋直播"},
{"v":"jyav-so-yyj","n":"夜妖姬直播"},
{"v":"jyav-so-tl","n":"套路直播"},
{"v":"jyav-so-yh","n":"樱花直播"},
{"v":"jyav-so-xs","n":"享色直播"},
{"v":"jyav-so-hlm","n":"红浪漫直播"},
{"v":"jyav-so-jy","n":"金鱼直播"},
{"v":"jyav-so-th","n":"桃花直播"},
{"v":"jyav-so-hf","n":"花房直播"},
{"v":"jyav-so-xxn","n":"小仙女直播"},
{"v":"jyav-so-sjx","n":"视觉秀直播"},
{"v":"jyav-so-xts","n":"小天使直播"}
]
},
{
"key":"cateId",
"name":"国内直播",
"value":[
{"n":"全部","v":""},
{"v":"jyav-so-cy","n":"彩云直播"},
{"v":"jyav-so-mm","n":"咪咪直播"},
{"v":"jyav-so-jm","n":"娇媚直播"},
{"v":"jyav-so-hg","n":"黄瓜直播"},
{"v":"jyav-so-sq","n":"色趣直播"},
{"v":"jyav-so-nm","n":"糯米直播"},
{"v":"jyav-so-xmf","n":"小蜜蜂直播"},
{"v":"jyav-so-xhm","n":"小红帽直播"},
{"v":"jyav-so-thy","n":"桃花运直播"},
{"v":"jyav-so-kg","n":"苦瓜直播"},
{"v":"jyav-so-aan","n":"爱爱你直播"},
{"v":"jyav-so-yh","n":"樱花雨直播"}
]
},
{
"key":"cateId",
"name":"国内直播",
"value":[
{"n":"全部","v":""},
{"v":"jyav-so-pt","n":"盘他直播"},
{"v":"jyav-so-ys","n":"夜色直播"},
{"v":"jyav-so-hd","n":"蝴蝶直播"},
{"v":"jyav-so-xtx","n":"小天仙直播"},
{"v":"jyav-so-xq","n":"杏趣直播"},
{"v":"jyav-so-xhd","n":"小坏蛋直播"},
{"v":"jyav-so-px","n":"飘雪直播"},
{"v":"jyav-so-yt","n":"樱桃直播"},
{"v":"jyav-so-ask","n":"奥斯卡直播"},
{"v":"jyav-so-tnl","n":"兔女郎直播"},
{"v":"jyav-so-hxz","n":"花仙子直播"},
{"v":"jyav-so-xxg","n":"小性感直播"}
]
}
],
"search-xxj-催眠":[
{
"key":"cateId",
"name":"热门标签",
"value":[
{"n":"全部","v":""},
{"v":"search-xxj-催眠","n":"催眠"},{"v":"search-xxj-乱伦","n":"乱伦"},{"v":"search-xxj-探花","n":"探花"},{"v":"search-xxj-清纯","n":"清纯"},{"v":"search-xxj-网约","n":"网约"},{"v":"search-xxj-丝袜","n":"丝袜"},{"v":"search-xxj-良家","n":"良家"},{"v":"search-xxj-网恋","n":"网恋"},{"v":"search-xxj-骚气","n":"骚气"},{"v":"search-xxj-户外","n":"户外"},{"v":"search-xxj-多体位","n":"多体位"},{"v":"search-xxj-车震","n":"车震"},{"v":"search-xxj-新娘","n":"新娘"},{"v":"search-xxj-粉木耳","n":"粉木耳"},{"v":"search-xxj-清纯","n":"清纯"},{"v":"search-xxj-收费大秀","n":"收费大秀"}
]
},
{
"key":"cateId",
"name":"热门标签",
"value":[
{"n":"全部","v":""},
{"v":"search-xxj-酒吧","n":"酒吧"},
{"v":"search-xxj-调教","n":"调教"},{"v":"search-xxj-打电话","n":"打电话"},{"v":"search-xxj-颜值高","n":"颜值高"},{"v":"search-xxj-小树林","n":"小树林"},{"v":"search-xxj-寻花","n":"寻花"},{"v":"search-xxj-开房","n":"开房"},{"v":"search-xxj-会所","n":"会所"},{"v":"search-xxj-麻豆","n":"麻豆"},{"v":"search-xxj-91","n":"91"},{"v":"search-xxj-香港三级","n":"香港三级"},{"v":"search-xxj-网吧","n":"网吧"},{"v":"search-xxj-楼梯","n":"楼梯"},{"v":"search-xxj-教室","n":"教室"},{"v":"search-xxj-教室","n":"变态"},{"v":"search-xxj-美乳","n":"美乳"},{"v":"search-xxj-绝对领域","n":"绝对领域"}
]
},
{
"key":"cateId",
"name":"热门标签",
"value":[
{"n":"全部","v":""},{"v":"search-xxj-女主播","n":"女主播"},{"v":"search-xxj-Julia","n":"Julia"},{"v":"search-xxj-出轨","n":"出轨"},{"v":"search-xxj-白丝","n":"白丝"},{"v":"search-xxj-颜值不错","n":"颜值不错"},{"v":"search-xxj-家教","n":"家教"},{"v":"search-xxj-义父","n":"义父"},{"v":"search-xxj-儿媳","n":"儿媳"},{"v":"search-xxj-黑丝","n":"黑丝"},{"v":"search-xxj-直播","n":"直播录播"},{"v":"search-xxj-外围女","n":"外围女"},{"v":"search-xxj-约炮","n":"约炮"},{"v":"search-xxj-乱伦","n":"乱伦"},{"v":"search-xxj-嫩妹","n":"嫩妹"},{"v":"search-xxj-网袜","n":"网袜"},{"v":"search-xxj-香港","n":"香港"}
]
},
{
"key":"cateId",
"name":"热门标签",
"value":[
{"n":"全部","v":""},{"v":"search-xxj-秘书","n":"秘书"},{"v":"search-xxj-侵犯","n":"侵犯"},{"v":"search-xxj-父母","n":"父母不在"},{"v":"search-xxj-无毛","n":"白虎"},{"v":"search-xxj-对白","n":"对白淫荡"},{"v":"search-xxj-大学生","n":"大学生"},{"v":"search-xxj-佐々波綾","n":"佐々波綾"},{"v":"search-xxj-佐佐波绫","n":"佐佐波绫"},{"v":"search-xxj-深田咏美","n":"深田咏美"},{"v":"search-xxj-深田えいみ","n":"深田えいみ"},{"v":"search-xxj-丈夫不在","n":"丈夫不在"},{"v":"search-xxj-家庭教师","n":"家庭教师"},{"v":"search-xxj-熟睡","n":"熟睡"},{"v":"search-xxj-上司","n":"上司"},{"v":"search-xxj-人妻","n":"人妻"},{"v":"search-xxj-绿帽","n":"绿帽"}
]
},
{
"key":"cateId",
"name":"热门标签",
"value":[
{"n":"全部","v":""},{"v":"search-xxj-痴女","n":"痴女"},{"v":"search-xxj-不见星空","n":"不见星空"},{"v":"search-xxj-锅锅酱","n":"锅锅酱"},{"v":"search-xxj-小敏儿","n":"小敏儿"},{"v":"search-xxj-快递","n":"快递"},{"v":"search-xxj-潘甜甜","n":"潘甜甜"},{"v":"search-xxj-人气女神","n":"人气女神"},{"v":"search-xxj-推特","n":"推特博主"},{"v":"search-xxj-校花","n":"美女校花"},{"v":"search-xxj-尤物","n":"极品尤物"},{"v":"search-xxj-下海","n":"美女下海"},{"v":"search-xxj-定制","n":"定制作品"},{"v":"search-xxj-韩国三级","n":"韩国三级"},{"v":"search-xxj-%E5%85%AC%E5%85%AC","n":"公公"},{"v":"search-xxj-%E5%A7%90%E5%A7%90","n":"姐姐"}
]
},
{
"key":"cateId",
"name":"热门标签",
"value":[
{"n":"全部","v":""},{"v":"search-xxj-妹妹","n":"妹妹"},{"v":"search-xxj-%E5%9B%BD%E4%BA%A7","n":"国产"},{"v":"search-xxj-%E5%AB%A9%E6%A8%A1","n":"嫩模"},{"v":"search-xxj-%E6%9E%81%E5%93%81","n":"极品"},{"v":"search-xxj-%E6%B0%94%E8%B4%A8","n":"气质"},{"v":"search-xxj-%E5%88%B6%E6%9C%8D","n":"制服"},{"v":"search-xxj-%E5%B7%A8%E4%B9%B3","n":"巨乳"},{"v":"search-xxj-%E9%9C%B2%E8%84%B8","n":"露脸"},{"v":"search-xxj-%E4%B8%AD%E6%96%87","n":"中文"},{"v":"search-xxj-欧美","n":"欧美"},{"v":"search-xxj-%E6%98%8E%E6%98%9F","n":"明星"},{"v":"search-xxj-天海","n":"天海翼"},{"v":"search-xxj-佐佐木明希","n":"佐佐木明希"},{"v":"search-xxj-葵","n":"葵"},{"v":"search-xxj-旬果","n":"彩美旬果"},{"v":"search-xxj-SM","n":"SM"}
]
}
],
"search-xxj-父母不在":[
{
"key":"cateId",
"name":"热门标签",
"value":[
{"n":"全部","v":""},{"v":"search-xxj-护士","n":"护士"},{"v":"search-xxj-欲求不满","n":"欲求不满"},{"v":"search-xxj-解说原片","n":"AV解说原片"},{"v":"search-xxj-沈樵","n":"沈樵 "},{"v":"search-xxj-沈娜娜","n":"沈娜娜"},{"v":"search-xxj-强行","n":"强行"},{"v":"search-xxj-高潮","n":"高潮"},{"v":"search-xxj-酒会html","n":"酒会"},{"v":"search-xxj-洗脑","n":"洗脑"},{"v":"search-xxj-风俗店","n":"风俗店"},{"v":"search-xxj-暗恋","n":"暗恋"},{"v":"search-xxj-网曝门","n":"网曝门"},{"v":"search-xxj-女技师","n":"女技师"},{"v":"search-xxj-娇小","n":"娇小"},{"v":"search-xxj-JK","n":"JK"}
]
},
{
"key":"cateId",
"name":"热门标签",
"value":[
{"n":"全部","v":""},{"v":"search-xxj-3P","n":"3P"},{"v":"search-xxj-91cm","n":"91"},{"v":"search-xxj-诱惑","n":"诱惑"},{"v":"search-xxj-直播","n":"直播"},{"v":"search-xxj-新人","n":"新人"},{"v":"search-xxj-制服诱惑","n":"制服诱惑"},{"v":"search-xxj-渔网袜","n":"渔网袜"},{"v":"search-xxj-大奶子","n":"大奶子"},{"v":"search-xxj-道具","n":"道具"},{"v":"search-xxj-少妇","n":"少妇"},{"v":"search-xxj-无毛","n":"无毛"},{"v":"search-xxj-对白淫荡","n":"对白淫荡"},{"v":"search-xxj-外围","n":"外围女"},{"v":"search-xxj-91","n":"Cosplay"},{"v":"search-xxj-张芸熙","n":"张芸熙"},{"v":"search-xxj-夏晴子","n":"夏晴子"}
]
},
{
"key":"cateId",
"name":"热门标签",
"value":[
{"n":"全部","v":""},{"v":"search-xxj-学姐","n":"学姐"},{"v":"search-xxj-挑逗","n":"挑逗"},{"v":"search-xxj-大屌","n":"大屌"},{"v":"search-xxj-掰穴","n":"掰穴"},{"v":"search-xxj-双飞","n":"双飞"},{"v":"search-xxj-丝袜高跟","n":"丝袜高跟"},{"v":"search-xxj-扩阴","n":"扩阴"},{"v":"search-xxj-抠逼","n":"抠逼"},{"v":"search-xxj-喷水","n":"喷水"},{"v":"search-xxj-黄鳝","n":"黄鳝"},{"v":"search-xxj-欧美三级","n":"欧美三级"},{"v":"search-xxj-3D","n":"外围女"},{"v":"search-xxj-酒醉","n":"酒醉"},{"v":"search-xxj-不见星","n":"不见星空"},{"v":"search-xxj-锅锅","n":"锅锅酱"},{"v":"search-xxj-小敏","n":"小敏"}
]
},
{
"key":"cateId",
"name":"热门标签",
"value":[
{"n":"全部","v":""},{"v":"search-xxj-快递员","n":"快递员"},{"v":"search-xxj-吴梦梦","n":"吴梦梦"},{"v":"search-xxj-%E5%A5%B3%E7%A5%9E","n":"女神"},{"v":"search-xxj-%E9%85%92%E5%BA%97","n":"酒店"},{"v":"search-xxj-%E8%80%81%E5%B8%88","n":"老师"},{"v":"search-xxj-%E5%AD%A6%E7%94%9F","n":"学生"},{"v":"search-xxj-%E5%81%B7%E6%8B%8D","n":"偷拍"},{"v":"search-xxj-%E7%9B%B4%E6%92%AD","n":"直播"},{"v":"search-xxj-%E5%A5%B3%E4%BB%86","n":"女仆"},{"v":"search-xxj-%E8%A3%B8%E8%B4%B7","n":"裸贷"},{"v":"search-xxj-%E8%87%AA%E6%85%B0","n":"自慰"},{"v":"search-xxj-%E6%97%A0%E7%A0%81","n":"无码"},{"v":"search-xxj-%E7%A9%BA%E5%A7%90","n":"空姐"},{"v":"search-xxj-%E5%8A%A8%E6%BC%AB","n":"动漫"},{"v":"search-xxj-%E5%BC%BA%E8%BF%AB","n":"强迫"},{"v":"search-xxj-%E7%94%B5%E8%BD%A6","n":"电车"}
]
},
{
"key":"cateId",
"name":"热门标签",
"value":[
{"n":"全部","v":""},{"v":"search-xxj-麻豆","n":"麻豆"},{"v":"search-xxj-%E5%A4%A9%E7%BE%8E","n":"天美"},{"v":"search-xxj-%E4%B8%89%E7%BA%A7","n":"三级"},{"v":"search-xxj-%E8%9C%9C%E6%A1%83","n":"蜜桃"},{"v":"search-xxj-酒会","n":"酒会"},{"v":"search-xxj-公交车","n":"公交车"},{"v":"search-xxj-不穿内裤","n":"不穿内裤"},{"v":"search-xxj-三上悠亚","n":"三上悠亚"},{"v":"search-xxj-台湾","n":"台湾"},{"v":"search-xxj-乐播传媒","n":"乐播传媒"}
]
}
],
"search-xxj-沈娜娜":[
{
"key":"cateId",
"name":"麻豆女优",
"value":[
{"n":"全部","v":""},
{"n":"夏晴子","v":"search-xxj-夏晴子"},
{"n":"吴梦梦","v":"search-xxj-吴梦梦"},
{"n":"孟若羽","v":"search-xxj-孟若羽"},
{"n":"艾秋","v":"search-xxj-艾秋"},
{"n":"林思妤","v":"search-xxj-林思妤"},
{"n":"凌薇","v":"search-xxj-凌薇"},
{"n":"斑斑","v":"search-xxj-斑斑"},
{"n":"秦可欣","v":"search-xxj-秦可欣"},
{"n":"苏语棠","v":"search-xxj-苏语棠"},
{"n":"韩棠","v":"search-xxj-韩棠"},
{"n":"苏清歌","v":"search-xxj-苏清歌"},
{"n":"金宝娜","v":"search-xxj-金宝娜"}
]
},
{
"key":"cateId",
"name":"麻豆女优",
"value":[
{"n":"全部","v":""},
{"n":"蜜苏","v":"search-xxj-蜜苏"},
{"n":"季妍希","v":"search-xxj-季妍希"},
{"n":"雪千夏","v":"search-xxj-雪千夏"},
{"n":"李蓉蓉","v":"search-xxj-李蓉蓉"},
{"n":"唐茜","v":"search-xxj-唐茜"},
{"n":"管明美","v":"search-xxj-管明美"},
{"n":"徐蕾","v":"search-xxj-徐蕾"},
{"n":"仙儿媛","v":"search-xxj-仙儿媛"},
{"n":"寻小小","v":"search-xxj-寻小小"},
{"n":"张芸熙","v":"search-xxj-张芸熙"},
{"n":"夜夜","v":"search-xxj-夜夜"},
{"n":"雷梦娜","v":"search-xxj-雷梦娜"},
{"n":"尤莉","v":"search-xxj-尤莉"}
]
},
{
"key":"cateId",
"name":"麻豆女优",
"value":[
{"n":"全部","v":""},
{"n":"吴芳宜","v":"search-xxj-吴芳宜"},
{"n":"苏娅","v":"search-xxj-苏娅"},
{"n":"玥可岚","v":"search-xxj-玥可岚"},
{"n":"白沛瑶","v":"search-xxj-白沛瑶"},
{"n":"袁子仪","v":"search-xxj-袁子仪"},
{"n":"艾玛","v":"search-xxj-艾玛"},
{"n":"林沁儿","v":"search-xxj-林沁儿"},
{"n":"粉色情人","v":"search-xxj-粉色情人"},
{"n":"顾桃桃","v":"search-xxj-顾桃桃"},
{"n":"林芊彤","v":"search-xxj-林芊彤"},
{"n":"白靖寒","v":"search-xxj-白靖寒"},
{"n":"香菱","v":"search-xxj-香菱"},
{"n":"乐奈子","v":"search-xxj-乐奈子"}
]
},
{
"key":"cateId",
"name":"麻豆女优",
"value":[
{"n":"全部","v":""},
{"n":"林凤娇","v":"search-xxj-林凤娇"},
{"n":"明日香","v":"search-xxj-明日香"},
{"n":"楚梦舒","v":"search-xxj-楚梦舒"},
{"n":"舒可芯","v":"search-xxj-舒可芯"},
{"n":"梁芸菲","v":"search-xxj-梁芸菲"},
{"n":"宋南伊","v":"search-xxj-宋南伊"},
{"n":"玖玖","v":"search-xxj-玖玖"},
{"n":"乔安","v":"search-xxj-乔安"},
{"n":"倪哇哇","v":"search-xxj-倪哇哇"},
{"n":"赵一曼","v":"search-xxj-赵一曼"},
{"n":"雪霏","v":"search-xxj-雪霏"},
{"n":"郭童童","v":"search-xxj-郭童童"},
{"n":"绫波丽","v":"search-xxj-绫波丽"}
]
},
{
"key":"cateId",
"name":"麻豆女优",
"value":[
{"n":"全部","v":""},
{"n":"潘雨曦","v":"search-xxj-潘雨曦"},
{"n":"南芊允","v":"search-xxj-南芊允"},
{"n":"岚湘庭","v":"search-xxj-岚湘庭"},
{"n":"沈芯语","v":"search-xxj-沈芯语"},
{"n":"莉娜","v":"search-xxj-莉娜"},
{"n":"董小宛","v":"search-xxj-董小宛"},
{"n":"苏艾文","v":"search-xxj-苏艾文"},
{"n":"陈可心","v":"search-xxj-陈可心"},
{"n":"樱井美里","v":"search-xxj-樱井美里"},
{"n":"周甯","v":"search-xxj-周甯"},
{"n":"李文雯","v":"search-xxj-李文雯"},
{"n":"何苗","v":"search-xxj-何苗"},
{"n":"白若冰","v":"search-xxj-白若冰"}
]
},
{
"key":"cateId",
"name":"麻豆女优",
"value":[
{"n":"全部","v":""},
{"n":"凌波丽","v":"search-xxj-凌波丽"},
{"n":"徐夜夜","v":"search-xxj-徐夜夜"},
{"n":"李允熙","v":"search-xxj-李允熙"},
{"n":"唐雨菲","v":"search-xxj-唐雨菲"},
{"n":"王以欣","v":"search-xxj-王以欣"},
{"n":"罗瑾萱","v":"search-xxj-罗瑾萱"},
{"n":"宁洋子","v":"search-xxj-宁洋子"},
{"n":"白晶晶","v":"search-xxj-白晶晶"},
{"n":"宁静","v":"search-xxj-宁静"},
{"n":"欧妮","v":"search-xxj-欧妮"},
{"n":"娃娃","v":"search-xxj-娃娃"},
{"n":"吴心语","v":"search-xxj-吴心语"},
{"n":"李慕","v":"search-xxj-李慕"}
]
},
{
"key":"cateId",
"name":"麻豆女优",
"value":[
{"n":"全部","v":""},
{"n":"李娜娜","v":"search-xxj-李娜娜"},
{"n":"吉吉","v":"search-xxj-吉吉"},
{"n":"不见星空","v":"search-xxj-不见星空"},
{"n":"许木学长","v":"search-xxj-许木学长"},
{"n":"丝丝","v":"search-xxj-丝丝"},
{"n":"苏小小","v":"search-xxj-苏小小"},
{"n":"李琼","v":"search-xxj-李琼"},
{"n":"文冰冰","v":"search-xxj-文冰冰"},
{"n":"白星雨","v":"search-xxj-白星雨"},
{"n":"张欣妍","v":"search-xxj-张欣妍"},
{"n":"唐霏","v":"search-xxj-唐霏"},
{"n":"茉莉","v":"search-xxj-茉莉"}
]
},
{
"key":"cateId",
"name":"麻豆女优",
"value":[
{"n":"全部","v":""},
{"n":"米娅","v":"search-xxj-米娅"},
{"n":"羽芮","v":"search-xxj-羽芮"},
{"n":"安娜","v":"search-xxj-安娜"},
{"n":"聂小倩","v":"search-xxj-聂小倩"},
{"n":"陈圆圆","v":"search-xxj-陈圆圆"},
{"n":"沙美辰","v":"search-xxj-沙美辰"},
{"n":"林妙可","v":"search-xxj-林妙可"},
{"n":"韩宝儿","v":"search-xxj-韩宝儿"},
{"n":"李娜","v":"search-xxj-李娜"},
{"n":"乐淆雪","v":"search-xxj-乐淆雪"},
{"n":"钟宛冰","v":"search-xxj-钟宛冰"},
{"n":"林怡梦","v":"search-xxj-林怡梦"},
{"n":"翁雨澄","v":"search-xxj-翁雨澄"}
]
}
],
"search-xxj-真希波":[
{
"key":"cateId",
"name":"麻豆女优",
"value":[
{"n":"全部","v":""},
{"n":"王玥","v":"search-xxj-王玥"},
{"n":"项子甯","v":"search-xxj-项子甯"},
{"n":"夏禹熙","v":"search-xxj-夏禹熙"},
{"n":"林洋","v":"search-xxj-林洋"},
{"n":"清洛","v":"search-xxj-清洛"},
{"n":"乐乐","v":"search-xxj-乐乐"},
{"n":"依涵","v":"search-xxj-依涵"},
{"n":"糖糖","v":"search-xxj-糖糖"},
{"n":"苏畅","v":"search-xxj-苏畅"},
{"n":"瑶贝","v":"search-xxj-瑶贝"},
{"n":"小夜夜","v":"search-xxj-小夜夜"},
{"n":"张雅婷","v":"search-xxj-张雅婷"}
]
},
{
"key":"cateId",
"name":"麻豆女优",
"value":[
{"n":"全部","v":""},
{"n":"杨思敏","v":"search-xxj-杨思敏"},
{"n":"李曼妮","v":"search-xxj-李曼妮"},
{"n":"杨柳","v":"search-xxj-杨柳"},
{"n":"戚小怜","v":"search-xxj-戚小怜"},
{"n":"苡若","v":"search-xxj-苡若"},
{"n":"童汐","v":"search-xxj-童汐"},
{"n":"谢语彤","v":"search-xxj-谢语彤"},
{"n":"王筱璐","v":"search-xxj-王筱璐"},
{"n":"卢珊珊","v":"search-xxj-卢珊珊"},
{"n":"程诗诗","v":"search-xxj-程诗诗"},
{"n":"悠悠","v":"search-xxj-悠悠"},
{"n":"白允儿","v":"search-xxj-白允儿"},
{"n":"肖云","v":"search-xxj-肖云"}
]
},
{
"key":"cateId",
"name":"麻豆女优",
"value":[
{"n":"全部","v":""},
{"n":"岚玥","v":"search-xxj-岚玥"},
{"n":"高梨遥香","v":"search-xxj-高梨遥香"},
{"n":"熙熙","v":"search-xxj-熙熙"},
{"n":"黎娜","v":"search-xxj-黎娜"},
{"n":"林曼芸","v":"search-xxj-林曼芸"},
{"n":"欣欣","v":"search-xxj-欣欣"},
{"n":"琳达","v":"search-xxj-琳达"},
{"n":"林嫣","v":"search-xxj-林嫣"},
{"n":"张宇芯","v":"search-xxj-张宇芯"},
{"n":"桥本爱菜","v":"search-xxj-桥本爱菜"},
{"n":"晴天","v":"search-xxj-晴天"},
{"n":"温芮欣","v":"search-xxj-温芮欣"},
{"n":"柚子猫","v":"search-xxj-柚子猫"}
]
},
{
"key":"cateId",
"name":"麻豆女优",
"value":[
{"n":"全部","v":""},
{"n":"吴茜茜","v":"search-xxj-吴茜茜"},
{"n":"杜冰若","v":"search-xxj-杜冰若"},
{"n":"杜鹃","v":"search-xxj-杜鹃"},
{"n":"玛丽莲","v":"search-xxj-玛丽莲"},
{"n":"胡蓉蓉","v":"search-xxj-胡蓉蓉"},
{"n":"美樱","v":"search-xxj-美樱"},
{"n":"万静雪","v":"search-xxj-万静雪"},
{"n":"许诺","v":"search-xxj-许诺"},
{"n":"虞姬","v":"search-xxj-虞姬"},
{"n":"白熙雨","v":"search-xxj-白熙雨"},
{"n":"萧悦儿","v":"search-xxj-萧悦儿"},
{"n":"林晓雪","v":"search-xxj-林晓雪"},
{"n":"苡琍","v":"search-xxj-苡琍"}
]
},
{
"key":"cateId",
"name":"麻豆女优",
"value":[
{"n":"全部","v":""},
{"n":"蔷薇","v":"search-xxj-蔷薇"},
{"n":"米亚","v":"search-xxj-米亚"},
{"n":"兰心洁","v":"search-xxj-兰心洁"},
{"n":"小影","v":"search-xxj-小影"},
{"n":"Aida","v":"search-xxj-Aida"},
{"n":"赖畇希","v":"search-xxj-赖畇希"},
{"n":"小桃","v":"search-xxj-小桃"},
{"n":"cola醬","v":"search-xxj-cola醬"},
{"n":"绯丽","v":"search-xxj-绯丽"},
{"n":"白思吟","v":"search-xxj-白思吟"},
{"n":"藤田美绪","v":"search-xxj-藤田美绪"},
{"n":"娜娜","v":"search-xxj-娜娜"},
{"n":"静静","v":"search-xxj-静静"}
]
},
{
"key":"cateId",
"name":"麻豆女优",
"value":[
{"n":"全部","v":""},
{"n":"黄雪纯","v":"search-xxj-黄雪纯"},
{"n":"赵雅琳","v":"search-xxj-赵雅琳"},
{"n":"伊琬琳","v":"search-xxj-伊琬琳"},
{"n":"琪琪","v":"search-xxj-琪琪"},
{"n":"兮兮","v":"search-xxj-兮兮"},
{"n":"陈美惠","v":"search-xxj-陈美惠"},
{"n":"金巧巧","v":"search-xxj-金巧巧"},
{"n":"苏然","v":"search-xxj-苏然"},
{"n":"陈美琳","v":"search-xxj-陈美琳"},
{"n":"陆思涵","v":"search-xxj-陆思涵"},
{"n":"顾小北","v":"search-xxj-顾小北"},
{"n":"陶子","v":"search-xxj-陶子"},
{"n":"七濑恋","v":"search-xxj-七濑恋"}
]
},
{
"key":"cateId",
"name":"麻豆女优",
"value":[
{"n":"全部","v":""},
{"n":"陈小雨","v":"search-xxj-陈小雨"},
{"n":"董欣","v":"search-xxj-董欣"},
{"n":"吴恺彤","v":"search-xxj-吴恺彤"},
{"n":"羽熙","v":"search-xxj-羽熙"},
{"n":"清沐","v":"search-xxj-清沐"},
{"n":"林襄","v":"search-xxj-林襄"},
{"n":"冬月结衣","v":"search-xxj-冬月结衣"},
{"n":"维里娜","v":"search-xxj-维里娜"},
{"n":"兔小白","v":"search-xxj-兔小白"},
{"n":"神谷怜","v":"search-xxj-神谷怜"},
{"n":"叶子红","v":"search-xxj-叶子红"},
{"n":"小捷","v":"search-xxj-小捷"},
{"n":"美凉子","v":"search-xxj-美凉子"}
]
},
{
"key":"cateId",
"name":"麻豆女优",
"value":[
{"n":"全部","v":""},
{"n":"NANA","v":"search-xxj-NANA"},
{"n":"吳芳宜","v":"search-xxj-吳芳宜"},
{"n":"菲菲","v":"search-xxj-菲菲"},
{"n":"樱桃","v":"search-xxj-樱桃"},
{"n":"吴凯彤","v":"search-xxj-吴凯彤"},
{"n":"橙子","v":"search-xxj-橙子"},
{"n":"王茜","v":"search-xxj-王茜"},
{"n":"李慕儿","v":"search-xxj-李慕儿"},
{"n":"叶一涵","v":"search-xxj-叶一涵"},
{"n":"赵佳美","v":"search-xxj-赵佳美"},
{"n":"千鹤","v":"search-xxj-千鹤"},
{"n":"雪见","v":"search-xxj-雪见"},
{"n":"董小婉","v":"search-xxj-董小婉"}
]
}
],
"search-xxj-苏艾文":[
{
"key":"cateId",
"name":"麻豆女优",
"value":[
{"n":"全部","v":""},
{"n":"陈可心","v":"search-xxj-陈可心"},
{"n":"樱井美里","v":"search-xxj-樱井美里"},
{"n":"黎儿","v":"search-xxj-黎儿"},
{"n":"黎娜","v":"search-xxj-黎娜"},
{"n":"翁雨澄","v":"search-xxj-翁雨澄"},
{"n":"丝丝","v":"search-xxj-丝丝"},
{"n":"李文雯","v":"search-xxj-李文雯"},
{"n":"何苗","v":"search-xxj-何苗"},
{"n":"白若冰","v":"search-xxj-白若冰"},
{"n":"优娜","v":"search-xxj-优娜"},
{"n":"徐夜夜","v":"search-xxj-徐夜夜"}
]
},
{
"key":"cateId",
"name":"麻豆女优",
"value":[
{"n":"全部","v":""},
{"n":"李慕","v":"search-xxj-李慕"},
{"n":"cola醬","v":"search-xxj-cola醬"},
{"n":"橙子","v":"search-xxj-橙子"},
{"n":"苏念瑾","v":"search-xxj-苏念瑾"},
{"n":"罗瑾萱","v":"search-xxj-罗瑾萱"},
{"n":"宁洋子","v":"search-xxj-宁洋子"},
{"n":"白晶晶","v":"search-xxj-白晶晶"},
{"n":"宁静","v":"search-xxj-宁静"},
{"n":"欧妮","v":"search-xxj-欧妮"},
{"n":"吴心语","v":"search-xxj-吴心语"},
{"n":"赖畇希","v":"search-xxj-赖畇希"},
{"n":"吉吉","v":"search-xxj-吉吉"}
]
},
{
"key":"cateId",
"name":"麻豆女优",
"value":[
{"n":"全部","v":""},
{"n":"不见星空","v":"search-xxj-不见星空"},
{"n":"许木学长","v":"search-xxj-许木学长"},
{"n":"绯丽","v":"search-xxj-绯丽"},
{"n":"Stacy","v":"search-xxj-Stacy"},
{"n":"COLA酱","v":"search-xxj-COLA酱"},
{"n":"宸荨樱桃","v":"search-xxj-宸荨樱桃"},
{"n":"艾熙","v":"search-xxj-艾熙"},
{"n":"陆斑比","v":"search-xxj-陆斑比"},
{"n":"赵晓涵","v":"search-xxj-赵晓涵"},
{"n":"梁佳芯","v":"search-xxj-梁佳芯"},
{"n":"苏小小","v":"search-xxj-苏小小"},
{"n":"李琼","v":"search-xxj-李琼"}
]
}
]
}
}