{
"站名":"爱大学",
"主页url":"https://9535.cf",
"请求头": "手机",
"直接播放":"1",
"图片":"data-original=\"&&\"",
"标题":"title=\"&&\"",
"链接":"href=\"&&\"",
"简介":"\"url\":\"http&&.m3u8",
"搜索模式":"1",
"搜索url":"/index.php/vod/search/page/{pg}/wd/{wd}.html",
"搜索图片":"data-original=\"&&\"",
"搜索标题":"title=\"&&\"",
"搜索链接":"href=\"&&\"",
"分类":"日本$1#国产$2#其他$3",
"分类url":"https://9535.cf/index.php/vod/show/{class}id/{cateId}/page/{catePg}.html",
"免嗅":"1",
"筛选":{
"1":[
{
"key":"class",
"name":"剧情",
"value":[
{"n":"全部","v":""},
{"n":"情色","v":"class/class/情色/"},
{"n":"无码","v":"class/无码/"},
{"n":"字幕","v":"class/字幕/"},
{"n":"师生","v":"class/师生/"},
{"n":"制服","v":"class/制服/"},
{"n":"美腿","v":"class/美腿/"},
{"n":"强奸","v":"class/强奸/"},
{"n":"人妻","v":"class/人妻/"},
{"n":"丝袜","v":"class/丝袜/"},
{"n":"调教","v":"class/调教/"},
{"n":"SM","v":"class/SM/"},
{"n":"巨乳","v":"class/巨乳/"},
{"n":"出轨","v":"class/出轨/"},
{"n":"中","v":"class/中/"},
{"n":"伦理","v":"class/伦理/"}
]
}
],
"2":[
{
"key":"class",
"name":"剧情",
"value":[
{"n":"全部","v":""},
{"n":"精品","v":"class/精品/"},
{"n":"主播","v":"class/主播/"},
{"n":"空姐","v":"class/空姐/"},
{"n":"学生","v":"class/学生/"},
{"n":"同事","v":"class/同事/"},
{"n":"娇妻","v":"class/娇妻/"},
{"n":"少妇","v":"class/少妇/"},
{"n":"情侣","v":"class/情侣/"},
{"n":"自拍","v":"class/自拍/"},
{"n":"偷拍","v":"class/偷拍/"},
{"n":"乱伦","v":"class/乱伦/"},
{"n":"群交","v":"class/群交/"},
{"n":"车震","v":"class/车震/"},
{"n":"野战","v":"class/野战/"},
{"n":"调教","v":"class/调教/"},
{"n":"网曝","v":"class/网曝/"},
{"n":"三级","v":"class/三级/"},
{"n":"伦理","v":"class/伦理/"}
]
}
],
"3":[
{
"key":"class",
"name":"剧情",
"value":[
{"n":"全部","v":""},
{"n":"动漫","v":"class/动漫/"},
{"n":"综艺","v":"class/综艺/"},
{"n":"伦理","v":"class/伦理/"},
{"n":"主播","v":"class/主播/"},
{"n":"美","v":"class/美/"},
{"n":"韩","v":"class/韩/"},
{"n":"换脸","v":"class/换脸/"},
{"n":"VR","v":"class/VR/"},
{"n":"女同","v":"class/女同/"},
{"n":"男同","v":"class/男同/"},
{"n":"人妖","v":"class/人妖/"},
{"n":"人兽","v":"class/人兽/"}
]
}
]
}
}