{
"站名":"男人仓库",
"主页url":"https://nanrencangku180.top",
"直接播放":"1",
"图片":"data-original=\"&&\"",
"标题":"alt=\"&&\"",
"链接":"href=\"/info/&&\"",
"链接前缀":"https://nanrencangku180.top/play/",
"简介":"<p>&&</p>",
"搜索模式":"1",
"搜索url":"/search/{wd}/n/{pg}",
"搜索图片":"data-original=\"&&\"",
"搜索标题":"alt=\"&&\"",
"搜索链接":"href=\"/info/&&\"",
"搜索链接前缀":"https://nanrencangku180.top/play/",
"免嗅":"0",
"分类":"国产$158#精品$161#中文字幕$176#大众$164#番号$165#热门$177#91$376",
"分类url":"https://nanrencangku180.top/type/{cateId}/{catePg}"
}