{
"站名":"福利瓶",
"主页url":"https://www.ping5.lol",
//发布 https://www.ping63.cc
"直接播放":"1",
"数组":"<div class=\"img\"&&</div></div>",
"图片":"url('&&')",
"标题":".html\">&&</a>",
"链接":"href=\"&&\"",
"简介":"<p>&&</p>",
"搜索模式":"1",
"搜索url":"/index.php/vod/search/page/{pg}/wd/{wd}.html",
"搜索数组":"<div class=\"img\"&&</div></div>",
"搜索图片":"url('&&')",
"搜索标题":".html\">&&</a>",
"链接":"href=\"&&\"",
"免嗅":"0",
"分类":"国产$1#日韩$2#欧美$3#伦理$4#动漫$13",
"分类url":"https://www.ping5.lol/index.php/vod/type/id/{cateId}/page/{catePg}.html",
"筛选":{
"1":[
{
"key":"cateId",
"name":"类型",
"value":[
{"v":"","n":"全部"},
{"v":"5","n":"精品推荐"},
{"v":"6","n":"国产色情"},
{"v":"7","n":"主播直播"},
{"v":"8","n":"亚洲无码"},
{"v":"9","n":"亚洲有码"},
{"v":"10","n":"中文字幕"},
{"v":"11","n":"巨乳美乳"},
{"v":"12","n":"人妻熟女"},
{"v":"14","n":"强奸乱伦"},
{"v":"15","n":"欧美精品"},
{"v":"16","n":"萝莉少女"},
{"v":"18","n":"成人动漫"},
{"v":"19","n":"自拍偷拍"},
{"v":"20","n":"制服丝袜"},
{"v":"21","n":"口交颜射"},
{"v":"22","n":"日本精品"},
{"v":"23","n":"Cosplay"},
{"v":"24","n":"素人自拍"},
{"v":"35","n":"古装扮演"},
{"v":"36","n":"女优系列"},
{"v":"44","n":"传媒出品"},
{"v":"47","n":"恋腿狂魔"}
]
}
],
"2":[
{
"key":"cateId",
"name":"类型",
"value":[
{"v":"","n":"全部"},
{"v":"48","n":"精品推荐"},
{"v":"49","n":"国产视频"},
{"v":"50","n":"主播直播"},
{"v":"51","n":"日本无码"},
{"v":"52","n":"日本有码"},
{"v":"53","n":"中文字幕"},
{"v":"54","n":"巨乳美乳"},
{"v":"55","n":"熟女人妻"},
{"v":"56","n":"强奸乱伦"},
{"v":"57","n":"欧美精品"},
{"v":"58","n":"少女萝莉"},
{"v":"59","n":"三级伦理"},
{"v":"60","n":"成人动漫"},
{"v":"61","n":"制服丝袜"},
{"v":"62","n":"角色扮演"},
{"v":"63","n":"口交颜射"},
{"v":"64","n":"自拍偷拍"}
]
}
],
"3":[
{
"key":"cateId",
"name":"类型",
"value":[
{"v":"","n":"全部"},
{"v":"65","n":"中文字幕"},
{"v":"66","n":"国产传媒"},
{"v":"67","n":"国产视频"},
{"v":"68","n":"日本有码"},
{"v":"69","n":"日本无码"},
{"v":"70","n":"巨乳美乳"},
{"v":"71","n":"强奸乱伦"},
{"v":"72","n":"成人动漫"},
{"v":"73","n":"欧美激情"}
]
}
],
"4":[
{
"key":"cateId",
"name":"类型",
"value":[
{"v":"","n":"全部"},
{"v":"74","n":"亚洲无码"},
{"v":"75","n":"亚洲有码"},
{"v":"76","n":"欧美情色"},
{"v":"77","n":"中文字幕"},
{"v":"78","n":"动漫卡通"},
{"v":"79","n":"美女主播"},
{"v":"80","n":"人妻熟女"},
{"v":"81","n":"日韩伦理"},
{"v":"82","n":"国产自拍"},
{"v":"83","n":"精选口爆"},
{"v":"84","n":"同性同志"},
{"v":"85","n":"重口味"},
{"v":"86","n":"91大神"},
{"v":"87","n":"AV解说"}
]
}
],
"13":[
{
"key":"cateId",
"name":"类型",
"value":[
{"v":"","n":"全部"},
{"v":"88","n":"国产视频"},
{"v":"89","n":"中文字幕"},
{"v":"90","n":"国产传媒"},
{"v":"91","n":"日本有码"},
{"v":"92","n":"日本无码"},
{"v":"93","n":"欧美无码"},
{"v":"94","n":"强奸乱伦"},
{"v":"95","n":"制服诱惑"},
{"v":"96","n":"主播直播"},
{"v":"97","n":"激情动漫"},
{"v":"98","n":"明星换脸"},
{"v":"99","n":"抖阴视频"},
{"v":"100","n":"女优明星"},
{"v":"102","n":"伦理三级"},
{"v":"103","n":"AV解说"},
{"v":"104","n":"SM调教"},
{"v":"105","n":"萝莉少女"},
{"v":"106","n":"极品媚黑"},
{"v":"108","n":"玩偶姐姐"}
]
}
]
}
}