{
"站名":"苹果影院",
"主页url":"https://www.pgyy51.xyz",
"直接播放":"1",
"数组":"class=\"ff-img\"&&</h5>",
"图片":"data-original=\"&&\"",
"标题":"alt=\"&&\"",
"链接":"href=\"&&\"",
"简介":"<p>&&</p>",
"搜索模式":"1",
"搜索url":"https://www.pgyy51.xyz/vod-search-wd-{wd}-p-{pg}",
"搜索图片":"data-original=\"&&\"",
"搜索标题":"alt=\"&&\"",
"搜索链接":"href=\"&&\"",
"免嗅":"0",
"分类":"国产$guochanjingpin#主播$zhubozhibo#无码$ribenwuma#有码$ribenyouma#欧美$oumeijipin#中字$zhongwenzimu#乱伦$qiangjianluanlun#黑丝$zhifuheisi#美乳$jurumeiru",
"分类url":"https://www.pgyy51.xyz/{cateId}/p{catePg}"
}