{
"站名":"苹果",
"主页url":"https://www.pinggys1.xyz",
"直接播放":"1",
"图片":"src=\"&&\"",
"标题":"title=\"&&\"",
"链接":"href=\"&&\"",
"简介":"<p>&&</p>",
"免嗅":"0",
"分类":"推荐$tuijianshipin#原创$yuanchuangshoufa#国产$guochanjingpin#主播$wanghongzhubo#传媒$chuanmeijuzuo#麻豆$madouchuanmei#91大神$91xianshengdashen#欧美$oumeichengren#有码$av2#美少女$juemeishaonv#中字$zhongwenzimu#动漫$chengrendongman#无码$wumaav#人妻$shunvaiai#巨乳$ac67b22028249bdbb4df2b24fff583c2#制服$zhifuyouhuo",
"分类url":"https://www.pinggys1.xyz/categories/{cateId}/{catePg}[https://www.pinggys1.xyz/categories/{cateId}/]"
}