{
"站名":"麻豆影院",
"主页url":"https://www.mdyy80.top",
"直接播放":"1",
"数组":"class=\"lazy\"&&</div></div>",
"图片":"data-original=\"&&\"",
"标题":".html\">&&</a>",
"链接":"href=\"&&\"",
"简介":"<p>&&</p>",
"搜索模式":"1",
"搜索url":"/search/{wd}/{pg}.html",
"搜索数组":"class=\"lazy\"&&</div></div>",
"搜索图片":"data-original=\"&&\"",
"搜索标题":".html\">&&</a>",
"搜索链接":"href=\"&&\"",
"免嗅":"0",
"分类":"麻豆$madouchuanmei#国产$guochangaoqing#无码$rihanwuma#中字$zhongwenzimu#欧美$oumeixingai#JAV$JAVzhuanqu#主播$wanghongzhubo#PornHub$PornHub#乱伦$qiangjianluanlun#素人$qingchunsuren#熟女$shunvrenqi#动漫$chengrendongman#有码$ribenyouma",
"分类url":"https://www.mdyy80.top/{cateId}/{catePg}.html"
}