{
"站名":"麻豆",
"主页url":"https://madouzx.top",
"直接播放":"1",
"图片":"data-original=\"&&\"",
"标题":"<div class=\"title\">&&</div>",
"链接":"href=\"&&\"",
"简介":"\"url\":\"http&&.m3u8",
"搜索模式":"1",
"搜索url":"/s/nid/1/page/{pg}/sid/1/wd/{wd}/",
"搜索图片":"data-original=\"&&\"",
"搜索标题":"<div class=\"title\">&&</div>",
"搜索链接":"href=\"&&\"",
"免嗅":"1",
"分类":"国产$1#日韩$2#欧美$3#伦理$4#动漫$16",
"分类url":"https://madouzx.top/t/{cateId}-{catePg}/",
"筛选":{
"1":[
{
"key":"cateId",
"name":"类型",
"value":[
{"v":"","n":"全部"},
{"v":"5","n":"国产自拍"},
{"v":"6","n":"主播诱惑"},
{"v":"7","n":"探花约炮"},
{"v":"8","n":"偷拍偷窥"},
{"v":"9","n":"乱伦侵犯"},
{"v":"10","n":"网爆吃瓜"},
{"v":"11","n":"短视频"},
{"v":"12","n":"传媒剧情"}
]
}
],
"2":[
{
"key":"cateId",
"name":"类型",
"value":[
{"v":"","n":"全部"},
{"v":"13","n":"日韩自拍"},
{"v":"14","n":"日韩无码"},
{"v":"15","n":"中文字幕"},
{"v":"17","n":"av解说"},
{"v":"18","n":"换脸明星"},
{"v":"19","n":"无码字幕"},
{"v":"20","n":"有码字幕"}
]
}
],
"3":[
{
"key":"cateId",
"name":"类型",
"value":[
{"v":"","n":"全部"},
{"v":"21","n":"欧美自拍"},
{"v":"22","n":"欧美字幕"},
{"v":"23","n":"重口味"}
]
}
],
"4":[
{
"key":"cateId",
"name":"类型",
"value":[
{"v":"","n":"全部"},
{"v":"29","n":"港台伦理"},
{"v":"30","n":"日韩伦理"},
{"v":"31","n":"欧美伦理"}
]
}
],
"16":[
{
"key":"cateId",
"name":"类型",
"value":[
{"v":"","n":"全部"},
{"v":"26","n":"剧集动漫"},
{"v":"27","n":"3D动漫"},
{"v":"28","n":"次元动漫"}
]
}
]
}
}